ReviewText,Review,ReviewLength,PlayHours,DatePosted,Language,Positive,Negative,Neutral,Compound,Sentiment
game buns unrealistic brother your tell endrick score goal kick straight randomly moment get ball mid line shoot go game buns brother fix game ea remember whos good club rn la liga theres reason bellingham logo team rig everything instagram decide make realistic game rig get tackle time player almsot score goal card anything fix your trash game ea,Not Recommended,420,15.1 hrs on record,Posted: 21 November,en,0.075,0.084,0.841,0.1027,Negative
game really bad make game want win want lose going to lose doest matter many goal score ea going to always platform come release date never fix fast always take age do not even do not game,Not Recommended,243,66.8 hrs on record,Posted: 21 November,en,0.161,0.197,0.642,-0.5709,Negative
i am positive game many thing industryand like well one deserve give chance regret every penny pay gameits trashconnectivity serversserveral crashesgameplayeverything waste moneystick old one offline play friend home etc,Not Recommended,284,14.3 hrs on record,Posted: November 22,en,0.365,0.196,0.439,0.8074,Negative
total trash gamethey do not care player content ban reason let hacker cheater play will not ban ban youea big eas family longer exist world eas child anus do not mothersmay ea entire family ancestor generation perisheasqbrusheasafm,Not Recommended,533,172.6 hrs on record,Posted: November 22,en,0.048,0.336,0.616,-0.9385,Negative
as game as company game every year do not buy want save cpu explode poorly optimize,Not Recommended,130,9.3 hrs on record,Posted: November 22,en,0.16,0.192,0.648,0.09,Negative
do not high spec buy game laggy point unplayability,Not Recommended,80,7.0 hrs on record,Posted: November 22,en,0,0,1,0,Negative
game suck lot bug career mode want use substitute nd time match game will not allow close screen stuck way fix change tactic sheet also many bad news article fit information win game game tell news lose champion league do not buy crap buy fifa something,Not Recommended,346,26.4 hrs on record,Posted: November 22,en,0.219,0.204,0.576,0.2306,Negative
get game birthday gift wish get something different instead game fifa player since last game i have ever buy eaim going to wait okay someone else make different football game trust do not buy game you will not regret you listen,Not Recommended,249,24.5 hrs on record,Posted: November 22,en,0.273,0,0.727,0.9028,Negative
disaster jokelike seriously many year i am even mad anymore disappoint bad ea make itfreezes every match menu even patch lags everywhere do not even need talk gameplayworst fc everrating you are thinking buy do not,Not Recommended,273,226.3 hrs on record,Posted: November 22,en,0,0.379,0.621,-0.9493,Negative
horrible gamemoney waste,Not Recommended,23,9.8 hrs on record,Posted: November 22,en,0,0.863,0.137,-0.743,Negative
trash,Not Recommended,5,146.6 hrs on record,Posted: November 22,en,0,0,1,0,Negative
fun theres lot bug,Recommended,26,20.3 hrs on record,Posted: November 21,en,0.524,0,0.476,0.5106,Negative
keep crashing since minute,Not Recommended,24,6.6 hrs on record,Posted: November 21,en,0,0,1,0,Negative
buy sale friend play pro club everything else suck,Not Recommended,63,4.5 hrs on record,Posted: November 21,en,0.386,0.2,0.414,0.4019,Negative
hate ea much take day get game run honestly do not even know wrong would not launchfor reason fifa problem every game run perfectly fine hate ea,Not Recommended,184,0.9 hrs on record,Posted: November 21,en,0.277,0.242,0.48,0.1164,Negative
online mode especially ultimate team barely playable play every day server awful,Not Recommended,97,20.8 hrs on record,Posted: November 21,en,0.14,0.198,0.661,-0.2212,Negative
worst football game everi think game devs producer never ever watch real football gameif hate football enjoy fc,Not Recommended,119,183.2 hrs on record,Posted: November 21,en,0.123,0.3,0.577,-0.6808,Negative
product refundedthis game badi instal later stick splash screen could not turn oni search tutorial make work didny helpcmon ea good,Not Recommended,161,0.8 hrs on record,Posted: November 21,en,0.127,0,0.873,0.4404,Negative
trash pass trash patch trash game,Not Recommended,40,52.9 hrs on record,Posted: November 21,en,0,0,1,0,Negative
game sense game absolutely i have lose game xg cause shoot striker cannot finish cuz apparently online game absolutely everything riggedthe absolute show i have witness crazyysomehow manage make game bad bad every yearpls please please please please please please waste your moneyy,Not Recommended,327,34.8 hrs on record,Posted: November 21,en,0.234,0.257,0.509,-0.5233,Negative
last football game play fifa mostly play career mode player manager feel like go backwards mode instead improve already new feature feel pointless good feature take away go back play fifa instead game,Not Recommended,295,21.6 hrs on record,Posted: November 21,en,0.365,0,0.635,0.926,Negative
fc experience freeze crash issue start match screen go black text full intro match still appear even match manage start freeze finished load screen anyone know happen first day play fc everything fine ran smoothly second day problem like start appear happen manager career mode player career kick even ultimate team i have try updating several method nothing work please give solution thank,Not Recommended,504,13.7 hrs on record,Posted: November 21,en,0.19,0.1,0.71,0.5481,Negative
get game team rom return game honestly worth itnone problem fix unsurprisingly pass continuously go wrong player time player end receive nowhere near area try pass artificial intelligent player unresponsive leave dry stand oppose team make run occasion game outright go completely formation tackle therefore give ball away opposition game play either way easy way hard make either way boring infuriate fun mp horrible play online season almost everybody pick real madrid barcelona alone suck away fun constantly struggle beat player would otherwise easy beat use mbappe yamal carry themi remove game account may lose money one bad game company world remove smart thing could do buy begin,Not Recommended,951,38.3 hrs on record,Posted: November 21,en,0.192,0.213,0.595,-0.25,Negative
far bad football game do not recommend,Not Recommended,46,519.1 hrs on record,Posted: November 21,en,0,0.529,0.471,-0.6818,Negative
game crash mid champion league final fc ea,Recommended,49,20.3 hrs on record,Posted: November 21,en,0.31,0.214,0.476,0.296,Negative
genuinely bad game i have ever play give chance half price think would good enough least enjoy career mode get something bad disappointing actually ruin gaming together game drop yearly decline level baffle must make bunch dei hire experience make game absolute rubbish game disgrace fifa fan control delay slow player clunky unresponsive slow pace player get run rat defender cpu score ridiculous goal like never actually carve something impressive crap control let get smash top bin passing bad thing i have ever see player team thing make zero sense man break away run winger striker run backwards away goal instead follow simple tap ill never play fifa i am do listen review say buy even let buy crap even though hours i am go beg steam refund i have play fifa since every single one first time give hr usually play game x minimum i am uninstalling crap ea,Not Recommended,1151,15.1 hrs on record,Posted: November 21,en,0.14,0.221,0.639,-0.9519,Negative
bad expect honest could not even tell gameplay well bad last year due internet issue incessant stutter happen without internet error symbol roommate play xbox one series x play together game play fine pc version almost unplayablein additionwhen play pro club restart game nonstopafter match error occur will not allow next match quit match instead able rejoin league lobby rush lobbyif join league lobby decide back adjust player fc let rejoin lobby restartif join someone rush lobby restart order join different one accept invitei find post ea forum describe exact issue comment agreement go back game release basically people still comment try test solution ea rep reply posttoday get saw update look okay immediately stuttering insufferable literally understand ea manage poorlydont buy,Not Recommended,1014,39.0 hrs on record,Posted: November 21,en,0.28,0.086,0.635,0.9655,Negative
microtransactions galore sure i am addict game half time fail launch run super hardware issue ult team grind hard ever drive microtransactions throat keep meta game suck,Not Recommended,233,89.5 hrs on record,Posted: November 21,en,0.177,0.223,0.6,-0.1531,Negative
cave buy eafc could not wait okay fifa anymore bad mistake i have ever make buy game great release yet month update kill game thing happens every year save headache rage broken controller wait okay fifa ea seriously investigate,Not Recommended,286,16.1 hrs on record,Posted: November 21,en,0.127,0.387,0.486,-0.9191,Negative
joke game blatant copy paste last year input lag actually horrendous apparently reach division last year get put straight div i have get team common bronze playershow suppose compete credit card virgin team full icon mbappe,Not Recommended,271,4.1 hrs on record,Posted: November 21,en,0.181,0.144,0.674,-0.1027,Negative
terrible game recommend play since fifa dissapointment even sale worth,Not Recommended,111,195.7 hrs on record,Posted: November 21,en,0.428,0.195,0.377,0.4019,Negative
bad online pvp game ever see play engine core game make classic canadaindian spaghetti codegameplay heavy clumsy even kf ti core game cannot handle input delay khz time unbelievable server well hit registration awful year lb ball roll register least time per gamethe pull rate low buy fc point future would rather buy coin others do not want company earn pennyat end hope ea break soon future,Not Recommended,579,0.9 hrs on record,Posted: November 21,en,0.141,0.124,0.734,0.0875,Negative
i have put hour game i am do passing horrendous player next look winger metres away instead tackle pathetic l dribbling way attackoh server forget itweekend league dominate opponent scoreline disconnect match result review get result oh bet sorry as didntrivals win result ea server could not process request return ut home log back greet seem disconnect last match give resultobjectives pointless every team icon like give away weekend league reward pathetic rival reward somewhat decent play game casuallyin short play casually do not touch ultimate team unless value sanityim go go touch grass,Not Recommended,794,312.1 hrs on record,Posted: November 21,en,0.209,0.137,0.654,0.8148,Negative
straight bat sometimes give time time thing get betterit notthis unplayable pc unless willing spend wage get win script gamesit full glitch bug every single update make worsemoney back please,Not Recommended,255,238.2 hrs on record,Posted: November 21,en,0.229,0,0.771,0.7906,Negative
game time do not buy do not ever think come back fifa,Not Recommended,70,225.0 hrs on record,Posted: November 21,en,0,0,1,0,Negative
ea fc hand bad game series feel like entire experience script oppose team often get absurd advantage make nearly impossible win time seem like game deliberately stack odds lead onesided match rob fun playingmoreover lag game unbearable whether play online offline game frequently stutter lag make frustrate execute simple play technical issue add sense ea fc either unfinished poorly optimizedoverall incredibly disappointing see beloved franchise produce game feel unpolished unfairthis crazy game cost,Not Recommended,646,24.5 hrs on record,Posted: November 21,en,0.245,0.231,0.524,0.3336,Negative
easily bad fifaea fc game yet gameplay garbage enjoyable pass shoot artificial intelligent terrible hacking pc ridiculous rate next year card collecting game,Not Recommended,168,24.7 hrs on record,Posted: November 21,en,0.232,0.321,0.447,-0.4939,Negative
buy want go insane,Not Recommended,26,28.0 hrs on record,Posted: November 21,en,0.217,0.45,0.333,-0.34,Negative
horrible inconsistent gameplay around insane moneygrab new feature career mode buggy pc put attention ut,Not Recommended,129,107.2 hrs on record,Posted: November 21,en,0,0.323,0.677,-0.7351,Negative
garbage huge input delay do not buy right trust wait update,Not Recommended,64,10.6 hrs on record,Posted: November 21,en,0.15,0.327,0.523,-0.4023,Negative
do not ever buy game even ea give free good go play wait fifa launch new game game regret buying joke ea hope company go,Not Recommended,171,147.0 hrs on record,Posted: November 20,en,0.386,0.079,0.535,0.872,Negative
fix bug please,Recommended,12,44.0 hrs on record,Posted: November 20,en,0.535,0,0.465,0.3182,Negative
game trashdont buy,Not Recommended,24,111.8 hrs on record,Posted: November 20,en,0,0,1,0,Negative
game absolutely garbageworst fifa game there ever farits almost ea try blatantly copy whole fc code script accidentally delete half process mention fps lag spike go crazy year i have never see nothing like fps drop lag spike fc lag spike every second fc sum garbage buy,Not Recommended,336,26.4 hrs on record,Posted: November 20,en,0.067,0.22,0.714,-0.8108,Negative
ea still did not anything make game enjoyable pace course sweating use analog button literally steal money football fan last year focus fut best player quick squad wait fot downfall ea company people ever work recently,Not Recommended,334,22.6 hrs on record,Posted: November 20,en,0.211,0.072,0.717,0.7351,Negative
game bad much bug play hour division player game pas bad new tactic badthe artificial intelligent control every thing many match get dc many thing need fixthis error acceptable even free game imagine error gameea game you must good job fix bugged game,Not Recommended,293,42.2 hrs on record,Posted: November 20,en,0.231,0.206,0.564,0.128,Negative
game controller often does not work work fine menu cannot control player game i am feed lousy company cannot even get controller work properly first time i have encounter crappy game company,Not Recommended,216,6.7 hrs on record,Posted: November 20,en,0,0.244,0.756,-0.8268,Negative
fc fc constantly crash serious technichal problem display game change instant restart order make playable constantly corrupt updating serious game play issue speed game fine one second go pair shape fifas fcs serious issue fc fc start ea decide ditch origin fifa go solo ea platform happen fcs,Not Recommended,446,118.9 hrs on record,Posted: November 20,en,0.077,0.171,0.752,-0.4767,Negative
game horrible,Not Recommended,19,10.9 hrs on record,Posted: November 20,en,0,0.778,0.222,-0.5423,Negative
crashing alot,Not Recommended,15,39.0 hrs on record,Posted: November 20,en,0,0,1,0,Negative
bad fifa ever ass game,Not Recommended,24,96.2 hrs on record,Posted: November 20,en,0,0.7,0.3,-0.7906,Negative
server terrible need read lot forum get rid fps drop gameplay horrible,Not Recommended,91,312.4 hrs on record,Posted: November 20,en,0,0.492,0.508,-0.8271,Negative
worth half price let alone retail price full bug,Not Recommended,48,20.6 hrs on record,Posted: November 20,en,0.174,0.183,0.642,-0.0258,Negative
careare maneger display menu bad do not like player fell slow unplayebel,Not Recommended,88,11.0 hrs on record,Posted: November 20,en,0,0.359,0.641,-0.6818,Negative
bad football game ever make gameplay terrible severe delay heavy control online game pass go random direction tackle behind do not result foul artificial intelligent literally cheat play cpu additionally hacker ruin online experiencewhoever responsible design game resign never apply job game design future create least competently design game aa history shame,Not Recommended,428,471.9 hrs on record,Posted: November 20,en,0.133,0.323,0.543,-0.9325,Negative
play career mode nothing make sense actual ad social medium fake app fake comment even remotely close topic crash insane every time play champion league match game freeze final wistlefix damn game,Not Recommended,238,18.7 hrs on record,Posted: November 20,en,0.21,0.303,0.487,-0.6597,Negative
want share thought ea fc unfortunately experience disappointing due game horrible optimization system consist ryzen x rtx ti gb ram game instal ssd despite barely enjoy game even x resolution okay monitorthe game suffers severe fps drop make unplayable time frequent input delay make control feel unresponsive ruin overall experience game caliber release large publisher expect far good optimizationas fan franchise huge letdown hope ea prioritizes fix issue soon possible,Not Recommended,591,10.4 hrs on record,Posted: November 20,en,0.194,0.268,0.538,-0.8406,Negative
worst fifa game far wish could go back time save money rather buy low quality game full bug cannot change substitution match hate new nonsense tactic make defend super easy read comment section buy fc much good crap still hope maybe come update could fix failure,Not Recommended,347,6.8 hrs on record,Posted: November 20,en,0.261,0.261,0.479,0,Negative
never disappointed spending life spend money stupid stuff beforethe gameplay abysmal feel really clunky slow passing bad shooting worse defensive ability overpower specially artificial intelligent offence non exist do not use current metaplayersi never buy another fc fifa rip,Not Recommended,306,5.9 hrs on record,Posted: November 20,en,0.172,0.234,0.594,-0.6423,Negative
usually thing every year time worse,Not Recommended,44,74.3 hrs on record,Posted: November 20,en,0,0.383,0.617,-0.4767,Negative
tldr game psychologically manipulative skinner box design addictive get much money possible script implement encourage fut player spend money every mode make every game unsatisfying empty experience consider core demographic game child incomefocused manipulation display repugnantdda dynamic difficulty adjustment scipting ridiculous game eas garbage artificial intelligent game want opponent score theyll respond controller input instantly action player you are control easy tackle world class defender either miss bounce ball another opponent outright phase ball even damn player keeper matrixesque dodge shot come directly spill easy catch directly striker outrageous though player switch loose ball contest header game sometimes prevent switch player even manually right stick theyre close enough win loose ball best position win header instead stand star blankly distance opponent win back possession obvious example game cheat achieve outcome want stuff obvious i have able predict goal come many advantage artificial intelligent getsother example year old fullback pace gain otherworldly burst speed get ahead winger pace player frequently deliberately place position lose header even you are instruct opposite opposition defender basically teleport tackle second press shoot box pass frequently go player complete opposite direction one you have command uncontrolled defender randomly clatter someone box give away penalty artificial intelligent outrageous sunday league foul will not give game does not want score anymore scoreline want achieve opposition pass ball around back run way back keeper upon pressure would fine were not team would push hard equaliser break immersion game want score advantage remove oppose player lose iq point ridiculously transparentthese problem extend game mode especially ultimate teamat end day damage experience win do not feel earn since obvious game allow win lose often advantage legitimately outplay game aim recreate football fail spectacularly present core part experience inmatch gameplay neglect add scripting variable difficulty system psychologically manipulate fut player spend money irrevocably destroy experience mode also outrageously anticonsumer know reputation ea sport game microtransaction ridden hellhole predatory degree i have never see consider core demographic game child manipulation like repugnant honestly feel dirty spend money thisdo buy ea sport skinner box prime example everything wrong heinous company,Not Recommended,3123,80.7 hrs on record,Posted: November 19,en,0.174,0.177,0.649,-0.4588,Negative
never ever ever ever play game anymore gameplay ultimate team extremely inconsistent due input delay uninstalled game rd time will not forth time,Not Recommended,172,83.6 hrs on record,Posted: November 19,en,0.093,0.089,0.817,0.0258,Negative
game nice lot bug,Recommended,35,12.3 hrs on record,Posted: November 19,en,0.483,0,0.517,0.4215,Negative
worst football game ever,Not Recommended,21,181.6 hrs on record,Posted: November 19,en,0,0.577,0.423,-0.6249,Negative
fixthe server play ping africa human being animal swing tree tree,Not Recommended,108,28.1 hrs on record,Posted: November 19,en,0.194,0,0.806,0.34,Negative
leave game make stress as freak,Recommended,33,207.9 hrs on record,Posted: November 19,en,0,0.697,0.303,-0.7096,Negative
worest fc ever play,Not Recommended,21,175.5 hrs on record,Posted: November 19,en,0.444,0,0.556,0.34,Negative
game way well eafc atleast new glitch bss still is not worth spending e game still fifa updated version year,Not Recommended,165,25.9 hrs on record,Posted: November 19,en,0.101,0.08,0.819,0.1114,Negative
dog sht game could scripted tackle someone will not work passing atrocious please do not buy game please save money,Not Recommended,122,101.1 hrs on record,Posted: November 19,en,0.315,0,0.685,0.7783,Negative
game keep delay,Not Recommended,24,101.4 hrs on record,Posted: November 19,en,0,0.535,0.465,-0.3182,Negative
bad fifa ever,Not Recommended,22,127.3 hrs on record,Posted: November 19,en,0,0.636,0.364,-0.5423,Negative
game absolute player feel lethargic heavy overall compare others fifas game pace slow dull pace feel completely change physic model game scripting obvious game,Not Recommended,215,47.1 hrs on record,Posted: November 19,en,0,0.182,0.818,-0.5994,Negative
fifa play bad game ever produce ea,Not Recommended,54,152.6 hrs on record,Posted: November 19,en,0.22,0.321,0.459,-0.2732,Negative
product refundedi get hour return fine game overall ui horrible least graphic model look bad last year gameplay passable everything part work i have gotten old longer play game raise blood pressure would not pay sale is not bad,Recommended,319,1.3 hrs on record,Posted: November 19,en,0.112,0.258,0.63,-0.8483,Negative
write month gameand play like football in real lifelike in real lifefootballer like pc football experience online i am watch in real lifefootball yet option since efootball go even backwards bad compare old title i am wait ufl pcbut fcfirst month menu full bugsgameplay bad ever new fc iq addition gameplay seem scripted ever instead freedom tactic customization far less movement player weird defense auto offside trap pathetic work player movement random unpredictable messervers terrible every year every match even play team tactic back back gameplay completely different player fasterslower inconsistent mess make head hurtabsurd amount cheater noticeable well rival fut champ especially draft cannot go past round without meet someone disconnect second match result receive loss score issue year ea nothing itamount mistake unforgivable wrong pack content reward deliver etc etc eafc forum bug report community massive amount post bad careless cod everywhere look atthere much gambling evolution disappointment content absolutely hate idea playstyles usability non meta card bad ever etc etc etcyou do not play qus like game play like football manipulate use profit love football leave ea rot soon ufl fifak correct decision,Not Recommended,1594,194.9 hrs on record,Posted: November 19,en,0.179,0.194,0.627,-0.6801,Negative
every year think surely itll get well year theres way bad fifa xx fc xx every single year without fail wrong i am devastate i am refund period one bad gameplay feel horrible incredibly unrealistic actually bad fc fc least favourite ea football game menu bad clunky complex user friendly slight somehow ruined saving career mode autosaves manual save everything autosaving file overwriting thing constantly save file run one backup safely say hate game passion first time consider terrible even sale regret pick may go back previous version somebody buy game gift would drop friend genuinely cannot think meaningful improvement previous version redeem feature definitive bottom barrel stuff make wish hat football football game general did not disappoint ea every yearconsider game masochist,Not Recommended,1025,27.0 hrs on record,Posted: November 19,en,0.213,0.249,0.538,-0.8063,Negative
terrible usual good since fifa,Not Recommended,38,6.7 hrs on record,Posted: November 19,en,0.322,0.344,0.333,-0.0516,Negative
will not start hit launch freeze pc crash whole thing i have gotten bsod time restart whole pc get run every fifa except itll crash computer,Not Recommended,195,2.3 hrs on record,Posted: November 19,en,0.039,0.279,0.682,-0.8126,Negative
bad version ever full glitch stupid gameplay bad artificial intelligent say bad fifa since last year,Not Recommended,98,340.2 hrs on record,Posted: November 19,en,0.108,0.498,0.394,-0.8979,Negative
fifa bad fifa time laggy time does not get good mechanic feel slow laggier good game you want buy game would suggest throw euro burn buy laggy game,Not Recommended,226,12.3 hrs on record,Posted: November 19,en,0.039,0.247,0.714,-0.7913,Negative
play since find funny past five game unchanging piece garbage never life experience game bad last title game year year nothing new run old piece garbage code old bug problem previous five game also suffer would never recommend buy game anyone you are look good football game go play football manager instead give vastly good experience good part company does not even care bad game release do not think theyve even test check bug issue game take forever open crash time verdict do not buy waste money time,Not Recommended,693,2.0 hrs on record,Posted: November 19,en,0.178,0.181,0.641,-0.3195,Negative
instead fix bug improve game build new feature make game even broken football game something different football recommend buy game regretful,Not Recommended,191,31.3 hrs on record,Posted: November 19,en,0.19,0.211,0.599,-0.1531,Negative
bad previous edition fifa ea fc would rather drink pint jet fuel watch paint dry rest life do not buy youl regret,Not Recommended,131,33.1 hrs on record,Posted: November 19,en,0.09,0.135,0.774,-0.2887,Negative
time waste,Not Recommended,11,23.0 hrs on record,Posted: November 19,en,0,0.737,0.263,-0.4215,Negative
sluggish gameplay movement feel worst compare fifa ui worth money fc become fg clown game franchise also face problem game will not start sometimes anticheat take age load,Not Recommended,207,2.3 hrs on record,Posted: November 19,en,0.054,0.268,0.678,-0.8225,Negative
get one bad fifafc game i have ever play yet another game ea,Not Recommended,79,198.4 hrs on record,Posted: November 19,en,0.151,0.22,0.629,-0.2732,Negative
bad gameplay bad menu bad everything save grace game offer rush even worth damn dollarssave money,Not Recommended,132,197.5 hrs on record,Posted: November 19,en,0.262,0.439,0.299,-0.743,Negative
difference fc fc entrance fee play new season ut rush mode utyou access ut three year fifa server turn year lose fc ut squad nov personally already play fc trial epic game buy steam game suggest start ut scratch ea account use thocheaters make love game unsolvable problem ea add anticheat reason add report player cheat probably hard implement line code analyse reported player history detect win min match play ban forever hard pay implement programming languageheads ea wake manager studio rob anticheat need moreover does not work find professional,Not Recommended,780,18.8 hrs on record,Posted: November 19,en,0.136,0.177,0.688,-0.3818,Negative
terrible game year,Not Recommended,20,12.0 hrs on record,Posted: November 19,en,0,0.608,0.392,-0.4767,Negative
bad past fc fifa seriesgameplay get slow player like dark soul equipment load call realistici keep hat fc cash grab new version one might last one,Not Recommended,199,20.8 hrs on record,Posted: November 18,en,0.083,0.117,0.8,-0.25,Negative
bad game do not buy,Not Recommended,17,128.5 hrs on record,Posted: November 18,en,0,0.467,0.533,-0.5423,Negative
bad game ever do not buy please do not give money do not care player know earn money every year,Not Recommended,115,14.7 hrs on record,Posted: November 18,en,0,0.322,0.678,-0.7958,Negative
sorry make game bad like patch make even worse concede goal many freak rebound striker good tackle freaking defendersalso see pick recent stream i am even sure game lose actual good player hackersfix ea play fifa since always use stick ut till august ill quit month come,Not Recommended,366,144.0 hrs on record,Posted: November 18,en,0.197,0.289,0.514,-0.7269,Negative
game play horrible game full bug constant crash worth current half price let alone full retail pricethis expensive card trading game save money buy pack stickersfootball number sport world competition cowboy,Not Recommended,238,291.1 hrs on record,Posted: November 18,en,0.215,0.2,0.585,-0.1027,Negative
cannot play online,Not Recommended,18,26.6 hrs on record,Posted: November 18,en,0,0.504,0.496,-0.2584,Negative
game slow do not play patience problem game destroy life,Not Recommended,82,6.0 hrs on record,Posted: November 17,en,0.153,0.374,0.473,-0.507,Negative
bad installment series,Not Recommended,27,191.0 hrs on record,Posted: November 17,en,0,0.636,0.364,-0.5423,Negative
problem fc buy point,Recommended,22,19.3 hrs on record,Posted: November 17,en,0,0.474,0.526,-0.4019,Negative
shock bad fifa shock issue bad x bad fifa honestly yes lag bad unplayable even play squad battle is not another person annoy announcer rush able turn even audio setting set passing abhorrent inaccurate every cross go ft air ultimate team pack weight bad ever build somewhat decent team take foreveri wait two month game go sale still feel rip i have give negative review past two fifa game various reason good god insanely bad make look like witcher actually worth money i am one idiot try keep playing honestly do not think ill last much long even though i have give hour last two game one bad,Not Recommended,782,25.5 hrs on record,Posted: November 17,en,0.178,0.302,0.52,-0.9711,Negative
crash playing manager career,Not Recommended,29,41.3 hrs on record,Posted: November 17,en,0.277,0.415,0.308,-0.2263,Negative
unbearably bad please do not buy,Not Recommended,34,253.0 hrs on record,Posted: November 17,en,0.235,0.357,0.408,-0.296,Negative
turn game already move th division bronze squad messi ronaldo etc thanks ea thats exactly need idiotic decision ea,Not Recommended,172,71.5 hrs on record,Posted: November 17,en,0.123,0.153,0.723,-0.1779,Negative
utter wake script nonsense,Not Recommended,25,41.0 hrs on record,Posted: November 17,en,0,0.474,0.526,-0.4019,Negative
do not waste money like waste money bad game every yeari buy every fifa game fifa game annoying ever play,Not Recommended,143,16.1 hrs on record,Posted: November 17,en,0.24,0.283,0.477,-0.3063,Negative
black screen crash,Not Recommended,16,102.9 hrs on record,Posted: November 17,en,0,0.574,0.426,-0.4019,Negative
product refundedmaybe one day electronic art fix anticheat get rid hopefully possible start game without hour troubleshoot workarounds reinstalls reboots error fixing refund still,Not Recommended,226,1.4 hrs on record,Posted: November 17,en,0.096,0.153,0.75,-0.1511,Negative
bought game spend almost hour try fix multiple issue launch fail join session controller work controller partially work never even get play gamegot feed request refund worth even discount,Not Recommended,233,1.2 hrs on record,Posted: November 17,en,0.118,0.16,0.722,-0.3476,Negative
prosmusicsconshackerssluggish gameplayno anti cheatthere crossplay market seperate cheater extincts player order sell full pricemobile game look menugreen time finish utter gibberishpack weight price player twice much console promos player everytimei return player fifa adn shock ruin even furtherea care player thing care pocket,Recommended,451,17.2 hrs on record,Posted: November 17,en,0.115,0.219,0.665,-0.7003,Negative
buy greed ea one thing far bad understand make football game fun realism feature make game worse cannot play quick pas player turn slowmotion put ball foot good sim thats suppose gameplay fundamentally bad also server connection feel horrible,Not Recommended,346,93.0 hrs on record,Posted: November 17,en,0.112,0.33,0.558,-0.9029,Negative
everywhere i do not care buy collection,Recommended,48,21.8 hrs on record,Posted: November 17,en,0,0.345,0.655,-0.3875,Negative
game bad,Not Recommended,10,282.2 hrs on record,Posted: November 17,en,0,0.778,0.222,-0.5423,Negative
bad iteration fifa ea fc within last yearsgoalkeepers terrible dribbling terrible pass go wherever tackle foul offside broken genuinely do not understand make football game almost year still get basic right get embarrass pointfor still worth pick key old game you will fun havnt change offline mode like year anyways,Not Recommended,406,120.9 hrs on record,Posted: November 17,en,0.118,0.253,0.629,-0.8316,Negative
awful feel really unfinished frequent crash plain boring ui cannot connect server reason idiotic artificial intelligent bad,Not Recommended,113,1.8 hrs on record,Posted: November 17,en,0.102,0.523,0.375,-0.9074,Negative
animation make player hard actually control,Not Recommended,55,9.1 hrs on record,Posted: November 16,en,0,0.219,0.781,-0.1027,Negative
recommend base last year game still cannot play stutterfest fcfc mile well performancei play career pc cannot give opinion base others complaint fut modeso like career mode mod get buy online aspect go watch fifa content creator first real horror story,Recommended,334,44.9 hrs on record,Posted: November 16,en,0.139,0.195,0.666,-0.4352,Negative
game would get steam rating system nothing change make play experience good play big team career mode suddenly player cannot pas anymore every player magically recover react fast player never pass first time shoot first time career mode player switching atrocious best game garbage always shiny new stuff buy get bad mood every time play game audacity ask euro ill pay maximum euro please buy free give ea good amount money worthless mediocre game,Not Recommended,599,29.0 hrs on record,Posted: November 16,en,0.163,0.2,0.637,-0.1301,Negative
game never load steam deck constant crash start would write game play never get far utter garbage,Not Recommended,116,0.1 hrs on record,Posted: November 16,en,0.119,0.134,0.746,-0.0772,Negative
recommend game anyone unfair matchmaking also script hell sometimes player best sometimes look like theyre play first time football also full cheater course overall ea dosent make good bad,Not Recommended,237,68.9 hrs on record,Posted: November 16,en,0.295,0.299,0.407,-0.296,Negative
loot many stupid bag disbalance,Not Recommended,37,33.4 hrs on record,Posted: November 16,en,0,0.459,0.541,-0.5267,Negative
one bad fifas date play since fifa,Not Recommended,55,155.6 hrs on record,Posted: November 16,en,0.22,0.321,0.459,-0.2732,Negative
ui designer terrible,Not Recommended,24,72.1 hrs on record,Posted: November 16,en,0,0.608,0.392,-0.4767,Negative
bad fifa i have ever play input delay connectivity server gameplay horrible cannot even play game half time cause lag far gameplay bad everyone slow video game stop try make realistic artificial intelligent plain stupid animation cringe dribble bad way like fifa prior perfect could go game suck,Not Recommended,370,146.5 hrs on record,Posted: November 16,en,0.189,0.367,0.445,-0.9217,Negative
game contention one bad football game ever game feels way easy play career legendary difficulty goal score due artificial intelligent mistake like bad pas half eafc far well term gameplay career mode ui one bad ui ever navigation various option feel clunky game feels fine core aspect disappoint try refund fail playtime hour play match time spend set career mode navigating option advice eafc worth even get discount,Not Recommended,557,6.6 hrs on record,Posted: November 16,en,0.203,0.23,0.567,-0.6705,Negative
game big problem start pc buy game steam,Not Recommended,54,65.2 hrs on record,Posted: November 16,en,0,0.278,0.722,-0.4019,Negative
game pass shoot dribble penalty freekicks kick goalkeeper player skill team development programming card gamemodes cross lobs outfit jersey fan everything,Not Recommended,246,13.2 hrs on record,Posted: November 16,en,0.089,0.21,0.7,-0.4767,Negative
slow sluggish gameplay horrendous artificial intelligent unless want play artificial intelligent know go attack run defensive positioning hadnt buy fifa lord gotten bad,Not Recommended,186,62.8 hrs on record,Posted: November 16,en,0.285,0.346,0.369,-0.6486,Negative
trash as game fix idiot,Not Recommended,36,232.9 hrs on record,Posted: November 16,en,0,0.452,0.548,-0.5106,Negative
bad game ever,Not Recommended,13,51.3 hrs on record,Posted: November 16,en,0,0.636,0.364,-0.5423,Negative
game full hack script failed game part sale fail worth single dollar bad,Not Recommended,104,416.5 hrs on record,Posted: November 16,en,0.09,0.486,0.425,-0.8555,Negative
good game make racist,Recommended,25,75.7 hrs on record,Posted: November 15,en,0.326,0.449,0.225,-0.2732,Negative
product refundeda lot people get problem game stop run day able play hour game did not launch anymore look like game finish make mapping problem try fix waisting hour time still will not launch refund,Not Recommended,272,3.5 hrs on record,Posted: November 16,en,0.115,0.179,0.706,-0.4019,Negative
do not waste time buy discount still worth avoid game make sick,Not Recommended,95,66.4 hrs on record,Posted: November 15,en,0.239,0.31,0.451,-0.3111,Negative
horrible game stability wise crash run like unstable connection require frequent restarts,Not Recommended,92,61.6 hrs on record,Posted: November 15,en,0.263,0.408,0.329,-0.4767,Negative
restart game minimum time everyday bug server randomly kill middle online game get dnf rush fun gang,Not Recommended,165,43.7 hrs on record,Posted: November 15,en,0.143,0.204,0.652,-0.34,Negative
every year ea continue disappoint could not even get game launch despite almost hour try various solution nothing work people pay money disappoint badly,Not Recommended,175,0.5 hrs on record,Posted: November 15,en,0.116,0.273,0.611,-0.7099,Negative
fire,Recommended,10,15.0 hrs on record,Posted: November 15,en,0,1,0,-0.34,Negative
unplayable lag insane input delay obvious scripting menu freeze time buy game,Not Recommended,98,175.5 hrs on record,Posted: November 15,en,0.072,0.446,0.482,-0.7351,Negative
piece absolutely ass please waste money excuse fifa game maybe fix know ea probably will not cucks buy as game sale still feel like get scammed feel like game work ea please fix stupid as stupid as jackass as damn game please do not waste money come back ea full cucks actual hard worker oh my god want die update career mode player career awesome online still meh like grus mom would say meh,Recommended,498,22.7 hrs on record,Posted: November 15,en,0.224,0.281,0.495,-0.7956,Negative
suck,Not Recommended,14,213.1 hrs on record,Posted: November 15,en,0,1,0,-0.4404,Negative
illegal real ad game low point game anybody,Not Recommended,83,35.8 hrs on record,Posted: November 15,en,0,0.487,0.513,-0.6908,Negative
one bad game could possibly try artificial intelligent stupid make angry keeper never hold ball even weak shot ever ultimate team pay win game unresponsive try dribble feel like you are try move truck player count insane number bug glitches content reward ultimate team low quality even sbcs far low quality get nothingtldr gameplay terrible even menu grind terrible easily one bad unresponsive game could ever play go play bo something else,Not Recommended,526,237.5 hrs on record,Posted: November 15,en,0.204,0.295,0.502,-0.8625,Negative
like ea fc another product ea subject federal investigation literally scam online mode play fill bot cheat ea clearly discriminate user section put single penny game buy cost buy load ea coin point hope company go bankrupt make decision put behind bar rip people,Not Recommended,382,98.1 hrs on record,Posted: November 15,en,0.182,0.178,0.64,-0.2023,Negative
game unplayable multiplayer constant packet loss lag even pc optimization game sick theres connection issue constant internet stutter least time every match i am ethernet mbs connection buggy hell buy,Not Recommended,264,1.9 hrs on record,Posted: November 15,en,0.065,0.363,0.572,-0.9001,Negative
game break player control heave awful passing defending shoot everything need fix,Not Recommended,102,62.0 hrs on record,Posted: November 14,en,0,0.351,0.649,-0.6597,Negative
bad fifa time do not buy save money mental game drive nut,Not Recommended,80,185.4 hrs on record,Posted: November 14,en,0,0.38,0.62,-0.7293,Negative
say fc consider one bad game series,Not Recommended,62,190.5 hrs on record,Posted: November 14,en,0,0.368,0.632,-0.5423,Negative
crap game long make game ea still cannot figure way controller point game stupid,Not Recommended,121,90.8 hrs on record,Posted: November 14,en,0,0.333,0.667,-0.7184,Negative
canadian make football game joke bloody white blood cell andys need script make game call balanced copy paste game every year one reason thrive co buy abomination game passion football might blind crusty homage,Recommended,263,208.4 hrs on record,Posted: November 14,en,0.127,0.137,0.735,-0.1027,Negative
fine gentleman canada shove fc iq ass forget absolutely disgraceful contentlearn code proper logic sport video game stop greedy store pack bastard,Not Recommended,191,221.2 hrs on record,Posted: November 14,en,0.058,0.429,0.513,-0.891,Negative
dead as game,Not Recommended,11,105.9 hrs on record,Posted: November 13,en,0,0.683,0.317,-0.6486,Negative
bad game,Not Recommended,10,73.9 hrs on record,Posted: November 13,en,0,0.778,0.222,-0.5423,Negative
game honestly bad version ea fc boring contain almost content listen community even though start fifa i am already bore title due lackluster content,Not Recommended,187,108.3 hrs on record,Posted: November 14,en,0.101,0.262,0.638,-0.5859,Negative
hell lose cuz goelkeeper game i am play goalkeeper yoouu,Not Recommended,90,55.5 hrs on record,Posted: November 13,en,0.153,0.465,0.382,-0.7096,Negative
bad game make addict thing,Not Recommended,32,210.6 hrs on record,Posted: November 13,en,0,0.467,0.533,-0.5423,Negative
pay buggy highly recommend anger development,Recommended,65,14.9 hrs on record,Posted: November 12,en,0.25,0.481,0.269,-0.3788,Negative
do not improve bug fix bad,Not Recommended,49,174.2 hrs on record,Posted: November 12,en,0,0.596,0.404,-0.7101,Negative
fix south african server msms cannot even play game pay,Not Recommended,72,43.6 hrs on record,Posted: November 12,en,0,0.3,0.7,-0.3476,Negative
game fckin suck ball,Not Recommended,23,201.0 hrs on record,Posted: November 12,en,0,0.492,0.508,-0.4404,Negative
one bad football game ever make history always end concede goal th minute pass always end go opponent even aim towards matter good play majority game opponent get jammy goal end lose match,Not Recommended,253,163.0 hrs on record,Posted: November 12,en,0.158,0.153,0.69,-0.2023,Negative
awful game keep buy every year,Not Recommended,35,70.3 hrs on record,Posted: November 12,en,0,0.375,0.625,-0.4588,Negative
genuinely beyond cookedmight actually kill series least series know online least career mode really fun still,Not Recommended,132,208.1 hrs on record,Posted: November 12,en,0.161,0.211,0.628,-0.2748,Negative
bad fifa ever play will not buy new one,Not Recommended,47,141.0 hrs on record,Posted: November 11,en,0.186,0.271,0.543,-0.2732,Negative
bad,Not Recommended,21,155.0 hrs on record,Posted: November 11,en,0,1,0,-0.5423,Negative
year year ea keep serve you painfully bad football game late one bad yet like actually try make bad game mechanic completely brokenstill year supposed improvement leave socalled simulation mode feel like tragic joke think could game capture feel real football instead frustrating mess make want pull hair outsprinting feel like run quicksandpassing barely work half time always seem go wrong playercrosses do not even get start like theyve never see real football gamedefence slightly good last year still much fun watch paint dryat point feel like ea scamming you serve broken game year new paint job promise big improvement spoiler are not i am do spending money dumpster fireand,Not Recommended,864,62.6 hrs on record,Posted: November 11,en,0.205,0.212,0.583,-0.4754,Negative
game rubbish fc way well stupid game dribble passing everything game remind fifa mbappe game enjoy game stupid update come ruin everything wish ea listen fan centurion update ruin everything,Not Recommended,291,282.9 hrs on record,Posted: November 11,en,0.221,0.308,0.471,-0.7269,Negative
i have never see defender goalkeeper useless cheater champion do not buy game save your money for freaks sake,Not Recommended,124,366.2 hrs on record,Posted: November 11,en,0.142,0.422,0.436,-0.6931,Negative
game lag everything console least second input lag multiplayer single player lag anything try refund did not allow refund card stuck bug ridden game,Not Recommended,193,4.3 hrs on record,Posted: November 11,en,0,0.364,0.636,-0.8345,Negative
horrendous control support bad fifa ever make rushed obviously script,Not Recommended,76,20.8 hrs on record,Posted: November 11,en,0.159,0.429,0.412,-0.6808,Negative
bad game history ea football game greedy asf company do not care community cannot pack premium card unpackable even store pack maybe spend euro pack maybe pack one two good player greedy company want bankrupt stop buy game,Not Recommended,301,131.1 hrs on record,Posted: November 11,en,0.083,0.326,0.591,-0.9067,Negative
completely unplayable hard crash pc time give try get work able get main menu within minute game brick pc require hard reset make pc come alive againhave request refund redownloading future would recommend buy game actually design pc hot garbage ea churn disappointing expect ea,Not Recommended,383,0.7 hrs on record,Posted: November 11,en,0.095,0.178,0.727,-0.53,Negative
game probably bad ever bad,Not Recommended,37,3.3 hrs on record,Posted: November 10,en,0,0.7,0.3,-0.7906,Negative
play almost fifa franchise game one bad ever full bug stupid mechanic hope repair soonps first negative review,Not Recommended,132,35.2 hrs on record,Posted: November 10,en,0.183,0.367,0.45,-0.743,Negative
opponent take shot anywhere even halfway line ball teleport goal literally bug year football game compare game there nothing new football nothing complicate eliminate bug also weekend really disgust everyone play mbappe loannie pozdrawiam,Not Recommended,330,95.7 hrs on record,Posted: November 10,en,0.069,0.108,0.824,-0.3673,Negative
bad game make ea ever play amount bug insane career mode ut,Not Recommended,83,190.0 hrs on record,Posted: November 10,en,0.136,0.352,0.511,-0.5859,Negative
please do not buy gameit game last yearsit ruin mental health rob genuienly want money back reccomend,Not Recommended,147,118.4 hrs on record,Posted: November 10,en,0.15,0.308,0.542,-0.7003,Negative
bad game i have ever play long time fifa player game progression system you ever get favor fifa god you do not thats person script side always get ball challenge your player go dumb your keeper will not save anything your pass will not accurate your touch would like retired sunday league player your pace will not pacey game absolute bad game i have ever play cannot say enough,Not Recommended,396,141.4 hrs on record,Posted: November 10,en,0.161,0.155,0.684,-0.367,Negative
rage conmtroller go boom,Not Recommended,23,54.8 hrs on record,Posted: November 10,en,0,0.545,0.455,-0.5574,Negative
garbage game does not good packlock balanced game,Not Recommended,60,122.3 hrs on record,Posted: November 10,en,0,0.256,0.744,-0.3412,Negative
utter caters people game bug fill broken generally,Not Recommended,91,100.4 hrs on record,Posted: November 9,en,0,0.307,0.693,-0.4767,Negative
game full bug pro club ultimate team every game mode bad bug able play game row infinite load screen every game way play restart ea fc every match take around min trash game waste money would recommend buy ea fc game future quality team terrible developer garbage every year make game bad instead fix game unbalanced pay win bug become bad release thing care money thousand player suffer bug since release month ago time make post nothing do submit ticket help well zero customer service scaam,Not Recommended,686,43.4 hrs on record,Posted: November 9,en,0.17,0.19,0.641,-0.4939,Negative
give ban,Not Recommended,18,28.7 hrs on record,Posted: November 9,en,0,0.783,0.217,-0.5574,Negative
bad fifa ever,Not Recommended,16,295.7 hrs on record,Posted: November 9,en,0,0.636,0.364,-0.5423,Negative
game bad fifa i have ever play,Not Recommended,35,73.6 hrs on record,Posted: November 9,en,0.242,0.354,0.404,-0.2732,Negative
waste money garbage gameplay awful make complicate weird player style do not know good is not someone high overall good stats playstyle does not match compare low rat player low stats good playstyle game awful solidify fact never buy play fifaeafc ever onto football manager,Not Recommended,383,29.9 hrs on record,Posted: November 9,en,0.062,0.338,0.599,-0.934,Negative
broken artificial intelligent full nosense bug name itthis bad fifa i have ever playedunnecessary animation make even worse ping pong everywhere,Not Recommended,131,303.5 hrs on record,Posted: November 9,en,0.105,0.338,0.557,-0.7717,Negative
negative review bot buy entire fut marketplace drive price bronze manager coin cannot beat either bid low bidding magically rise buy price item total market yet console item crossplay yet share equal market,Not Recommended,284,33.9 hrs on record,Posted: November 9,en,0.058,0.153,0.789,-0.5574,Negative
fc absolute nightmare game constantly plague gamebreaking bug match get stick kickoff halftime match game refuse restart frustrating timewasting mess top gameplay frequently laggy make overall terrible game experience avoid broken game cost,Not Recommended,296,10.7 hrs on record,Posted: November 9,en,0.041,0.365,0.594,-0.9217,Negative
sad see game much potential ruin company greed,Not Recommended,68,359.6 hrs on record,Posted: November 9,en,0,0.658,0.342,-0.8625,Negative
bad game ever do not purchase well buy drug,Not Recommended,45,226.0 hrs on record,Posted: November 8,en,0,0.432,0.568,-0.6501,Negative
game keep glitching does not let play even gameplay horrible scripting insane buy bad fifa ever,Not Recommended,123,33.5 hrs on record,Posted: November 8,en,0,0.494,0.506,-0.8942,Negative
crash every time try load career mode joke game,Not Recommended,50,20.9 hrs on record,Posted: November 8,en,0.185,0.227,0.588,-0.128,Negative
game bad every patch new thing new bug make begin good game ea hard,Not Recommended,111,116.3 hrs on record,Posted: November 8,en,0.154,0.261,0.585,-0.25,Negative
terrible game bad fifa i have play,Not Recommended,41,74.5 hrs on record,Posted: November 8,en,0.2,0.55,0.25,-0.6369,Negative
ingame advertisement single player manager career new low ea anybody unaware recently patch unavoidable ad beat dre home screen single player career mode disguise social feed contribute nothing game crowd already abhorrent ui shockingly greedy touch,Not Recommended,292,104.0 hrs on record,Posted: November 8,en,0,0.318,0.682,-0.9001,Negative
game fc resemble artwork nothing close sport football consistency ea sport company listen demand consumer show lack effort care produce yet another drastically downvoted game content say ill play game i have try patch feel bad player slow delay inconsistency player overpowered artificial intelligent defense mechanism add glitch game keeper cannot save bring keeper multiple time nothing literally even tackle watch player run would recommend get game anyone purchase game also change engine,Not Recommended,626,267.7 hrs on record,Posted: November 8,en,0.142,0.17,0.688,-0.3459,Negative
absolutely terrible game mechanic slow unresponsive clunky artificial intelligent unbalanced clueless fut pay win buy best player buy fut point pointless buy illegal coin yt player promote boring hell toxic affront good mental health stay hell away yes i am shout,Not Recommended,282,271.5 hrs on record,Posted: November 8,en,0.28,0.326,0.394,-0.4927,Negative
bad ea football game ever make play since fifa time lot disappointment ea limit ability set football tactic diffending tactic attack tactic defens line ability edit formaition set favorite defence tactic attack destroyed please bring back soon,Not Recommended,309,93.9 hrs on record,Posted: November 7,en,0.245,0.29,0.465,-0.6705,Negative
game beyond broken constantly randomly freeze fails load game even gotten bad bad verify does not anything either,Not Recommended,143,126.6 hrs on record,Posted: November 7,en,0.044,0.476,0.48,-0.9136,Negative
worst fifa game i have ever play,Not Recommended,27,3.6 hrs on record,Posted: November 7,en,0.229,0.39,0.381,-0.4019,Negative
worst game play beg buy piece,Not Recommended,46,109.3 hrs on record,Posted: November 7,en,0.229,0.39,0.381,-0.4019,Negative
old fifa player since every year game become trash worth euro people keep spend money abomination mental problem waste time try smth else go outside fk girl drink something waste time,Not Recommended,268,2.4 hrs on record,Posted: November 7,en,0.051,0.223,0.726,-0.7506,Negative
bad fifa time game cheeks unbelievable,Not Recommended,53,279.6 hrs on record,Posted: November 7,en,0.194,0.376,0.43,-0.4019,Negative
every year bug pro club ea cannot understand player play pro club lobby glitch multiple time force people reset order fix people get disconnect game start itwhat shame issue many year row,Not Recommended,240,302.9 hrs on record,Posted: November 6,en,0.031,0.146,0.823,-0.6169,Negative
lawzy stupid game even slightly resemle real soccer game look like bad game every aspect artificial intelligent player team nonsense field pass year horrendous play offline artificial intelligent player ridiculous lvl world class almost impossible play almost feel like play v cheater list go main reasonsagain bad game hope next year okay take get rid ea clearly cannot make soccer gamedont buy game,Not Recommended,476,188.5 hrs on record,Posted: November 6,en,0.273,0.259,0.468,-0.1779,Negative
bad fifa time do not buy,Not Recommended,32,132.0 hrs on record,Posted: November 6,en,0,0.412,0.588,-0.5423,Negative
horrible game,Not Recommended,12,278.0 hrs on record,Posted: November 6,en,0,0.778,0.222,-0.5423,Negative
do not believe faith do not play game,Recommended,43,182.8 hrs on record,Posted: November 5,en,0,0.421,0.579,-0.5216,Negative
bad game ever rebound fc year player pass trying to be  pas player left go striker something server lot visual bug game freezez crash menu rush fully afk people ea decide kick pace thing year pace rodri smoke adama pace goalkeeper shoot inside box god trivela finesse outside box go also never play game ping deelay insane,Not Recommended,461,144.9 hrs on record,Posted: November 5,en,0.032,0.201,0.768,-0.8817,Negative
scam,Not Recommended,7,84.8 hrs on record,Posted: November 5,en,0,1,0,-0.5719,Negative
cannot recommend fc simple fact game play horrific state good thing add year rush mode tactic change positive core football game game play extremely bad button delay terrible player movement dribbling refs bad in real lifefc beta free play mechanic place aa price game relevant month,Not Recommended,378,376.6 hrs on record,Posted: November 5,en,0.24,0.279,0.48,-0.5803,Negative
recommend awful game ton bug glitch ea do not want fix fc goal kick glitch still thing pack rig never give anything good pack probability commonly work instant reply often available outrages decision refedit still cannot stop playing piece crap,Not Recommended,294,205.8 hrs on record,Posted: November 5,en,0.086,0.306,0.608,-0.8493,Negative
do not even think play rush get ugly monkey player think play ball time mean good dribble ball entire time bunch jelqing anime dweeb aka club leader,Not Recommended,188,29.2 hrs on record,Posted: November 5,en,0.087,0.222,0.691,-0.538,Negative
waste money hour play launch try many method get work refund give uninstalled never buy ea title,Not Recommended,138,31.6 hrs on record,Posted: November 5,en,0.119,0.139,0.743,-0.1027,Negative
poor performance game lag first half first game input get lock altf cannot play game al cannot get refund post ea technical forum acknowledgement ea extremely poor,Not Recommended,202,28.8 hrs on record,Posted: November 5,en,0,0.316,0.684,-0.8637,Negative
terrible gameplay,Not Recommended,16,82.1 hrs on record,Posted: November 4,en,0,0.756,0.244,-0.4767,Negative
worst football game ever,Not Recommended,21,247.0 hrs on record,Posted: November 4,en,0,0.577,0.423,-0.6249,Negative
stupid game cannot even get verification code sign stick launch screen crap game,Not Recommended,85,29.5 hrs on record,Posted: November 4,en,0,0.353,0.647,-0.7184,Negative
bad iteration game ever gameplay feel laggy slow menu laggy player feel like run mud take forever pass skill etc waste money play awful,Not Recommended,190,105.1 hrs on record,Posted: November 4,en,0.148,0.28,0.572,-0.6597,Negative
striker pace cannot compete defender pace oh my god fc far bad absurd ball physic player constantly collide ball always end opponent favor unbelievable prank i am do fc stay hell away,Not Recommended,267,129.1 hrs on record,Posted: November 4,en,0.16,0.259,0.581,-0.6244,Negative
worst as game i have ever play artificial intelligent suck oh score go lead th minute let run ball net pas team stupid piece ea even dei dumbasses,Not Recommended,199,91.7 hrs on record,Posted: November 4,en,0.143,0.275,0.582,-0.7184,Negative
one bad game i have ever playedcoming previously average player quit fifafc january much spend ut exchange quality game ut flashy addictive content cycle cover horrendous game underneath however fc bad ever physic zero weight player pass glide pitch laughably point animation physic glitch weird gamebreaking mechanic bad theyve ever quite simply game content cycle efootball nobody would play fifafc lose customer life already way quit fc did not even complete trial bad game firm avoid,Not Recommended,646,8.1 hrs on record,Posted: November 4,en,0.049,0.26,0.691,-0.9628,Negative
bad version ea fcfifai really hate game work cannot believe rich company ea make like do not word express regret buy game regret every single cent spend hope never make mistake,Not Recommended,244,92.3 hrs on record,Posted: November 4,en,0.266,0.229,0.505,-0.0816,Negative
i have play every fifa since far bad one,Not Recommended,51,226.2 hrs on record,Posted: November 4,en,0.202,0.294,0.504,-0.2732,Negative
first ever review fifaeafc game i have dedicate player since instillation rack hundred hour across title eafc far bad game franchise ever play may little rant highly encourage fan previous title read review pay absurd cash grab gamelets start jarring issue i have run bug stability every time boot game new audio visual bug appear game simply crash navigate menu definitely do not super computer able run game like rdr cyberpunk etc ultra high mean game run fine does not let get areasmenuscomparing new menu setup eafc title compare fifa one show night day difference user friendly interface menu eafc ugly make chore navigate different tab likely cause game crashi spend time playing career mode fault menu system really shine need adjust team lineup go different menu selection need see team league standing go different menu selection want save game press button nope go find end menu settingsgameplaythe gameplay year atrocious pass run defending simply switch player become complete point frustration make simply pass bring chance ball go completely wrong playerarea field try switch player defend severe input delay often go wrong player longer use thumb stick switch specific player mean you are rely system predictive capabilitycrossing become useless ball inconsistently deliver box often pace send behind player make run ball cpu advance run also become completely useless player make forward run either stop randomly stay offside become strangely hard control receive ball result turnover defend mean chance successful tackle will not even move ball away oppose player want contest player make run nope player full stop stand tacklewhile seem like cool idea control sprint full sprint control actual make dribblingrunning extremely hard predict control speedacceleration attribute player also become useless defender pace easily sprint winger pace dribble movement feel clunky especially skill move dribble seem severe input delay whenever try skillcomparing year instillation played title fifa seem gameplay regress every way possible easy way describe feel play game try shove square peg round holeother misc issuesthe matter license right several serie team mean creation fake alias team like ac milan napoli does not bother much feel like ea sport simply does not care provide good product anymore along name change team theyve give new kit look like year old design make play team career mode online season unattractivethere also seem lack production quality cutscenes game playermanager interview sound design small thing like cleatsboots clack locker room sound awful option interview question have not change year prematch analysis still get player namespositionsperformances wrongsome positivesbanging soundtracksummarythis game stink do not spend even you are good purchase previous year title manually adjust roster studio limitless fund yearly instilations hardly anything change good,Not Recommended,3671,38.8 hrs on record,Posted: November 4,en,0.129,0.147,0.723,-0.9089,Negative
ea literally kill game look good experience seriously play something else even price tag money ultimate team least gameplay bad almost like ea pick win kickoff devs truly do not care improve game theyll update game take away broken thing game proceed add something else thats break cycle point believe thats touch surface game,Not Recommended,434,109.7 hrs on record,Posted: November 4,en,0.189,0.24,0.571,-0.5896,Negative
i have never review game steam god sameworse gameplay last year do not pay fc point good luck get anyone half decent main reason i am reviewing crash say want previous fifaeafc game did not crash sbc start game start game amount dc i have gotten thanks crash ridiculous tldr awful game company do not care anymore last ea football game buy ea game to be honest,Not Recommended,411,114.6 hrs on record,Posted: November 4,en,0.2,0.193,0.607,-0.1109,Negative
make whole new game change workrates work role make game slow good pass cannot fix pass general like also pc server suck bad year prior game definition copy paste tweak str probably bad fifa eafc year come,Not Recommended,265,105.3 hrs on record,Posted: November 4,en,0.114,0.209,0.677,-0.6705,Negative
unresponsive garbage everfeels like do not even control player pass control st touch skillsprobably bad football game ever,Not Recommended,158,75.2 hrs on record,Posted: November 3,en,0.114,0.159,0.727,-0.25,Negative
game make feel thing never felt glitch unrealism make want take head put blender drink see change overall do not play ultimate team chill,Not Recommended,189,90.0 hrs on record,Posted: November 3,en,0.051,0.08,0.868,-0.1867,Negative
terrible scripted game never play online due fanatical lunatic play game play squad battle rebound time rebound cpu unrealistic design buy pack hope good team good will not gameplay terrible player speed get outpace player speed get better player will not helpuntil ea address issue will not buy copy paste every year script gameplay hasnt change year ea cash cow exploit idiot buy pack player think improve experience doesntavoid avoid avoid,Not Recommended,590,3.5 hrs on record,Posted: November 3,en,0.15,0.281,0.569,-0.866,Negative
fire,Recommended,6,48.2 hrs on record,Posted: November 3,en,0,1,0,-0.34,Negative
do not think game worth buy reason think pack open never give anything good call always one side never get advantage unless money pack buy player game make company hat fan also would want know random player pace faster mbappe pace striker,Not Recommended,326,159.9 hrs on record,Posted: November 3,en,0.078,0.125,0.797,-0.2987,Negative
really wish could refund game take long get actual gameplay realize want return defending janky skill move team get ball instantly long ball pace winger catch immediately player run like dummy pass frequently go nowhere near intend play couple fifas far bad do not even want play find cannot return,Not Recommended,403,41.5 hrs on record,Posted: November 3,en,0.138,0.129,0.733,-0.1227,Negative
decide start blatantly script club rush mode thats shame ea really pathetic company charge people buggy piece crap i am angry buy game do not make mistake trust,Not Recommended,217,50.7 hrs on record,Posted: November 3,en,0.053,0.405,0.542,-0.9282,Negative
try patient try fix lag fps slowness whatever fk go game unplayable online season stats ruin quit game onlinei want money back game finish product fit sale pc,Not Recommended,232,46.3 hrs on record,Posted: November 3,en,0.112,0.182,0.706,-0.5267,Negative
pay e see message,Not Recommended,24,104.7 hrs on record,Posted: November 3,en,0,0.412,0.588,-0.1027,Negative
kinda as would like refund ea suck,Not Recommended,34,43.0 hrs on record,Posted: November 3,en,0.221,0.286,0.493,-0.1689,Negative
stuck biginning,Not Recommended,22,101.9 hrs on record,Posted: November 3,en,0,0.667,0.333,-0.25,Negative
handicap pay win maybe bad fifa ever play ruin game example lose game goal corner goal beacause player good team pay ea do not buy game,Not Recommended,176,164.0 hrs on record,Posted: November 3,en,0.228,0.321,0.451,-0.4019,Negative
passing horrendous pace does not matter defender catch regardless choppy laggy regardless pc spec general world fifa year,Not Recommended,134,37.1 hrs on record,Posted: November 2,en,0,0.291,0.709,-0.6334,Negative
fcked every way poor overall design really obnoxious bug around every corner much stop buy ea,Not Recommended,114,268.1 hrs on record,Posted: November 2,en,0,0.398,0.602,-0.8221,Negative
game suck every eafc game suck go continue suck,Not Recommended,59,419.6 hrs on record,Posted: November 2,en,0,0.592,0.408,-0.8271,Negative
player career still terrible,Not Recommended,28,45.2 hrs on record,Posted: November 2,en,0,0.508,0.492,-0.4767,Negative
controller does not work perfect sometimes controller delay sometimes controller does not work online match connection teribble network connection good fc really bad make lose game please fix issue controller connection fc really unplayable,Not Recommended,274,65.7 hrs on record,Posted: November 2,en,0.115,0.266,0.619,-0.7817,Negative
season experience bad game lag game china get decent internet connection ultimate team rival unplayable lag much guess server probably you sth really need improve server season experience mechanic tolerable far speed boost unrealistic,Not Recommended,273,221.2 hrs on record,Posted: November 2,en,0.136,0.192,0.672,-0.3446,Negative
game give acne aid allergy alice wonderland syndrome aiws alzheimers disease anal abscess anal cancer anal itch anal tear anxiety disorder arthritis asthma astigmatism autism autoimmune diseases autobrewert syndrome attention deficit hyperactivity disorder adhd autistic spectrum disorder asd asbestosis bad breath bacterial vaginosis benign prostate hyperplasia bph bipolar disorder body odor bone cancer bone placement disorder bowel cancer bloat brain cancer brain damage brain tumour bronchitis breast cancer candidacy cataracts carpel tunnel syndrome change bowel movement celiac disease cervical cancer chest infection chest pain chicken pox chlamydia chronic fatigue syndrome cf chronic illness cold sore colon cancer coma congenital insensitivity pain conjunctivitis constipation common cold copd cough cripple depression crohn disease corona virus cystic fibrosis dehydration dementia dementia dementia dementia dementia dementia dementia dementia dementia dementia dementia dementia dementia dementia dementia dementia dementia diabetes diarrhea depression syndrome dry mouth earache eat disorder ebola eczema endometriosis epilepsy erectile dysfunction eye cancer eye disorder fatigue fibroid fibromyalgia foreign accent syndrome fart flu food poison fungal nail infection gallbladder cancer gallstone genital herpes gonorrhea gum disease graf disease hallucination hashimotos thyroiditis hay fever hearing loss hepatitis b c e herpes high cholesterol hiv hodgkins disease human werewolf syndrome hutchinsongilford progeria syndrome hpv hypertension immediate bowel syndrome indigestion ingrown toenail itch itchy bottom joint abnormality kidney cancer kidney infection kidney stone leg cramp liver cancer liver disease lung cancer measles mesothelioma mouth cancer nasal sinus cancer nosebleed obesity osteoporosis old man syndrome pancreatic cancer panic disorder parkinson disease personality disorder persistent sexual arousal syndrome prostate cancer radiation poison reactive arthritis restless legs syndrome walking corpse syndrome shingle shortness breath skin cancer sore throat sugar craving sunburn stiff person syndrome stoneman syndrome stomach cancer stroke sexually transmit disease stds toenail fungus tuberculosis tposing syndrome urinary track infection vomit disorder whoop cough yellow fever yeast infection,Not Recommended,2317,2.1 hrs on record,Posted: November 2,en,0.005,0.413,0.581,-0.9995,Negative
buy day ago regret alreadyclashy play bore game server,Not Recommended,82,63.0 hrs on record,Posted: November 2,en,0.182,0.364,0.455,-0.34,Negative
honestly bad game ever play every match literally first minute know go win lose game ball bounce least time around box go concede goal almost every match go concede goal stoppage time way remove role marker beginning game frustrating game scripted unplayable bad euro spend life,Not Recommended,387,125.7 hrs on record,Posted: November 2,en,0.151,0.207,0.641,-0.5267,Negative
buy gameafter year want give go mistake game extremely bad twist full scripted moment bad aido favor avoid gamelife short stress game cause many game chill,Not Recommended,228,233.5 hrs on record,Posted: November 2,en,0.105,0.395,0.5,-0.8998,Negative
gameplay somehow get bad every year point ut even playable manager mode kinda decent new role tactic still plenty bug garbage gameplay,Not Recommended,155,45.3 hrs on record,Posted: November 1,en,0,0.143,0.857,-0.5423,Negative
lot bug fix random middle game crash,Not Recommended,58,136.4 hrs on record,Posted: November 1,en,0,0.31,0.69,-0.4019,Negative
lose,Not Recommended,9,35.9 hrs on record,Posted: November 1,en,0,1,0,-0.4019,Negative
game randomly freeze reason look like everything work does not respond keyboard mouse input anythinggame full glitch offside goal rampart ea focus make reward sbc bad like give loan instead player sell pack money grub shareholdersabsolutely useless company give vulture money,Not Recommended,336,9.8 hrs on record,Posted: November 1,en,0.186,0.175,0.639,-0.1027,Negative
much need say game infuriate horrid see virgil van dijk suplex one player might astronomical crash cheer ea shall endulge apparently i have play another hour nothing change thanks,Not Recommended,222,71.7 hrs on record,Posted: November 1,en,0.144,0.299,0.557,-0.7274,Negative
ea complete utter disgrace allow pro club disentegrate point unplayability year upon year new bug glitch add usual nonsense suffer would think game make single night student billion dollar company eez dizgrace,Not Recommended,259,60.7 hrs on record,Posted: November 1,en,0.048,0.239,0.712,-0.8176,Negative
avid fan franchise pain write review fc deliver immensely disappointing frustrating experience glaring issue abysmal gameplay balance feel like step backward improvement match often decide glare artificial intelligent inconsistency make even basic mechanic feel random unreliable genuinely astonish unrefined game feel year suppose advancementsmoreover hard ignore evident lack regard ea game current state community feedback seem disregard entirely player voice frustration bug balance issue break mechanic yet address cosmetic update monetization strategy regularly prioritize essential gameplay fix blatantly neglect leave core experience poor statein current form fc feel less like polished soccer simulation like cash grab rely fan loyalty without show commitment improve player experience company establish ea disappointing see community treat disregard product leave poor state,Not Recommended,1059,175.1 hrs on record,Posted: November 1,en,0.167,0.268,0.566,-0.9194,Negative
decide take time review wait little chance thourougly play game give opinion base really think spend hour go nothingit sucksthe league get good card premier league laliga promos entirely thoughtless gameplay horrible passing feel sluggish scripting actually insane pace irrelevant might well use goalkeeper winger do not make differencethe battlepass bad almost funny get pack medium quality player spend much time grind entirely worth second battlepass do not even get player theyre loan wtfthis game devoid love actual content even wort buy buck campaign somehow manage even make hud bad labyrinth knossos fifa right shadow former self could potentially have not even make game bad last two one somehow manage make game even bad,Not Recommended,1023,56.4 hrs on record,Posted: October 31,en,0.125,0.185,0.691,-0.8913,Negative
bad fifa ea fc i have ever play start fifa player do not suppose artificial intelligent opponent let blast one game get dump next without change difficulty player pass ball front sprint course lose defence run second artificial intelligent opponent much good reflex frog automatic switching player via l absolutely terrible switch random player one closest actioni could go like hour,Not Recommended,520,60.3 hrs on record,Posted: October 31,en,0.147,0.225,0.628,-0.7856,Negative
worst fifa game yet get lazy lazier every year,Not Recommended,57,103.8 hrs on record,Posted: October 31,en,0,0.623,0.377,-0.872,Negative
input problem ruin gameplay menu nothing left thats unruined,Not Recommended,75,115.2 hrs on record,Posted: October 31,en,0,0.481,0.519,-0.7579,Negative
game still completely riddle bug either introduce version get carry previous version ea lazy bug game year read right decadebelow find list bug affect game completely discourage play game find game break bug game mode game setting keep reset unexpectedly example lob pass set semiassisted want manual edit team sheet add custom change team game game periodically reset custom team sheet default warning notification also explanation happen possible cause allow controller autosleep game input also could cause download updated squad least was not clear cause issue play season setting matchmaking manual control randomly reset assist mean game do not notice assist people hand manual as lose crucial game season playing manager career custom tactic set team reset default every time close game talk game breaking bug,Not Recommended,1177,157.1 hrs on record,Posted: October 31,en,0.096,0.091,0.813,-0.0824,Negative
every year game get bad bad bad cod build top bad cod inconsistent game play ever time you play game want pack simulator place waste money game you game pray gamble addiction hope deep wallet,Not Recommended,242,114.3 hrs on record,Posted: October 31,en,0.243,0.312,0.445,-0.7717,Negative
ever read outrageously negative review pay play make money grub franchise proceed let rob include game never though low self literally ooze self hate,Not Recommended,197,88.3 hrs on record,Posted: October 31,en,0.118,0.408,0.475,-0.8856,Negative
play ea fc thaught game bad game ever meta toxic community cheater ea somehow manage make much bad game game make sick make get depression make anxious much free time move differnt country get friend get nothing play game furrious destroy life play game stop make angry destroy health also make addicted like toxic relationship decent amount self respect please buy,Recommended,494,300.7 hrs on record,Posted: October 31,en,0.224,0.331,0.445,-0.9081,Negative
bad game like last gambling game make want pack still bad luck pay one thing fun pro club last thing servrs many glitch hope ea ruin,Not Recommended,183,331.9 hrs on record,Posted: October 31,en,0.308,0.289,0.403,-0.0516,Negative
buy scam,Not Recommended,21,39.9 hrs on record,Posted: October 30,en,0,0.787,0.213,-0.5719,Negative
ea game course awful,Not Recommended,31,91.3 hrs on record,Posted: October 30,en,0,0.5,0.5,-0.4588,Negative
bad one yet,Not Recommended,12,86.0 hrs on record,Posted: October 30,en,0,0.636,0.364,-0.5423,Negative
bad game history gaming,Not Recommended,29,148.3 hrs on record,Posted: October 30,en,0,0.538,0.462,-0.5423,Negative
company absolute garbage waste money crap hate every moment crap game let go okay make you love futbal,Not Recommended,119,86.4 hrs on record,Posted: October 30,en,0.205,0.393,0.403,-0.6808,Negative
game suck ass lot,Not Recommended,19,32.6 hrs on record,Posted: October 30,en,0,0.762,0.238,-0.7506,Negative
difficult give proper review game could fun butthe pc version game disastrously execute constant crash occasional failure recognize controller since late update game will not start feel cheeky release fc pc does not even run stably cannot say issue occur console joke do not know ea would not recommend buy game full price worth simply insult indie developer pour heart soul game earn euro still produce good work multimilliondollar company,Not Recommended,551,86.8 hrs on record,Posted: October 30,en,0.121,0.163,0.716,-0.5588,Negative
game suck,Not Recommended,13,471.0 hrs on record,Posted: October 30,en,0,0.744,0.256,-0.4404,Negative
th gen cannot get steady fps resolution even drop re low go setting low comparison play game like baulders gate maxed setting okay re literally unplayable single bad port game ever see,Not Recommended,253,40.1 hrs on record,Posted: October 30,en,0.163,0.236,0.601,-0.4588,Negative
game suck as,Not Recommended,16,107.7 hrs on record,Posted: October 29,en,0,0.592,0.408,-0.4404,Negative
horrible gameplay feel completely unresponsive like you are control player pass go random direction power does not matter pass pace does not matter pace defender catch pace attacker,Not Recommended,200,29.5 hrs on record,Posted: October 29,en,0.078,0.3,0.621,-0.7064,Negative
enslaves kbm warrior even controller plug bad possible button map layout ton input delay game freak whenever alttab game also shut pc without say do occasion never game annoy,Not Recommended,276,80.1 hrs on record,Posted: October 29,en,0.064,0.3,0.637,-0.8357,Negative
dead as bad fifa i have play year quit already,Not Recommended,50,35.9 hrs on record,Posted: October 29,en,0.148,0.481,0.37,-0.7506,Negative
head spend game time club game mode like new rush sub game mode fun ton potential game suffers terrible user interface network get hang load screen constantly force altf often problem actually get bad since launch month ago nobody ea seem care often cannot join partieslobbies rush game friend cross behave strangely year feel realistic,Not Recommended,412,128.1 hrs on record,Posted: October 29,en,0.166,0.224,0.611,-0.5086,Negative
possibly bad fifaea fc game play play since fifa fc gameplay near decent shame multi billion company produce something like product,Not Recommended,184,383.4 hrs on record,Posted: October 29,en,0.244,0.221,0.535,-0.0772,Negative
want kill self passing script make vant commit arson,Recommended,70,96.7 hrs on record,Posted: October 29,en,0.246,0.331,0.423,-0.4939,Negative
game bad do not buy,Not Recommended,24,20.3 hrs on record,Posted: October 29,en,0,0.467,0.533,-0.5423,Negative
script real hate game still play everyday get next one,Not Recommended,80,50.7 hrs on record,Posted: October 28,en,0.17,0.262,0.567,-0.3182,Negative
terrible passing incredibly script,Not Recommended,34,24.3 hrs on record,Posted: October 28,en,0,0.508,0.492,-0.4767,Negative
dogsht game could ever waste money,Not Recommended,43,40.9 hrs on record,Posted: October 28,en,0,0.359,0.641,-0.4215,Negative
program suck,Not Recommended,15,179.4 hrs on record,Posted: October 28,en,0,0.744,0.256,-0.4404,Negative
high end laptop every game work perfectly however fc stutter alot smooth initially think may corrupt file error i do not know feel like defect app someone help,Not Recommended,213,60.5 hrs on record,Posted: October 28,en,0.186,0.248,0.566,-0.0798,Negative
barely post review since lose due fact gameplay year feel bad stage cancer genitals could not help write thisive play fifaea fc year game feel like bad one ever animation absolute ddascripting fut make impossible win two game row do not even get start laziness developer make piece garbage since copy paste ea fc different name even bad gameplay every game new different bug appear nowhere do not even think ea fix bug simply do not give fly id rather get hooked fentanyl divorce wife lose job live bridge ever buy ea game ever especially ea fcthanks listen tedtalk,Not Recommended,757,83.0 hrs on record,Posted: October 28,en,0.072,0.188,0.74,-0.9307,Negative
one bad fifa time you do not play fut do not bother get one you play fut also do not get one save sanity broken game,Not Recommended,136,56.1 hrs on record,Posted: October 28,en,0.058,0.376,0.566,-0.8824,Negative
lag gameplay even gps internet speed still take almost second executefor sport game unplayable,Not Recommended,105,176.2 hrs on record,Posted: October 28,en,0,0.156,0.844,-0.34,Negative
buy want get sort heart attack long term mental disases,Not Recommended,64,220.3 hrs on record,Posted: October 28,en,0.105,0.25,0.645,-0.4215,Negative
game do not recommend unless like molest,Not Recommended,49,224.8 hrs on record,Posted: October 28,en,0,0.647,0.353,-0.7446,Negative
new gen console do not buy pc version horrible,Not Recommended,59,7.7 hrs on record,Posted: October 28,en,0,0.304,0.696,-0.5423,Negative
waste money,Not Recommended,12,206.2 hrs on record,Posted: October 28,en,0,0.737,0.263,-0.4215,Negative
could not play one game blackscreen,Not Recommended,37,161.6 hrs on record,Posted: October 27,en,0,0.289,0.711,-0.2584,Negative
bad fiffa ever create game unplayable lose control player ea script whatever want make lose play rival get elite div like nothing go play champ gameplay garbage scream,Not Recommended,238,247.3 hrs on record,Posted: October 27,en,0.25,0.33,0.42,-0.6656,Negative
game horrible ea fix server game play god awful feel like you are mud extremely fast internet every pro club game friend play ping min terrible game terrible server terrible company ea vancouver ashamed money grab franchise become,Not Recommended,299,105.6 hrs on record,Posted: October 27,en,0.215,0.323,0.462,-0.8074,Negative
bad fifa ever,Not Recommended,13,160.9 hrs on record,Posted: October 27,en,0,0.636,0.364,-0.5423,Negative
ea go put ut script your mother your point ugly fifa ever see i am piece ever buy game,Not Recommended,124,9.7 hrs on record,Posted: October 27,en,0,0.163,0.837,-0.5106,Negative
simply bad set triple game,Not Recommended,39,140.9 hrs on record,Posted: October 27,en,0,0.467,0.533,-0.5423,Negative
even bother buy game man,Not Recommended,30,56.6 hrs on record,Posted: October 27,en,0,0.375,0.625,-0.34,Negative
do not like do not buy gameto start gameplay probably bad ever ever experience fifafc game play many many year gameplay slow way easy defend almost impossible attack menu terrible ea push promo pack like crazy save frustration money do not buy game,Not Recommended,320,93.8 hrs on record,Posted: October 27,en,0.14,0.316,0.544,-0.8639,Negative
far bad iteration yet gameplay feel sluggish clunkyas player try move mud pit fut match devolve tossup success depend first pull trivela long finesse shot benefit random ball bounce skill irrelevantthe game also plague cheater pc report useless response always action take radio silencethe menu riddle bug frequently try open objective pack lock menu force restart continueon top referee barely seem function let hard tackle slide little regard locationinside outside box practically freeforalldont buy make joke company focus make money give zero f community gameplay foff ea,Not Recommended,764,193.2 hrs on record,Posted: October 27,en,0.105,0.137,0.758,-0.4939,Negative
anyone want get frusteted every single day life get game pay win game bad servergameplay get worst every year,Not Recommended,144,297.4 hrs on record,Posted: October 27,en,0.181,0.32,0.498,-0.5994,Negative
developer pay attention community many hack glitch still exist loss glitch kick probably bad game put i am still play yes cause i am addict laughing even tho bad,Not Recommended,198,290.1 hrs on record,Posted: October 27,en,0.213,0.274,0.513,-0.34,Negative
title update game keep crashingafter spending much cannot play game,Not Recommended,75,83.8 hrs on record,Posted: October 27,en,0,0.184,0.816,-0.2584,Negative
gameplay feel bad menu buggy slow career mode barely change new thing social medium fee work terribly message create character look like abomination ultimate team still cash grabbing disgust,Not Recommended,255,126.9 hrs on record,Posted: October 27,en,0.116,0.278,0.606,-0.8126,Negative
bad,Not Recommended,15,147.3 hrs on record,Posted: October 27,en,0,1,0,-0.5423,Negative
game full bug controller work screen crash game lot pingand assistancesupport steam ea,Not Recommended,117,33.4 hrs on record,Posted: October 27,en,0,0.184,0.816,-0.4019,Negative
might bad fifa ever play geuniely cannot keep ball whilst feel team possesion even ball make sense someone get rebound one possesion worst game ever play skill gap,Not Recommended,226,243.4 hrs on record,Posted: October 27,en,0.132,0.209,0.659,-0.5859,Negative
absolute waste money casuals poor especially new player never buy shame game football poor poor,Not Recommended,137,86.7 hrs on record,Posted: October 27,en,0.104,0.491,0.406,-0.8606,Negative
game bad,Recommended,13,56.2 hrs on record,Posted: October 27,en,0,0.778,0.222,-0.5423,Negative
do not play game buy part fifa downwards still game did not put mental strain,Not Recommended,118,9.6 hrs on record,Posted: October 27,en,0.071,0.126,0.803,-0.2235,Negative
fifa control good fc passing slow delayed i have change passing setting setting game cannot play want fact fifa play faster good show ea focus series game play,Not Recommended,246,55.8 hrs on record,Posted: October 27,en,0.166,0.263,0.571,-0.1103,Negative
unplayable need leave career mode load every time match end start another one otherwise game freeze million bug i have enter team management make sub could not leave continue match,Not Recommended,192,177.3 hrs on record,Posted: October 26,en,0.041,0.081,0.878,-0.0516,Negative
last fc trash even big onemanger x time bad last yearthis fact enough say game suck,Not Recommended,110,55.2 hrs on record,Posted: October 26,en,0,0.33,0.67,-0.7506,Negative
hate,Not Recommended,6,224.9 hrs on record,Posted: October 26,en,0,1,0,-0.5719,Negative
bad game ever play,Not Recommended,24,62.9 hrs on record,Posted: October 26,en,0.304,0.443,0.253,-0.2732,Negative
bad game ever,Not Recommended,13,215.3 hrs on record,Posted: October 26,en,0,0.636,0.364,-0.5423,Negative
bad server bad connection get ping feel like ruin qualification game champ compensation,Not Recommended,104,290.5 hrs on record,Posted: October 26,en,0.23,0.443,0.328,-0.7351,Negative
input delay real make game unplayable,Not Recommended,44,366.3 hrs on record,Posted: October 26,en,0,0.315,0.685,-0.3182,Negative
play hour game experience everything do not buy game waste time much bug script insane server awful poor connection money put casino become million instead destroy mental health peace,Not Recommended,248,136.9 hrs on record,Posted: October 26,en,0.194,0.289,0.517,-0.6209,Negative
ea launcher game drive crazy first time i am write negative review game well deserve game rarely open sometimes take attempt open crap freeze common single player annoy f since always happen cpu counterattack decides career mode slightly change basically year ago course want play man city liverpool small club like barnsley charlton would hurt hell since player will not able even walk opposite player would crush prime messis prime casillas play burton albion jokeive series edition decide take break fifa think maybe good time return wrong game literally break do not sell money do not bother wait change competitor game would still remain long time,Not Recommended,909,44.5 hrs on record,Posted: October 26,en,0.13,0.188,0.681,-0.8876,Negative
game ban absolute reason game bad fifa ever exist game full hacker gameplay absolute many glitch list go i am ban transfer markt every year bad fifa ever exist,Not Recommended,247,52.4 hrs on record,Posted: October 26,en,0,0.372,0.628,-0.9349,Negative
far absolute bad game ea ever release honestly feel like game still alpha mode hour game gameplay painfully bad cannot begin explain fault game past year bearable year depressingly bad buy game worth truly wish ea care people play game release broken game ever history show bound get even worse year come,Not Recommended,439,245.2 hrs on record,Posted: October 26,en,0.257,0.288,0.455,-0.6749,Negative
constant crash learn year failure,Not Recommended,49,68.5 hrs on record,Posted: October 25,en,0,0.667,0.333,-0.7184,Negative
game horrific could bet money world matter thuram always score rebound keeper save ball thurams direction hwat game,Not Recommended,155,34.7 hrs on record,Posted: October 25,en,0.181,0.186,0.633,-0.2732,Negative
game massive waste money ea accountability state horrid game game benefit idiot love spend money pixel,Not Recommended,123,206.9 hrs on record,Posted: October 25,en,0.259,0.345,0.396,-0.34,Negative
horrific game buggy cannot pas terrible company absolute waste time money buying game fifafc matter,Not Recommended,117,618.1 hrs on record,Posted: October 25,en,0.167,0.329,0.503,-0.6753,Negative
play pc prepare even able play controller still have not gotten controller connect even uninstalling reinstall get game least release fix ea terrible company ashamed,Not Recommended,224,0.6 hrs on record,Posted: October 25,en,0.15,0.194,0.656,-0.34,Negative
somehow get every year i am even exaggerate,Not Recommended,66,42.8 hrs on record,Posted: October 25,en,0,0.211,0.789,-0.1531,Negative
recommend game people suicidal really bring value game every time play game think suicide,Recommended,126,259.3 hrs on record,Posted: October 25,en,0.296,0.352,0.352,-0.5302,Negative
game end storyea happen guysdid guys get lazy guy forget make gamehonestly donate money instead buy ea fc good,Not Recommended,188,62.7 hrs on record,Posted: October 25,en,0.124,0.189,0.687,-0.128,Negative
woman play men football ridiculous completely ruin game woman ft turn penny almost pointless buying men ultimate team game wokery go absolutely bonkers like people do not watch sport womens football therefore zero interest put team make defend impossible idea army maradona esk pony tail size foot know theyre knock nemanja vidic unleashing tony yeboha style thunder bolt anywhere within yard dreadful game,Not Recommended,501,121.4 hrs on record,Posted: October 25,en,0.11,0.127,0.763,-0.3214,Negative
fix your stupid as server,Not Recommended,24,157.3 hrs on record,Posted: October 24,en,0,0.459,0.541,-0.5267,Negative
game ruin life do not buy,Not Recommended,31,114.2 hrs on record,Posted: October 24,en,0,0.432,0.568,-0.5859,Negative
suck ill still buy next one,Not Recommended,31,58.7 hrs on record,Posted: October 24,en,0,0.588,0.412,-0.6908,Negative
manage make game even bad last one,Not Recommended,45,25.8 hrs on record,Posted: October 24,en,0,0.368,0.632,-0.5423,Negative
prosmusicsconshackerssluggish gameplayno anti cheatthere crossplay market seperate cheater extincts player order sell full pricemobile game look menugreen time finish utter gibberishpack weight price player twice much console promos player everytimei return player fifa adn shock ruin even furtherea care player thing care pocket,Not Recommended,451,147.9 hrs on record,Posted: October 24,en,0.115,0.219,0.665,-0.7003,Negative
game suck i do not know fell ultimate team,Not Recommended,62,104.2 hrs on record,Posted: October 24,en,0,0.293,0.707,-0.4404,Negative
dislike gamee,Recommended,23,123.8 hrs on record,Posted: October 24,en,0,0.722,0.278,-0.3818,Negative
worst game ever exit buy free cost bad game fifa history would rather get big black as play game bad could use way torture people would kill play game play game you are probably virgin livin yo mom basement eat doritos weigh kg get bully day school short fat little,Not Recommended,361,62.3 hrs on record,Posted: October 24,en,0.143,0.312,0.545,-0.9371,Negative
game bad game play hate buy game respect do not buy game,Not Recommended,110,107.4 hrs on record,Posted: October 24,en,0.266,0.348,0.386,-0.4019,Negative
freak terrible game nothing much difference fc even worse exactly thing little bit content physic stupid want ruin day go ahead buy shi wish refund game,Not Recommended,188,94.9 hrs on record,Posted: October 24,en,0.102,0.415,0.483,-0.9231,Negative
awful awful game maybe bad i have ever play nothing work hate waste time waste money think mentally ill purely due game,Not Recommended,135,140.7 hrs on record,Posted: October 23,en,0.285,0.348,0.368,-0.5003,Negative
bad optimisationbad systeme ultimate team,Not Recommended,39,99.3 hrs on record,Posted: October 23,en,0,0.467,0.533,-0.5423,Negative
launcher onpar mordern warfare thats,Not Recommended,54,35.0 hrs on record,Posted: October 23,en,0,0.355,0.645,-0.296,Negative
game do not buy,Not Recommended,20,42.2 hrs on record,Posted: October 23,en,0,0,1,0,Negative
game ass inbetween every game restart game ea fix game,Not Recommended,65,63.5 hrs on record,Posted: October 23,en,0,0.28,0.72,-0.5423,Negative
please want buy game wait sale seriously worth retail price bug crash day hopefully future football game competitor unfinished game game rosak,Not Recommended,193,216.2 hrs on record,Posted: October 23,en,0.287,0.154,0.559,0.4215,Negative
cancceerrmy life miserable stupid as game give terminal cancer aid deprive happoiness hornyness as bleed as fix your scripting,Recommended,190,113.9 hrs on record,Posted: October 23,en,0,0.485,0.515,-0.9337,Negative
game every year frustrating mechanic unfair reward fut champion i am disappointed i am delete game right,Not Recommended,128,95.1 hrs on record,Posted: October 23,en,0.285,0.341,0.375,-0.128,Negative
bad fifa i have ever playedplaying experience like dead end pray major gameplay patch,Not Recommended,84,144.4 hrs on record,Posted: October 23,en,0.222,0.361,0.417,-0.6124,Negative
thumb purely fact annoy commentator rush game modeand make bad cannot even turn volume turn commentary still play bug ea know have not fix,Not Recommended,219,20.4 hrs on record,Posted: October 23,en,0.08,0.222,0.698,-0.6461,Negative
shet evey year nerfed pace you play your skill bit proceed give every player amnesia try pass kdb look like live house gas leak cannot rub two brain cell together make pas oh dda yeah obv ever score feel nothing,Not Recommended,298,213.5 hrs on record,Posted: October 22,en,0.156,0.053,0.791,0.5719,Negative
game unplayable glitch does not let play online mode glitch hasnt fix least day also cannot get refund playable play hour absolute steal money do not even know legal,Not Recommended,237,48.2 hrs on record,Posted: October 22,en,0,0.257,0.743,-0.7678,Negative
lot issue game,Not Recommended,21,23.2 hrs on record,Posted: October 22,en,0,0,1,0,Negative
kill mental health do not recommend you spending rm game like fc really make rage lot,Not Recommended,89,38.4 hrs on record,Posted: October 22,en,0.099,0.424,0.476,-0.8477,Negative
menu break buggy gameplay trash aim pass one direction player pass another direction defend artificial intelligent op attack artificial intelligent act like theyve never play football typical trash ea do not waste money also amount micro transaction shove face utterly disgust,Not Recommended,268,159.9 hrs on record,Posted: October 22,en,0.2,0.172,0.628,0.1288,Negative
bad fifa ever die hard fan since fifa purchase game,Recommended,69,111.3 hrs on record,Posted: October 22,en,0.135,0.515,0.351,-0.7579,Negative
even bad fifa bad videogame ever playedi play p pc year genuine mess game play bad ever clunky rebound fest pass do not go anywhere close want switch artificial intelligent defender even work half timethe connection also abysmal pc gameplay soo much smooth p p slow slowmo gameplay ever even pc choppy mess terrible optimizationplease play another game get ea pas trial,Not Recommended,480,8.6 hrs on record,Posted: October 22,en,0.164,0.237,0.599,-0.8271,Negative
first time buying since fifa think enough time pass noticeable improvement make honestly seem like bad game painfully basic ui terrible commentary hopelessly unintuitive gameplay does not seem work properly pcwish never waste money game,Not Recommended,274,27.7 hrs on record,Posted: October 22,en,0.212,0.259,0.529,-0.5216,Negative
bad fifa i have ever play life,Not Recommended,31,46.7 hrs on record,Posted: October 22,en,0.242,0.354,0.404,-0.2732,Negative
piece garbage irritate immensely defender like stare ball come line reason ever do not buy end want break something ea joke ashamed,Not Recommended,219,51.1 hrs on record,Posted: October 22,en,0.209,0.244,0.548,-0.2551,Negative
great brain dead people,Recommended,23,204.7 hrs on record,Posted: October 22,en,0.394,0.413,0.192,-0.0516,Negative
buy bad game want make end life like constant bug ea match fixing make impossible enjoy chance compete spend million unlimited luck nerdgeek nothing else life play game,Not Recommended,251,139.1 hrs on record,Posted: October 22,en,0.311,0.144,0.545,0.6667,Negative
laggy server delay make game unplayable good thing rush mode totally smooth division champ crazy,Not Recommended,117,150.0 hrs on record,Posted: October 21,en,0.285,0.214,0.501,0.3744,Negative
possibly bad fifa game year play fifa since fifa never see awful gameplay keeper cannot pick hold onto ball defender cannot tackle pace does not even exist forward outrun defender however much devs get pay sack shoot wall produce,Not Recommended,290,73.6 hrs on record,Posted: October 22,en,0.163,0.155,0.681,-0.1581,Negative
manual optimization get work desktop laggy stutter lot like rush mode keep lose connection play rush internet game crash time say should not deal thing game cost much money id say wait go sale,Not Recommended,290,72.7 hrs on record,Posted: October 21,en,0.175,0.172,0.653,0.0258,Negative
honestly bad fifa ever input delay maxoptimization poor pc server laggy,Not Recommended,81,87.7 hrs on record,Posted: October 21,en,0.159,0.471,0.37,-0.7096,Negative
theyve do speechless ruin childhood game fifa week game release still lot bug graphic errorsyou make million money game every year employee figure fix simple bug game,Not Recommended,237,407.7 hrs on record,Posted: October 21,en,0,0.128,0.872,-0.5859,Negative
one qworst game i have ever play luife fact cannot get ttwo win row proceed get stick division formonths never buy game passing ass first glaze kid steal tehir motehrs credit card apparantley side gk would make brilliant save dive wrong way striker suck take long grandma go pick mail forver ims bad fifa yet i am speak like every fifa fc release quite like noo one waste money mever bnuy itt could wish couodb returnm game soon buy,Not Recommended,610,179.4 hrs on record,Posted: October 21,en,0.188,0.211,0.601,-0.5223,Negative
hard get match club drop mode,Not Recommended,37,43.4 hrs on record,Posted: October 21,en,0,0.467,0.533,-0.3612,Negative
game crash finish match every match,Not Recommended,40,41.5 hrs on record,Posted: October 21,en,0,0.351,0.649,-0.4019,Negative
game suck yet i am going to keep playing,Not Recommended,43,297.3 hrs on record,Posted: October 21,en,0.168,0.271,0.561,-0.2732,Negative
wait buy game discount do not bother wait is not worth single penny bad game i have ever play forget bad fifa game bad game i have ever spend retail price i have play franchise since already fence fifa figure maybe fc might slight upgrade fc i have massively disappointed bad game entire franchise is not recommend buy i am beg,Not Recommended,413,383.2 hrs on record,Posted: October 21,en,0.092,0.305,0.603,-0.9427,Negative
literally bad ea fcfifa history script unreal think previous one bad wait see one bug lot bug wish would recieve money back completely horrendous sad good game like fifa fifa fifa turn p,Not Recommended,260,84.4 hrs on record,Posted: October 21,en,0.175,0.303,0.523,-0.7968,Negative
bad game ever make does not registr game squad battle crash several time bad oprimization ofcourse always script,Not Recommended,108,152.6 hrs on record,Posted: October 21,en,0,0.468,0.532,-0.9062,Negative
bad fifa time,Not Recommended,21,48.8 hrs on record,Posted: October 21,en,0,0.636,0.364,-0.5423,Negative
simulation gameplay amaze first week update gameplay player slow game is not fun anymorethis last fifa game buy exact thing happen last yearupdate review update game half time load game career mode game get stick load alt f reload,Not Recommended,328,72.3 hrs on record,Posted: October 20,en,0.083,0.064,0.853,0.2018,Negative
ui frequently glitches overlap gameplay twice social menu button sprint override ability run gameplay buggy mess manager career perpetual message tell negotiate player wage term already sign playing month,Not Recommended,282,267.3 hrs on record,Posted: October 20,en,0.126,0.077,0.798,0.1531,Negative
player clunkyconnection badai defend overpoweredyou attack sideslots cheater draft,Not Recommended,104,9.5 hrs on record,Posted: October 20,en,0,0.485,0.515,-0.765,Negative
insane get away price tag poor console port,Not Recommended,62,113.4 hrs on record,Posted: October 20,en,0,0.492,0.508,-0.7003,Negative
horrible game multiple load stuck ut pro club pass inaccurate despite good passing player worst fifafc ever submit complaint did not care lot dumb people keep buy fc point even know game suck,Not Recommended,217,148.4 hrs on record,Posted: October 20,en,0.057,0.416,0.527,-0.9435,Negative
need help heres situation steam account link strange ea account email access way try link different ea account without unlinking strange ea account way see account link steam steam way unlink strange mailnow neither steam ea support help cannot play fc anymore ea app keep tell verify account cannot access strange mail link steam feel like lose game fc forever sad,Not Recommended,485,54.1 hrs on record,Posted: October 20,en,0.105,0.23,0.665,-0.7502,Negative
stupid movement tactical artificial intelligent do not even know late tackle even fix yetwaste moneyy,Not Recommended,90,48.4 hrs on record,Posted: October 20,en,0.155,0.175,0.67,-0.1027,Negative
worst eafcfifa game time save money,Not Recommended,42,180.3 hrs on record,Posted: October 20,en,0.283,0.363,0.354,-0.2263,Negative
get cancer healthy young boythanks ea,Not Recommended,43,35.8 hrs on record,Posted: October 20,en,0.243,0.396,0.36,-0.4019,Negative
game trash controller keep switch keyboard go rival stupid trash game game keep freeze sbc buy new player keep crash you launch does not want maybe try lucky eanext year buy trash,Not Recommended,238,167.8 hrs on record,Posted: October 20,en,0.104,0.191,0.705,-0.5142,Negative
every mechanic game garbage dribbling terrible pass rarely work shooting good player finesse every player feel clunky slow spend much time money game couldve use something productive game design steal money make purchase point pack,Not Recommended,297,254.1 hrs on record,Posted: October 20,en,0,0.214,0.786,-0.8274,Negative
game daily base make want game end everyday wake start day hopeful full life slave behind screen fro ten hour job come home get stretch end universe erling halland day ruin game feel clunky slow i have see well dribble childrens sunday league power shot break game buns actually make want kill,Not Recommended,382,57.9 hrs on record,Posted: October 20,en,0.13,0.138,0.732,-0.5423,Negative
game bad cannot pass shot dribble goalkeeper do not finger catch ball feel like every year game get bad bad ea please fix game thanks,Not Recommended,150,124.6 hrs on record,Posted: October 20,en,0.207,0.282,0.511,-0.5859,Negative
game play bad still way defensive defensive artificial intelligent strong attack artificial intelligent nonexistent constant server issue major input lag awful animation choice plus menu crash load game collect reward finish sbc apply item get point much money ea make game have not solve even basic problem plague game series year,Not Recommended,406,75.3 hrs on record,Posted: October 20,en,0.239,0.258,0.503,-0.3382,Negative
keep rx graphic problem download recent graphic card update could not let play rival would kick game even restart pc launch rival game game worst previous one even though add well cinematic are not well suported graphic card fifa far less buggy make sure good pc run game try lot method try fix bug point ea side,Not Recommended,456,44.1 hrs on record,Posted: October 20,en,0.134,0.13,0.736,-0.1778,Negative
bad game ever play hour pack haaland what the freak gameplay absolutely terrible tf make game far bad version fifa ever,Not Recommended,152,320.6 hrs on record,Posted: October 20,en,0.076,0.419,0.505,-0.8977,Negative
will not start everytime do not buy sake,Not Recommended,38,157.3 hrs on record,Posted: October 20,en,0,0,1,0,Negative
nerf dda completely remove game,Not Recommended,42,35.7 hrs on record,Posted: October 20,en,0,0,1,0,Negative
do not buy piece,Not Recommended,22,52.5 hrs on record,Posted: October 19,en,0,0,1,0,Negative
game incomplete bug play club somehow still restart game everytime match finish frustrating i am problem ton people ea will not even adress companydo buy,Not Recommended,233,54.3 hrs on record,Posted: October 19,en,0.083,0.193,0.724,-0.4939,Negative
amaze angry issue do not play,Recommended,41,41.0 hrs on record,Posted: October 19,en,0.296,0.451,0.253,-0.211,Negative
like rob buy game,Not Recommended,31,168.4 hrs on record,Posted: October 19,en,0.309,0.444,0.247,-0.2732,Negative
game make crash,Recommended,27,49.6 hrs on record,Posted: October 19,en,0,0.574,0.426,-0.4019,Negative
game full hacker rn cannot even ask get win normally quali cannot even qualify cuz piece company give you l dcfrom opponent even you win,Not Recommended,159,233.5 hrs on record,Posted: October 19,en,0.257,0,0.743,0.8225,Negative
game script would prefer kill instead play game one year,Not Recommended,83,96.7 hrs on record,Posted: October 19,en,0.159,0.311,0.53,-0.5106,Negative
game fkg,Not Recommended,19,226.7 hrs on record,Posted: October 19,en,0,0,1,0,Negative
game terrible fifa time pace haland get pace pace ovr defender defence broken buy game make want to kill self game living nightt mare do not buy game give depression make want to beat little kid make break everthing p do not buy game suck,Not Recommended,297,84.3 hrs on record,Posted: October 19,en,0.136,0.254,0.61,-0.8955,Negative
worth money exept ultimate version kinda scam,Recommended,49,52.3 hrs on record,Posted: October 19,en,0.184,0.331,0.485,-0.3626,Negative
preordered game laptop wishing play game still will not let play even update,Not Recommended,98,1.1 hrs on record,Posted: October 19,en,0.401,0,0.599,0.6908,Negative
year think fifafc get way much bad criticism deserve year gameplay bad ever input delay gameplay mechanic slow unbalanced release game is not ready,Not Recommended,208,153.2 hrs on record,Posted: October 19,en,0,0.43,0.57,-0.9233,Negative
purchase ea play say licence like what the freak,Recommended,47,10.0 hrs on record,Posted: October 19,en,0.355,0.21,0.435,0.25,Negative
do not play fc want play fc play fc want kms,Recommended,52,72.7 hrs on record,Posted: October 19,en,0,0.588,0.412,-0.6759,Negative
bad ea fc rush,Not Recommended,16,69.6 hrs on record,Posted: October 19,en,0,0.538,0.462,-0.5423,Negative
another game ea fix script launch game idiot,Not Recommended,68,92.6 hrs on record,Posted: October 19,en,0,0.32,0.68,-0.5106,Negative
cannot even play game online get unable server error even tho server upea sport joke company surely make everything do not change opinioni still cannot play game online give back moneyyou serious corporationyou bunch scammer go bankrupt fine get refund,Not Recommended,340,74.2 hrs on record,Posted: October 19,en,0.136,0.231,0.633,-0.582,Negative
please do not buy retarded game ruin life stress amount full icon team first week game enough give incurable stage lungbrainbone testicular cancer pc also catch fire burn house crisp also develop fear woman play game amount sexual assault receive woman striker defender casually violate big brolic black center back you do not state art internet run ms ping across globe also should not buy delay going to make shove controller as puke throw monitor terminal velocity play game also develop male pattern baldness experience countless seizure heart attack look like year old man cocaineheroinefentanylweedmeth speed addiction overall game make lose everything hold dear lose everything leave nothing nothing psychiatrist tell schizophrenia flare play fc bug skin voice haaland mbappe come wall start play assure case also go bankrupt spend euro pack packed pajor make bite skin rip currently mental hospital manage sneak nintendo play overall experience buy next year,Not Recommended,1309,56.0 hrs on record,Posted: October 18,en,0.154,0.208,0.639,-0.9376,Negative
promise will not enjoy game plz do not buy drug well,Not Recommended,57,154.4 hrs on record,Posted: October 18,en,0.154,0.379,0.468,-0.3322,Negative
people disconnect you get loss,Not Recommended,45,80.6 hrs on record,Posted: October 18,en,0,0.365,0.635,-0.3182,Negative
random woman somehow good messi physically superior lukaku really unnatural hard take seriously,Not Recommended,107,66.6 hrs on record,Posted: October 18,en,0.341,0.18,0.479,0.6151,Negative
good start poor finish,Not Recommended,20,46.6 hrs on record,Posted: October 18,en,0.362,0.388,0.25,-0.0516,Negative
game disgust term fix glitch cannot attack insane defender artificial intelligent enemy enemy attack defense open like prostate exam passing terrible end are not aim goalkeeper either save impossible shot let shot leg yard away cannot believe take year make good eanvm packed haaland,Not Recommended,388,64.9 hrs on record,Posted: October 18,en,0.307,0.229,0.464,0.4888,Negative
bad fifa time save time money mental health buy play game,Not Recommended,86,155.5 hrs on record,Posted: October 18,en,0.327,0.205,0.468,0.2732,Negative
game ridiculous like fc game ridiculousln critical match concede goal bounce ball pass do not go properly bad may find player ground critical position without commit foulso recommend buy,Not Recommended,258,264.7 hrs on record,Posted: October 18,en,0.139,0.289,0.572,-0.5787,Negative
game full bug online mess sweat low division dda people whether opponentits also long commentator rush still break cannot mute hes annoying boomer i have ever hear whoever approve rush commentary deserves fire shoot in my opinion,Not Recommended,271,30.2 hrs on record,Posted: October 18,en,0.053,0.22,0.727,-0.7304,Negative
worst fifa game ever please do not buy gamei repeat please do not buy game theyve worsen dribbling passing bad well get frustated play garbageinstead buy dragon ball spark zero game actually well fk piece se game fk fc fk ea big fk face middle finr,Not Recommended,286,44.1 hrs on record,Posted: October 18,en,0.215,0.179,0.607,-0.2023,Negative
high hope ea sport fc moment hear spanish narrator completely disappointed commentary terriblelike step back fifa feel like choose narrator little understanding sport ruin immersion entirely poor decision seem like cash grab severely diminish experience,Not Recommended,304,11.2 hrs on record,Posted: October 18,en,0.16,0.271,0.569,-0.7523,Negative
please beg do not buy game fkk game developer,Not Recommended,55,190.3 hrs on record,Posted: October 18,en,0.223,0,0.777,0.3182,Negative
last fifa play tell incredible bad compare start visuals dumb artificial intelligent,Not Recommended,110,2.3 hrs on record,Posted: October 18,en,0.267,0.337,0.396,-0.34,Negative
worst fifa passing suck game every game script like fight life every game buy spend money company game bad never touch ea worst comapny make sport game,Not Recommended,215,92.8 hrs on record,Posted: October 18,en,0.061,0.423,0.516,-0.9403,Negative
nobody get finesse shot bad,Not Recommended,30,146.0 hrs on record,Posted: October 18,en,0,0.467,0.533,-0.5423,Negative
get boring fast game sweaty pay win,Not Recommended,41,60.7 hrs on record,Posted: October 18,en,0.33,0.322,0.348,0.2732,Negative
game suck i have reopen game least time every time play bad thing game ass miss game actually call fifa still ass less as,Not Recommended,177,255.9 hrs on record,Posted: October 18,en,0.07,0.436,0.494,-0.9118,Negative
bad fifa ever playedi recommend,Recommended,34,66.9 hrs on record,Posted: October 18,en,0.278,0.389,0.333,-0.25,Negative
ruin life pocket instal,Recommended,37,201.0 hrs on record,Posted: October 17,en,0,0.559,0.441,-0.5859,Negative
still every year i am fail iq test constantly september game glitched script make do not make good really recommend buy bad throw money rubbish bin game make tilt you have never due stupidity even bad ea fc think impossible by the way,Not Recommended,318,93.9 hrs on record,Posted: October 18,en,0.095,0.246,0.659,-0.8494,Negative
last fifa whatever name ever playthey somehow find way destroy beloved franchise even already wasthe gameplay awfulthe pass always intercepteddribbling inexistentthe player turn around really slowlythe artificial intelligent retarted does not make sensedont forget stupid reboundsthey even destroy career mode gameplay yeardont waste time even think get gameah course want blow brain sureother nodont punish crapyou good,Not Recommended,502,131.2 hrs on record,Posted: October 17,en,0.163,0.218,0.618,-0.7327,Negative
bad game ever playedthe defending everything call big patch really absolutley nothing like fr way attack get nerfed ground defending stay op cpu annoying stand infront people attacker nothing something offisde bc automatic offside trap op thanks ea everything get bad bad woudnt wonder real donkey program as game,Not Recommended,445,118.4 hrs on record,Posted: October 17,en,0.043,0.365,0.592,-0.9673,Negative
company does not care community never fix game properly,Not Recommended,68,233.2 hrs on record,Posted: October 17,en,0,0.247,0.753,-0.3875,Negative
mama game bad game history fifa ea must mentally tarded keep downgrade precious fifa someone must get fire game pure definition experience hear single good thing game think good play roblox disgrace game seriously mess every week dumb sht game,Not Recommended,360,151.6 hrs on record,Posted: October 17,en,0.203,0.284,0.513,-0.5719,Negative
bad,Recommended,11,67.1 hrs on record,Posted: October 17,en,0,1,0,-0.5423,Negative
product refundedsame game last bug still therenote stutter micro lag playing single player try everything low extra tweak nvidia control center issue fixedthey make game enjoy stay away,Not Recommended,235,1.9 hrs on record,Posted: October 17,en,0.145,0.188,0.667,-0.128,Negative
amount bug game also main menu insane unplayable,Not Recommended,73,23.9 hrs on record,Posted: October 17,en,0,0.278,0.722,-0.4019,Negative
bad ever fifafc play play manager career keep stuck either half time end game totally cannot continue bug game also rt quick sub function,Not Recommended,165,20.9 hrs on record,Posted: October 17,en,0.158,0.182,0.66,-0.1779,Negative
bad fifa i have ever play,Not Recommended,23,64.8 hrs on record,Posted: October 17,en,0.27,0.393,0.337,-0.2732,Negative
write negative review month ago bad gameplay october st update october th update make bad pass ridiculous overpower powershots are shot outside box op artificial intelligent defend player run blindly offside player role completely useless player unplayable useless do not pas playstyle match quality slow bore feel like artificial intelligent bunker half player player role useless player run game coin toss win bad game recommend buy even sale worth do not touch unless fix game multi billion company bring beta game even mention career mode still terrible even patch update nov th many big issue still fix bad game even worth buck unable fix game christmas boycott game probably even early absolutely unaccebtable right,Not Recommended,1006,175.9 hrs on record,Posted: October 17,en,0.124,0.245,0.631,-0.96,Negative
ill change review negative positive fix issue steampc user restart game every pro club match also know infinite load picture tunnel green eafc logo,Not Recommended,193,124.7 hrs on record,Posted: October 17,en,0.116,0.209,0.675,-0.4404,Negative
awful game lot buggs nothing work properly,Not Recommended,51,74.5 hrs on record,Posted: October 17,en,0,0.333,0.667,-0.4588,Negative
gameplay horrible feel delay like play constant input delay every game,Not Recommended,88,157.3 hrs on record,Posted: October 17,en,0.258,0.426,0.316,-0.4939,Negative
syeet gamedont waste money game,Not Recommended,39,157.1 hrs on record,Posted: October 17,en,0,0.412,0.588,-0.4215,Negative
amaze ea could make bad game already last year simple game world cannot run super computer absolute trash everyone fire pile garbage,Not Recommended,179,65.6 hrs on record,Posted: October 17,en,0.115,0.296,0.589,-0.6753,Negative
game suck as freak do not buy circumstance passing,Not Recommended,58,22.3 hrs on record,Posted: October 17,en,0,0.453,0.547,-0.7003,Negative
another year another drawer fill broken controller,Not Recommended,52,135.5 hrs on record,Posted: October 17,en,0,0.341,0.659,-0.4767,Negative
bad game ever hate soo much buy every year,Recommended,47,99.1 hrs on record,Posted: October 17,en,0,0.507,0.493,-0.802,Negative
game mind sometimes play day sometimes will not load othertimes randomly crash do not know still buy game every year expect different script gameplay game even start trash,Not Recommended,230,178.1 hrs on record,Posted: October 16,en,0.077,0.087,0.836,-0.0772,Negative
make want kill horrible lock onshighly recommend,Recommended,60,182.9 hrs on record,Posted: October 16,en,0.253,0.547,0.2,-0.7506,Negative
lose money game try get dopamine hit would recommend,Recommended,69,150.4 hrs on record,Posted: October 16,en,0.205,0.221,0.574,-0.0516,Negative
outside footshot spam simulator,Not Recommended,28,48.8 hrs on record,Posted: October 16,en,0,0.455,0.545,-0.3612,Negative
bad game ever buy dk make year cannot even pass ball yard fix game afc wit play,Not Recommended,114,62.7 hrs on record,Posted: October 16,en,0.115,0.167,0.718,-0.2732,Negative
disappointing game many bug issue spot daily atp game literally script either win loose per match point outrageous obvious ultimate team crazy pay win whether believe,Not Recommended,209,104.9 hrs on record,Posted: October 16,en,0.195,0.316,0.488,-0.4019,Negative
far big game release ea mean think fc bad game absolutely trash thank god decide rtg mechanic dda mean sake is not worth let alone charge pile crapall bug fc fix nonew mechanic noi do not know manage rerelease game last year worse,Not Recommended,331,72.4 hrs on record,Posted: October 16,en,0.132,0.159,0.71,-0.3365,Negative
pure fifa less bug mistake fc weird unrealistic feel gameplay accurate kinda watch player something completely different press really annoy do not know gotten bad since fc much bad,Not Recommended,244,70.6 hrs on record,Posted: October 16,en,0.155,0.191,0.654,-0.081,Negative
even glitch usual possible ea release game year yet still manage somehow typical anticosumer behavior weve gotten use toactually even bad usual aside standard stuff like able move opponent goal keeper take corner walk protective force field kickoff penalty example hold single button division rival rank match dude manage freeze entire team kickoff pause game hit ball score free goal team literally still stick start formation game also subsequently crash deprive chance comeback reset win streak audacity call quit match early ea stupid anyone still griddy division score first goal match,Not Recommended,824,70.2 hrs on record,Posted: October 16,en,0.117,0.143,0.74,-0.5994,Negative
bad fifa far amount script outrageous gameplay even bad last year you want to buy wait good sale play ultimate team,Not Recommended,132,126.5 hrs on record,Posted: October 16,en,0.209,0.316,0.475,-0.6597,Negative
carreer mode glitched cannot continue play,Not Recommended,38,116.2 hrs on record,Posted: October 16,en,0,0.289,0.711,-0.2584,Negative
game lot bug issue frequently crash feel like unpolished unfinished gamethe release game delay due abundance issue hasi would wait issue fix,Not Recommended,198,97.5 hrs on record,Posted: October 15,en,0.094,0.189,0.717,-0.3612,Negative
stupid game mouse also active train direction randomly changedi like way ball hard steal complicated steal ball enemy,Recommended,160,7.2 hrs on record,Posted: October 15,en,0.168,0.476,0.356,-0.8591,Negative
bad game make ea far every mid game keep get dced fut rival error count loss top hated fc game ever since seperated fifaif one way theyre try make you promote low div guy make insane amount controllersmonitorskeyboards especially table break great sale tactic tho still,Not Recommended,327,324.9 hrs on record,Posted: October 15,en,0.139,0.277,0.585,-0.8288,Negative
career mode worth itfor fut hell naw,Recommended,34,174.0 hrs on record,Posted: October 15,en,0.165,0.4,0.435,-0.5719,Negative
great day yesterday morning realize hey get play div reward upgrade point do back body collision make lose ball player fall get injured your bad day want end theres pack openwould recommend hate life,Recommended,276,299.2 hrs on record,Posted: October 15,en,0.264,0.284,0.452,-0.2732,Negative
horrible game game load tried many different possible solution none work,Not Recommended,88,164.0 hrs on record,Posted: October 15,en,0.155,0.236,0.608,-0.296,Negative
genuinely hope every single person assist create develop release game die horrible death far bad game ever make nothing game consistent pass suck shoot reek dribble does not exist absolute bin game get reward horrible yet people play game clue play get shaft every game cause ea think dda fair reasonable mechanic game like scripting game unbeleaveably horribleif have not buy game dontif have not spent money game dontif game spent money delete,Not Recommended,561,210.4 hrs on record,Posted: October 15,en,0.177,0.261,0.561,-0.8934,Negative
terrible connection quality terrible latency across modesneglect quality game overallweeks still patchthe game play thing usual inconsistent unreliablecrossing painful master opposite last year quick movement around player good thing game opinionthe ui slow sluggishif care pro club drop you are truly terrible experience countless time matchmaking error cannot change tactic til penalty end draw game till two thing actual feature game do not work laughing plus queue one know play position thing go rush moderush mode get repetitive quickly player do not even know who defending is not also do not like commentary well guess tough luck cannot disable without mute whole game laughing highly doubt theyll add mode make appealing thats meeven arena ruin every time reset play camera move ever slowly get back ball ruin play cpu player around also lead motion sickness thanks eaabsolutely recommended,Not Recommended,1088,171.2 hrs on record,Posted: October 15,en,0.145,0.237,0.618,-0.941,Negative
controller input delay controller bug unstable gameplay many,Not Recommended,63,176.9 hrs on record,Posted: October 15,en,0,0.444,0.556,-0.5859,Negative
game crash constantly bad server menu freeze,Not Recommended,47,181.2 hrs on record,Posted: October 15,en,0.105,0.544,0.351,-0.7184,Negative
buggy mess somehow release game last year big mess year wait inevitable sale okay game come do not give ea money,Not Recommended,149,139.2 hrs on record,Posted: October 15,en,0.076,0.201,0.723,-0.4767,Negative
get bad every year do not choice play game every year,Not Recommended,71,182.4 hrs on record,Posted: October 15,en,0,0.381,0.619,-0.6742,Negative
disgust piece crap bad fifa ever,Not Recommended,34,86.2 hrs on record,Posted: October 15,en,0,0.769,0.231,-0.875,Negative
old problem game stutter still last fifaeafc game along obvious scripting new hack hacker make team slow nearly movement another l game,Not Recommended,164,54.5 hrs on record,Posted: October 15,en,0,0.198,0.802,-0.5719,Negative
broken mess year year script nonsense th minute onwards cross do not work usual do not waste time money,Not Recommended,125,84.2 hrs on record,Posted: October 15,en,0.091,0.324,0.585,-0.7156,Negative
bad fifa yet,Not Recommended,12,163.8 hrs on record,Posted: October 14,en,0,0.636,0.364,-0.5423,Negative
worst fifa game bug game crash do not waster money,Not Recommended,64,273.3 hrs on record,Posted: October 14,en,0,0.459,0.541,-0.7783,Negative
pas game horrible as freak,Not Recommended,30,168.9 hrs on record,Posted: October 14,en,0,0.681,0.319,-0.7506,Negative
bad version ea fc ever mechanic feel retarded progress every year get goal game ever previous version tackle do not make sensepassing do not make senseshooting do not make sensegoalkeepers do not make sense,Not Recommended,243,205.3 hrs on record,Posted: October 14,en,0.068,0.176,0.756,-0.6597,Negative
horriblei willingly ignore lot problem lack improvement buy game impulsivelyonce realize cannot change player position pitch manually anymore resulting loss rating player refund could not keep facadethe menu layout also absolutely terrible design,Not Recommended,283,1.1 hrs on record,Posted: October 14,en,0.069,0.305,0.625,-0.8479,Negative
get start probably bad fifa time purchase game unless want depression virtual game give pass proper terrible ball never go want shoot either hit post score rebound goal thuram stupid baguette eat freak cannot shoot ball skill move unusable year animation slow also drain bank account ea suck omm,Not Recommended,403,240.8 hrs on record,Posted: October 14,en,0.102,0.299,0.598,-0.9416,Negative
buy garbage bad write review state dog never bother write review anything life thats bad isthe important thing game gameplay server game awesome astonish fabulousfantastic incredible impressive fkn job make bad gameplayservers know humankind bad thing pay even already pay garbagee id rather play huniepop rest life touch game,Not Recommended,463,30.3 hrs on record,Posted: October 14,en,0.199,0.245,0.555,-0.4878,Negative
buggy fifaeafc ever hell ea manage keep fking year old game even qa team ea,Not Recommended,135,154.9 hrs on record,Posted: October 14,en,0,0.247,0.753,-0.6808,Negative
bad gameplay server ever game need new game update,Not Recommended,61,80.6 hrs on record,Posted: October 14,en,0,0.304,0.696,-0.5423,Negative
may fifaea fc ever play life amount bug game outrageous multi million dollar company do not recommend buy junk game,Not Recommended,155,40.2 hrs on record,Posted: October 14,en,0.098,0.208,0.694,-0.4039,Negative
buy year ea fcwent match score hatrickgot tackle enemy team till get injuredcame home play fifa lose,Recommended,123,75.4 hrs on record,Posted: October 14,en,0.106,0.274,0.619,-0.5859,Negative
genuinely bad fifa ever play,Not Recommended,36,70.5 hrs on record,Posted: October 14,en,0.27,0.393,0.337,-0.2732,Negative
draw distance stutter problem also player blury,Not Recommended,55,109.8 hrs on record,Posted: October 14,en,0,0.485,0.515,-0.5719,Negative
game bad good thing sell coin,Not Recommended,47,227.8 hrs on record,Posted: October 13,en,0.279,0.337,0.385,-0.1531,Negative
much ea pay leave good review fifa blind fan never play game lifefc easily bad version series far could not bad game riddle bug glitches big issue year ea still use potato server know take money never improve terrible garbage gameea fc fc bugglitch ea server,Not Recommended,436,101.7 hrs on record,Posted: October 13,en,0.164,0.27,0.565,-0.6796,Negative
worst football game ever delay bad experience ever,Not Recommended,50,38.4 hrs on record,Posted: October 13,en,0,0.664,0.336,-0.872,Negative
server awful make game unplayable,Not Recommended,37,37.9 hrs on record,Posted: October 13,en,0,0.429,0.571,-0.4588,Negative
good game bad keeper mechanic,Recommended,36,72.6 hrs on record,Posted: October 13,en,0.309,0.372,0.319,-0.1531,Negative
piece ever exist every opponent suck ea scripting whole new level buy ea point rest life win else matter ea make sure lose match every time okay would good use use prostitute game ea thge hell scammer,Not Recommended,318,542.9 hrs on record,Posted: October 13,en,0.234,0.199,0.566,-0.0516,Negative
game button delaythe defender do not anything good you read pas go leggs you manage tackle ball go straight back opponent ultimate team nightmare play club suck day reason disgrace dare ask euro mess ea pay you play joke game,Not Recommended,306,46.1 hrs on record,Posted: October 13,en,0.195,0.235,0.569,-0.4777,Negative
dog game do not play trust,Not Recommended,22,257.4 hrs on record,Posted: October 13,en,0,0.542,0.458,-0.5773,Negative
problem log ultimate team kick fc,Not Recommended,52,141.4 hrs on record,Posted: October 13,en,0,0.351,0.649,-0.4019,Negative
shty ea launcher hard launch game cause ea launcher,Not Recommended,59,54.9 hrs on record,Posted: October 13,en,0,0.149,0.851,-0.1027,Negative
many glitch count across mode literally glitch allow opponent control goalkeeperai intelligent selling point fail deliver somehow bad last yearthe ea clown show must go,Not Recommended,234,81.8 hrs on record,Posted: October 13,en,0.149,0.213,0.638,-0.4767,Negative
imagine oxygen waste living form could make video game actually diddo evet buy shtthe player purchase sht would understand brain orgasm could piritingtoday start screen sht crash progress lose include profilerd class company use torrent,Not Recommended,272,353.6 hrs on record,Posted: October 13,en,0.067,0.195,0.738,-0.6597,Negative
somehow ea manages make series bad bad year truly impressive side give everything move forward tech world,Not Recommended,132,76.4 hrs on record,Posted: October 13,en,0.237,0.267,0.496,-0.2023,Negative
gamethe game disgust suitable play,Not Recommended,58,173.6 hrs on record,Posted: October 13,en,0.258,0.419,0.323,-0.3612,Negative
bad fifa game i have ever play i have play since cross passing dribbling atrocious lot crash whether end rush game simple menu feature work pro club per usual like depth chart game breaking bug oppose team move gk set piece slider setting do not work new tactic system terrible welldo well ea kidding will not,Not Recommended,380,197.7 hrs on record,Posted: October 13,en,0.163,0.141,0.696,-0.128,Negative
worst football game game player do not even denfend attack ea would never try make football game guy ruined day thanks,Not Recommended,151,64.2 hrs on record,Posted: October 13,en,0.184,0.243,0.573,-0.411,Negative
horrible bad gameplay bad menu bad performancewould recommend open pack get nothing know come next pack give icon believe,Not Recommended,153,178.7 hrs on record,Posted: October 13,en,0.082,0.459,0.459,-0.91,Negative
stupid game play long timeapart regular fifa stupidity game put icing cakeif example push forward cdm attack soon pass ball cdm stop run back assign square suppose initiate attack player run away opponent goal tactic system make sense allalso rush interesting new gamemode player understanding game selflessness unfathomable,Not Recommended,431,113.3 hrs on record,Posted: October 13,en,0.084,0.242,0.674,-0.8625,Negative
bad eafc ever play eafc unplayable player fly get slight touch i am get foul ref is not call anything however slightly touch player either yellow red barely warning player pace move slow player pace unbelievablerigged game one advice id give buy bad game could id refund game straight,Not Recommended,381,150.7 hrs on record,Posted: October 13,en,0.076,0.161,0.762,-0.701,Negative
game feel slow asfwhen try turn dribble take long timei could become grandpa player could dribble leave right,Not Recommended,131,1.9 hrs on record,Posted: October 12,en,0,0.066,0.934,-0.0516,Negative
retarded gamefull scriptpoor passeston microtransactions game manipulation get buy ea sport hope headquarters get nuke,Not Recommended,160,43.6 hrs on record,Posted: October 12,en,0.139,0.284,0.577,-0.4588,Negative
game play bad pack game also bad,Not Recommended,51,280.6 hrs on record,Posted: October 12,en,0.179,0.522,0.299,-0.6808,Negative
probably bad game yet,Not Recommended,23,40.4 hrs on record,Posted: October 12,en,0,0.538,0.462,-0.5423,Negative
people make game must go lobotomy fail horribly you constantly restart game bug glitch dda obvious ever good opponent tough tit you is not win id rather shag nan play rubbish,Not Recommended,242,162.0 hrs on record,Posted: October 12,en,0.127,0.275,0.598,-0.7329,Negative
first game ultimate team feel like major improvementon second third game player suddenly slow passing even worsethis game identical fifa bad passing,Not Recommended,184,33.3 hrs on record,Posted: October 12,en,0.096,0.135,0.769,-0.25,Negative
oh my god surprise bad last year,Not Recommended,35,15.5 hrs on record,Posted: October 12,en,0.359,0.299,0.342,-0.0772,Negative
bad game ever waste money life absolute piece ea,Not Recommended,76,38.0 hrs on record,Posted: October 12,en,0,0.474,0.526,-0.743,Negative
game get bad every year,Not Recommended,25,136.9 hrs on record,Posted: October 12,en,0,0.467,0.533,-0.5423,Negative
full cheater do not buy pchere list thing cheater make player cannot run make shot accurate powerful timed finish always green shot even way far spot goal cancel match does not count you win even you ahead score anytime match yes even th minutethese cheat around year devs are not take action report do not get ban see couple day later,Not Recommended,458,146.3 hrs on record,Posted: October 12,en,0.11,0.197,0.693,-0.7682,Negative
bad game i have ever playedthe game shamless scriptingfor example pass pass game impossible make scripting side pass go anywhere playersanother great example gamplay delay press shoot button player randomly start adjust shot long enough defender intercept player coutner attack sideanother great point cpu defend also rig as freak every you will find defender who stay help randomly open lane attacker easily take shot walk cpu mistake try switch player will not able able get controle you will still end beeing unable move towards attackerthose simple thing true alle game issue release game shamless do not give anymore hidding factso one make fun buy unbelivibly frustrating game thats tip iceberg whats wrong game many issue i am probably aware hope game becouse still going to play matter bad,Not Recommended,1168,185.6 hrs on record,Posted: October 12,en,0.174,0.191,0.635,-0.5719,Negative
game still bad still enjoy reason,Recommended,41,29.9 hrs on record,Posted: October 12,en,0.299,0.327,0.374,-0.0772,Negative
big piece ever make trash as ea like always cannot even refund broken game waste money do not waste money time,Not Recommended,142,43.5 hrs on record,Posted: October 12,en,0.183,0.203,0.615,-0.1396,Negative
game bad experience life never ever buy ea fc,Not Recommended,65,176.6 hrs on record,Posted: October 12,en,0,0.304,0.696,-0.5423,Negative
game make question awful awful life decision,Not Recommended,48,210.5 hrs on record,Posted: October 11,en,0,0.545,0.455,-0.7184,Negative
bad last year please ea answer,Not Recommended,51,138.0 hrs on record,Posted: October 11,en,0.235,0.357,0.408,-0.296,Negative
every year get bad yet keep buy game i am dumbass,Not Recommended,51,47.7 hrs on record,Posted: October 11,en,0,0.47,0.53,-0.7964,Negative
gameplay horrible server awful shock might get odd game run smooth likely happen daft oclock nobody cannot play game weekend server cannot hand people play fut champ pay win fifa i have ever play good player ontop input delay actually impossible get input delay every game hahaha wow game,Not Recommended,368,142.9 hrs on record,Posted: October 11,en,0.228,0.347,0.425,-0.6041,Negative
would recommend people control anger,Recommended,45,127.1 hrs on record,Posted: October 11,en,0.272,0.402,0.326,-0.296,Negative
game last year slow paceing broken tactic many bug crash pc glad waste money full version,Not Recommended,121,12.5 hrs on record,Posted: October 11,en,0.127,0.364,0.508,-0.6808,Negative
would love get admins fifa disclose full review ea sport fc game bad try use lt button sprint nerf player get good game think personally bad thing ever fifa game year i have play fifa life bad fifa ever play i have play fifa since fifa ect think bad bad nerf shoot cannot even finese shot anymore anyone purpose nerfing every mechanic game game bad fact divison rival become stupid unfun sweaty load rush battle time teammate glitching automoving do not play automatically make man everygame fix game ea game bad you have manage ruin fun game buy anymore fifa game bought worth food walmart felt like waste money reccomend one buy garbage game ea good ruin game make good one,Not Recommended,947,58.4 hrs on record,Posted: October 11,en,0.179,0.257,0.564,-0.9442,Negative
please do not buy game make cry multiple time break many thing fifa you,Not Recommended,88,36.0 hrs on record,Posted: October 11,en,0.132,0.178,0.69,-0.2023,Negative
bad ea game ever release absolute trash okay hour every eafc fifa title one bad far buy game get gift something give ea money do not care player gameplay care wallet eafc uninstall you will thank later,Not Recommended,293,219.4 hrs on record,Posted: October 11,en,0.147,0.247,0.605,-0.7146,Negative
bad,Recommended,10,66.2 hrs on record,Posted: October 10,en,0,1,0,-0.5423,Negative
terrible game do not buy,Not Recommended,20,29.8 hrs on record,Posted: October 10,en,0,0.437,0.563,-0.4767,Negative
game pay euro garbage cannot play online as server call internet provider say everything fine play game everything fine ea ea mother ea father company need burn please someone go kill ea ceo,Not Recommended,258,15.4 hrs on record,Posted: October 10,en,0.14,0.242,0.618,-0.6454,Negative
sami bagp ula mortii sin familia ta de joc infect,Recommended,42,118.2 hrs on record,Posted: October 10,en,0,0.286,0.714,-0.5574,Negative
game really bad pc stutter lag even though pc run game well,Not Recommended,68,218.1 hrs on record,Posted: October 10,en,0.113,0.456,0.431,-0.7474,Negative
laggy crash everytime slow taste,Not Recommended,40,10.2 hrs on record,Posted: October 10,en,0,0.403,0.597,-0.4019,Negative
game i have playeed freeze everytime load button do not work game half time script gks play like butter smother onto glove game cannot load take century load time load id dead buggy game ea need stop make game get grip totally worth game unbalanced difference fc,Not Recommended,337,172.4 hrs on record,Posted: October 10,en,0.147,0.164,0.689,-0.4601,Negative
hour session atleast hard restarts menu bad nearly every move result game freezing need restart crash game manager career ui also horrendously bad youth player face hideous,Not Recommended,207,191.8 hrs on record,Posted: October 10,en,0,0.423,0.577,-0.9246,Negative
around hour game currently experience issue launch game quite ridiculous week implement fix controller input steam deal start issue annoy say least pay game work properly ever understand game launch issue thats okay another level ea need way well job test issue release game,Not Recommended,415,76.0 hrs on record,Posted: October 10,en,0.106,0.114,0.78,-0.3393,Negative
do not really understand point make new game every year copying paste last year game tweak couple thing call new game stop make menu elaborate run bad slow actual game soccerfutbol run mid match nobody care fan stand crazy b yall put menu put emphasis actual sport game model forscrew menu take long get menu actually play full match,Not Recommended,441,2.4 hrs on record,Posted: October 10,en,0.116,0.119,0.765,-0.0516,Negative
well last ill give,Recommended,34,225.7 hrs on record,Posted: October 10,en,0.304,0.406,0.29,-0.1779,Negative
somehow bad last year game bad gameplay bug,Not Recommended,53,60.6 hrs on record,Posted: October 10,en,0,0.538,0.462,-0.7906,Negative
controller badplease take action something quicklydont take time solve problem tq,Not Recommended,97,32.9 hrs on record,Posted: October 10,en,0.133,0.2,0.667,-0.2263,Negative
take skill make game every year somehow make bad,Not Recommended,59,211.7 hrs on record,Posted: October 10,en,0,0.304,0.696,-0.5423,Negative
initially though leave long well put together review however game does not deserve much timeit awful bad fifa ever put good crap,Not Recommended,157,149.9 hrs on record,Posted: October 10,en,0.16,0.329,0.511,-0.6486,Negative
crazy ea always manage make game worse last year menu laggy tactic suck gameplay feel slow jittery whoever sign game stone,Not Recommended,152,27.1 hrs on record,Posted: October 10,en,0,0.318,0.682,-0.8126,Negative
game freeze without reason sometimes server crash well unacceptable game price tag,Not Recommended,101,55.9 hrs on record,Posted: October 10,en,0.194,0.335,0.471,-0.5267,Negative
buy play every fifa since one shock year see everything ea throw you game shockingly bad menu ugly slow laborious gameplay slow defending non responsive artificial intelligent thing cannot even attempt,Not Recommended,240,45.9 hrs on record,Posted: October 10,en,0.184,0.258,0.558,-0.4939,Negative
every year go worse i am addict,Recommended,36,188.9 hrs on record,Posted: October 10,en,0,0.383,0.617,-0.4767,Negative
everything feel heavy pass suck player cannot win ball life ea suck general,Not Recommended,87,28.7 hrs on record,Posted: October 10,en,0,0.47,0.53,-0.8348,Negative
fix broken game find drop match impossible lag freaking time okay crap next time ill wait december discount always trash ea always,Not Recommended,155,155.2 hrs on record,Posted: October 10,en,0.058,0.483,0.459,-0.9169,Negative
fut terrible passing bad ever straight pass you aim artificial intelligent scripting ruin game leftstick dribbling dead defender catchup speed ridiculously buff passed ball useless unless attacker mile ahead offside year youd think would least improve guess ea set way ea you buy rating star,Not Recommended,357,102.4 hrs on record,Posted: October 10,en,0.095,0.392,0.513,-0.967,Negative
game make angry sad worth,Not Recommended,41,40.6 hrs on record,Posted: October 9,en,0.184,0.621,0.194,-0.6705,Negative
god curse horrible rush teammate,Not Recommended,36,45.0 hrs on record,Posted: October 9,en,0.189,0.631,0.18,-0.7096,Negative
absolutely horrendous game need keep play sanity,Not Recommended,59,188.4 hrs on record,Posted: October 9,en,0.209,0.356,0.435,-0.4005,Negative
game bad make want kms,Not Recommended,31,21.7 hrs on record,Posted: October 9,en,0.167,0.449,0.385,-0.4939,Negative
one frustrating experience entier live sell game bassically unplayable overlay interfere controller control make cannot control player weak fix disgrace,Not Recommended,246,15.9 hrs on record,Posted: October 9,en,0.094,0.239,0.667,-0.571,Negative
server bad,Not Recommended,15,75.9 hrs on record,Posted: October 9,en,0,0.778,0.222,-0.5423,Negative
bad fifa ever make,Not Recommended,19,45.3 hrs on record,Posted: October 9,en,0,0.538,0.462,-0.5423,Negative
bad gameplay yet still go spend hundred pack,Not Recommended,55,75.2 hrs on record,Posted: October 9,en,0,0.333,0.667,-0.5423,Negative
really garbage gameplay bore career usual gimmick depth improvements lazy always ea waste money time want first fifa refund laughing,Not Recommended,178,13.1 hrs on record,Posted: October 9,en,0.24,0.267,0.494,-0.1935,Negative
decide get pc first time every year console mistake i have make genuinely gutted i have waste money especially buy ultimate edition stuttering low frame rate play take away enjoyment i have do everything recommend youtube forum etc nothing strange one friendly rush everything work fine relatively smooth however career mode game horrendous graphic gameplay awful remind play p vita laptop is not top line pretty decent game laptop meet recommended specification game graphic look good new gen console smoother shame really new feature actually pretty good new tactical role youth team development career mode play really frustrating unless i am content playing friendly year i have see fc lot similar issue eventually end get sort late update do not really enjoy part quid play around setting hour wait sort issue later year get get console,Not Recommended,1098,44.3 hrs on record,Posted: October 8,en,0.167,0.221,0.611,-0.8793,Negative
another cash grab full bug gameea suck please,Not Recommended,46,55.5 hrs on record,Posted: October 8,en,0.205,0.259,0.536,-0.1531,Negative
bad fc,Not Recommended,13,11.2 hrs on record,Posted: October 8,en,0,0.778,0.222,-0.5423,Negative
game try rob quid,Not Recommended,27,66.5 hrs on record,Posted: October 8,en,0,0.545,0.455,-0.5574,Negative
possibly bad game franchise time would recommendcant wait eafc,Recommended,78,214.7 hrs on record,Posted: October 8,en,0,0.304,0.696,-0.5423,Negative
rubbish simply put defender go kick ball apparently kick opponent result penalty quality poor do not tackle ball bounce go player shooting rubbish passing terrible artificial intelligent time silly work avoid till get well check improve like fifa,Not Recommended,308,59.1 hrs on record,Posted: October 8,en,0.248,0.218,0.534,-0.1027,Negative
i am never bug anything error previous edition ea sport lineup year worst offline play terrible team management cannot set accord lineup nightmare called realism simulation soccer thumb edition fifa,Not Recommended,248,21.1 hrs on record,Posted: October 8,en,0.125,0.233,0.642,-0.6177,Negative
bad fifa come,Not Recommended,26,84.7 hrs on record,Posted: October 8,en,0,0.636,0.364,-0.5423,Negative
do not buy game id rather stick field get beat master sing old country folk song game make want to rip open someone inside eat like jefferey dahmer i have fun enjoyment take look hungryt scoffing slippery throat game cancer hope ea sport get targetted isi i am going to l dance whilst piss graf ea sport die cancer rodents,Not Recommended,409,122.6 hrs on record,Posted: October 8,en,0.177,0.2,0.623,-0.5859,Negative
mechanic bad seam like programmer creator little understand football physic tactic i am try criticise rather suggest need professional player work closely throughout ratherthan come wire movement,Not Recommended,252,7.9 hrs on record,Posted: October 8,en,0.078,0.201,0.721,-0.5994,Negative
instant uninstall terrible game play fifa whole life seem get bad bad seriously money hungry pack straight away game laggy as freak good pc need change setting fix buy do not addict please do not give ea sport money,Not Recommended,247,0.7 hrs on record,Posted: October 8,en,0.134,0.309,0.557,-0.8577,Negative
embaressing carrer mode suck much hud youth system change player carrer literally last yearsas dad use say do not want embaressment anymore,Not Recommended,178,6.5 hrs on record,Posted: October 8,en,0,0.171,0.829,-0.4805,Negative
script ruin game,Not Recommended,20,77.6 hrs on record,Posted: October 8,en,0,0.655,0.345,-0.5859,Negative
bad game ever create terrible artificial intelligent player switch unable compose decent attack rrandom player momentum make impossible unfair play fc cannot create good game artificial intelligent player mechanisc back fifa manage big time additional unnecessary animation graphic horrendous artificial intelligent keep game basic fundamental community ask,Not Recommended,371,75.0 hrs on record,Posted: October 8,en,0.224,0.273,0.503,-0.6604,Negative
waste money buy game nothing change every fifa one reverse good thing game actually waste memory time money game whoever work game,Not Recommended,213,67.0 hrs on record,Posted: October 8,en,0.105,0.204,0.691,-0.4019,Negative
ea pay new controller,Not Recommended,27,154.8 hrs on record,Posted: October 8,en,0,0.318,0.682,-0.1027,Negative
awful game buggy game cut game ask refund twice will not give bunch,Recommended,97,96.1 hrs on record,Posted: October 8,en,0,0.317,0.683,-0.6249,Negative
product refundedgame crash time cannot lineup change vant manage team first controller even work awful job ea,Not Recommended,118,4.0 hrs on record,Posted: October 8,en,0,0.275,0.725,-0.6908,Negative
game fun polish storm ui is not crash frequently every time load store get kick game visual glitch mouse appear screen use controller server go frequently high player count game crash load screen volta commentary make wish deaf cannot turn bug yeah game mess ea is not enjoy play match everything else terrible rush,Not Recommended,386,271.2 hrs on record,Posted: October 8,en,0.155,0.18,0.665,-0.162,Negative
bad anyone playing ut do not bother reward far worth time invest community toxic career mode somewhat ok far euro absolutely worth itim sad could not get refund itdead game,Not Recommended,243,198.0 hrs on record,Posted: October 8,en,0.23,0.238,0.531,-0.5137,Negative
gameplay shock far others fc launch past call fc like make people do not watch football understand make working game smooth gameplay passing beyond direct analog stick player pass does not read call top play game nearly hr already week yet release fix game make million upon million year pay id say game feel like robbery ea leave football game company listen care communitymakes angry work money like every year always fall trap say improve bad worse stream game online gamemodes shock instant input delay pass tackle defend etc shockingwith way game make far slap face pay game rob lose hard earn hr play id prefer go paint wall walk pit fire id enjoyment star review fair ratingthis fifa does not deserve credit game joke company people make hang head shame firedenjoy truth,Not Recommended,1091,223.2 hrs on record,Posted: October 8,en,0.174,0.232,0.594,-0.8061,Negative
bad mhamad ajouz as cheek,Not Recommended,29,114.8 hrs on record,Posted: October 8,en,0,0.467,0.533,-0.5423,Negative
reasonable upgrade gameplay fc much slow less pace dependent fc menu problem theyve past game theyre slow unresponsive claim objective freeze game require restart fc quality life improvement basically ignore game ship annoying feature mistake fc volta rush comparable replacement ask although rush nice switch evolve ut player overall game pretty good you are actually pitch ea fails qol crash terrible ui theyre attach also ea course micro transaction heavily push gotta get kid gamble early,Not Recommended,668,56.1 hrs on record,Posted: October 7,en,0.136,0.197,0.667,-0.7003,Negative
lose connection every time game fut unplayable,Not Recommended,49,107.4 hrs on record,Posted: October 7,en,0,0.31,0.69,-0.4019,Negative
deal devil,Not Recommended,16,108.1 hrs on record,Posted: October 7,en,0,0.815,0.185,-0.6597,Negative
get bad year year,Not Recommended,25,131.8 hrs on record,Posted: October 7,en,0,0.538,0.462,-0.5423,Negative
horrible full bug customer support non existent game legacy price experience nightmaremissing registry computer unsolvable errorive never write bad review game experience awful,Not Recommended,223,6.7 hrs on record,Posted: October 7,en,0.179,0.209,0.612,-0.2382,Negative
awful build pc player optimization whatsoever,Not Recommended,50,166.3 hrs on record,Posted: October 7,en,0.271,0.312,0.417,-0.1027,Negative
controller disconnect futchamps qualify final does not reconnect i do not know id ask stupid company does not fix game,Recommended,145,346.6 hrs on record,Posted: October 7,en,0,0.159,0.841,-0.5267,Negative
spend time mess around computer nerd file fix issue play game another banger ea,Not Recommended,105,105.0 hrs on record,Posted: October 7,en,0.133,0.26,0.608,-0.3182,Negative
bad ran game ever manage make unplayable eveyr single year please work your game,Not Recommended,91,33.6 hrs on record,Posted: October 7,en,0.129,0.197,0.674,-0.296,Negative
honest bad game ever release company game many bug error glitch would never recommend someone bad game i have play entire life,Not Recommended,153,25.8 hrs on record,Posted: October 7,en,0.175,0.363,0.461,-0.7278,Negative
bad game full pc cheatersthey forget design strategy defensethe defender interact sleepinglike every year ea bad game companykonami help football game please,Not Recommended,183,321.6 hrs on record,Posted: October 7,en,0.204,0.284,0.511,-0.5423,Negative
bad game ever coop ultimate team retard ea bunch mongrel dog suck little sperm everyone wallet kiss grandmother hide filthy smile find best place hide get batter public mongrel even bad week ago horrendous game deject developer,Not Recommended,314,256.0 hrs on record,Posted: October 7,en,0.16,0.4,0.439,-0.9217,Negative
nah bru go poor pay autistic mf kick ball,Recommended,56,193.3 hrs on record,Posted: October 6,en,0,0.496,0.504,-0.5994,Negative
broken fifa ever game break bug terrible interface server crossplay buggy constantly fail never buy game ea ever,Not Recommended,131,36.9 hrs on record,Posted: October 6,en,0,0.393,0.607,-0.8658,Negative
somehow manage make bad ultimate team casuals semicasuals considerably bad forget weekend league champ game yet full mechanic easily abusable pc also several type cheat player get stats certain pc player absolutely fix issue introduce probably bad release past year rush bright light,Not Recommended,356,95.7 hrs on record,Posted: October 6,en,0.174,0.261,0.565,-0.7334,Negative
worst ea game need lot improvement pass shoot defending realtime gameplay want make realistic really is not moment fc iq also work pass go your opponent instead mate tackle are not foul card etc game is not worth full buck,Not Recommended,268,184.0 hrs on record,Posted: October 6,en,0.091,0.172,0.737,-0.5948,Negative
buggy mess usual,Not Recommended,16,222.3 hrs on record,Posted: October 6,en,0,0.556,0.444,-0.3612,Negative
defending awful game horrifc,Not Recommended,39,104.3 hrs on record,Posted: October 6,en,0,0.5,0.5,-0.4588,Negative
bad game history ea never watch football live guy speed boost ratty five back every single game game,Not Recommended,124,71.9 hrs on record,Posted: October 6,en,0.122,0.158,0.721,-0.2023,Negative
every time quit game head back game later game fail load never get past ea app load page completely reinstall game play,Not Recommended,152,30.1 hrs on record,Posted: October 6,en,0.102,0.134,0.764,-0.2111,Negative
honest football soccer maniac game go even hate damn game might bugs bot whatever end game like way see sometimes luck side sometimes get use stop cry enhance game skill iq,Recommended,278,306.7 hrs on record,Posted: October 6,en,0.189,0.318,0.494,-0.7184,Negative
sake fix menu bug force end game many time back button go miss,Not Recommended,95,141.1 hrs on record,Posted: October 6,en,0,0.118,0.882,-0.1531,Negative
first proper fifa gameplay lot slow personally quite like reason i am recommend instability amount time game crash freeze menu need restart absurd supposedly aa title update menu stable spend time playing glare issue gameplay year zero forward run every player except top player move pas feel sluggish like sunday league player physic engine horrible ball bounce around unrealistically foul call nonfouls call referee decision far harsh truly bad feeling fifa ever slowerpaced feel wrong,Not Recommended,663,117.9 hrs on record,Posted: October 6,en,0.201,0.19,0.609,-0.443,Negative
worst game come last fifas complete never buy another one,Not Recommended,67,65.9 hrs on record,Posted: October 6,en,0,0.313,0.687,-0.6249,Negative
literally unplayable somehow make bad everyear year passing defender somhow quick trhe amount time player cannot hit ball insane,Not Recommended,159,231.7 hrs on record,Posted: October 6,en,0.158,0.151,0.691,-0.2124,Negative
bad becuse controll do not work,Not Recommended,30,58.5 hrs on record,Posted: October 6,en,0,0.412,0.588,-0.5423,Negative
complete waste money time fc name change,Not Recommended,51,94.4 hrs on record,Posted: October 6,en,0,0.318,0.682,-0.4215,Negative
crash fc yarragimin basi ea sport,Not Recommended,29,136.7 hrs on record,Posted: October 6,en,0,0.351,0.649,-0.4019,Negative
people complain potato pc fix computer brother c,Recommended,57,31.9 hrs on record,Posted: October 6,en,0,0.294,0.706,-0.3612,Negative
visual impression great gameplay ball control horrible defending joke usual since year attack suck well bad game even bad fc,Not Recommended,141,0.9 hrs on record,Posted: October 6,en,0.272,0.437,0.291,-0.802,Negative
cannot run game get bunch error driver signature debugtest mode enable stupid ea anticheat software does not let start game message cryptic code i do not know hell uninstall piece software does not prevent play game,Not Recommended,275,1.3 hrs on record,Posted: October 6,en,0.085,0.215,0.7,-0.5493,Negative
ea fc awful video game corner overpower attack artificial intelligent terrible do not make good attacking run suddenly go behind pass ball player come short come short pass look like go behind get easily press tackle behind unrealistic ridiculous speed success rate pass ball one player do not even time pass turn already lose ball get tackle behindpace especially rapid playstyle terrible way overpower cause skill gap play game formation good broken overpower compare formation,Not Recommended,677,385.5 hrs on record,Posted: October 6,en,0.162,0.249,0.589,-0.8373,Negative
game suddenly cannot play,Not Recommended,25,44.9 hrs on record,Posted: October 5,en,0,0.404,0.596,-0.2584,Negative
probably unfinished game ea release passing dreadful,Not Recommended,61,70.0 hrs on record,Posted: October 5,en,0,0.326,0.674,-0.4404,Negative
defender does not track back first touch bad kid importantly run ball bad i have see game,Not Recommended,112,33.2 hrs on record,Posted: October 5,en,0.163,0.308,0.529,-0.6486,Negative
bad game time,Not Recommended,18,227.2 hrs on record,Posted: October 5,en,0,0.636,0.364,-0.5423,Negative
really mad turn red,Recommended,22,142.3 hrs on record,Posted: October 5,en,0,0.538,0.462,-0.5413,Negative
purchase game day ago still day game will not work try contact ea support one give damn problem look many many people issue spend game does not even work absolutely outrageousfollowing error anyone wonder ea anticheat service encounter system error please run ea anticheat service installeri spend time money since buy game try install uninstall anticheat game time nothing work chat youtuber did not know fix eitherif change someone see know solve problem please do not hesitate add text help,Not Recommended,620,0.4 hrs on record,Posted: October 5,en,0.141,0.145,0.714,-0.3491,Negative
delay delay delay hacker,Not Recommended,25,107.7 hrs on record,Posted: October 5,en,0,0.873,0.127,-0.7096,Negative
ea launcher often crash often disconnect play online mode,Not Recommended,117,82.1 hrs on record,Posted: October 5,en,0.198,0.223,0.579,-0.0772,Negative
mean bad last year still st tho plus think menu ui inspire cod probably hot garbage look ahh ui waste damn time try find normal kick mode dogst ui,Recommended,189,18.1 hrs on record,Posted: October 5,en,0.098,0.239,0.663,-0.6486,Negative
product refundedrefunded bad football game play decade,Not Recommended,54,1.2 hrs on record,Posted: October 5,en,0.22,0.321,0.459,-0.2732,Negative
defending difficult eventually get use good tip use hold cdms waay easierdribbling feel need get use itattacking full back basically useless experience run cb go wide leave striker basically one one instruction give cb stop make feel like defend simulator sometimes tbfthe game crash quite often luckily game mostly matchmaking go pack crash leave career mode reset pc super weird oc issue like past yearsoverall decent bit annoy bit buggy,Recommended,586,82.2 hrs on record,Posted: October 5,en,0.168,0.218,0.614,-0.1335,Negative
another week another rant game week fix pass go high rush like thats issue game audio commentary rush cannot turn ut rush option work around start rush match kickoff mode change commentary volume turn across game game become unstable crash one match even within minute does not matter restart game commentary back freaking annoy commentary completely ruin game experience sbc hero pack give campos hero card get useless player special card whole game crap sacrifice team get mega pack objective duplicate card game week old already full duplicate feel like idiot buy crap waste time moneygame week time post review mainly focus ultimate team modus ut also general observationsfirst obvious one game freeze way often get bad every day unresponsive button make think controller problem game teamplayer tactic different do not know compare fc disappointing downgrade in my opinion lousy teammate artificial intelligent even compare fc inexplicable step back ut mode pack top player create great team design trap compulsive gambler abysmal packweight timeconsuming objective every psycho trick make finally buy pack worth beware game basically last year addition rush bad gameplay fc you are junkie updated ut mode make sense buy game rush worth bucksdigging deeper tactic lousy player do not even really follow consistently one match player always spot next game he always different one player opponent tactic artificial intelligent teammate sometimes stop run toward loose ball reach areal limit tactical instruction green box team tactic instead follow ball open space hold are teammatepressing control player sometimes cannot move subpar sbcs ut far mostly mediocre player one op stupidly expensive haaland require way many relatively highrated squad push buy pack evolution ut new feature skillcap often make useless best case worth task overall rating evolved card relation actual stats stand vicinity teammate try pass third teammate away semiassisted long pass cross anything less bar lose power lightly touch lob direction teammate stand right next even behind even theyre opposite direction point instead reach far away teammate actually point power choose would enough attack striker set poacher often middle field behind oppose midfielders stand winger run field one pass box does not matter high set defense team often long stretch vertically wide enough,Not Recommended,3140,345.1 hrs on record,Posted: October 5,en,0.1,0.167,0.732,-0.982,Negative
unbelievably meh,Not Recommended,16,8.3 hrs on record,Posted: October 5,en,0,0.614,0.386,-0.1513,Negative
become bald rip hair play agonizing game ong infuriate brain implode piece sht game ever even half month since release,Not Recommended,149,10.5 hrs on record,Posted: October 5,en,0.091,0.262,0.646,-0.6705,Negative
game terrible you low end pc bad rooter,Not Recommended,47,153.3 hrs on record,Posted: October 5,en,0,0.635,0.365,-0.8271,Negative
rating wife rat marriage highlyit start innocently enough oh ill play fc hour whats harm right say blissfully unaware already sign death warrant marriage oh god beautiful timesbefore lose everythingweek onefc masterpiece gameplay smooth even messi would jealous goal goal dream team assemble felt like king life everything around cease existwork need wife still least timeweek twothe anxiety kick possible team ronaldo mbappe lewandowski keep lose kid somalia squad make last year leftover blame algorithm possible two week play i am still stick bronze league start scratch weird place wife ask whats wrong i am lose mind cannot score corner kickwife start worry honey normal you have sit console day have not shower week you are sing champion league anthem shave ask eye glue screen mutter virtual season babe fate world football stake walk room score goal coincidence think notwe stop talk last time exchange word accidentally sit controller try help middle complicated play course hit pause cannot pause online match boom game lose promotion drain moment realize fifa become important anything else lifeits wife obviously give ultimatumher fifa nervewracking decision life end true football fan would buy new controller way say enjoy fc reply oh end least i am still grind way division fc worldclass game i have lose wife sanity connection reality caresive play best virtual football life dream destroy personal life replace emotional rollercoaster fc game warn you are leave alone couch empty pizza box virtual trophy might realize there real life leftbut promotion division priceless,Recommended,2172,303.1 hrs on record,Posted: October 5,en,0.165,0.177,0.658,-0.1779,Negative
bad do not buy i do not care you want to play badd,Not Recommended,51,50.2 hrs on record,Posted: October 5,en,0.135,0.414,0.451,-0.6059,Negative
yeah do not know expect first time i am buying fifa game yes i am call fifa release every stereotype every complain true greedy company hasnt release good fifa since do not like spend money wiser buy alcohol cigarette,Not Recommended,253,70.5 hrs on record,Posted: October 5,en,0.2,0.235,0.565,-0.1818,Negative
load crap fc way well rush one,Not Recommended,40,32.9 hrs on record,Posted: October 5,en,0.216,0.268,0.515,-0.128,Negative
box imagine drive lamborghini switch reanault espace launch need open close game time watch striker miss random gold rare keeper random gold questionable gools may new game know box play one,Not Recommended,251,370.1 hrs on record,Posted: October 5,en,0.07,0.111,0.819,-0.1027,Negative
every time launch game anti cheat run open ea app please fix ea,Not Recommended,68,18.2 hrs on record,Posted: October 5,en,0.131,0.301,0.568,-0.4588,Negative
easily bad purchase i have ever make frank developer ashamed theyve release current state fluidity game horrible nearly unplayable point near impossible implement tactic ball control game glitchy glad buy steam ps would manage scam extra major update need immediatelyi think note ea every year abhorrent behaviour awful company thats cash cow still produce due fact right fan game suffer year year opinion,Not Recommended,541,33.6 hrs on record,Posted: October 5,en,0.092,0.29,0.618,-0.9565,Negative
gameplay feel quite clean still issue menu buggy reset time get game club hey long get money moron still sink wallet ultimate team screw rest you,Not Recommended,206,47.3 hrs on record,Posted: October 4,en,0.098,0.15,0.752,-0.1548,Negative
bad fc ever,Not Recommended,11,158.9 hrs on record,Posted: October 4,en,0,0.636,0.364,-0.5423,Negative
bad fifa ever playedyou cannot switch player delay pass ball second pass ball,Not Recommended,115,96.7 hrs on record,Posted: October 4,en,0.119,0.213,0.668,-0.3691,Negative
hate game play get pissed become human thanks fifas play year cannot stop playing drog never ownd fifa please buy change towards bad possible version,Not Recommended,252,122.3 hrs on record,Posted: October 4,en,0.236,0.369,0.395,-0.7481,Negative
bad game ever purchase amount money do not think really add iq game do not buy,Not Recommended,100,76.4 hrs on record,Posted: October 4,en,0,0.189,0.811,-0.5423,Negative
terrible like every year prior,Not Recommended,26,83.4 hrs on record,Posted: October 4,en,0.291,0.36,0.349,-0.1531,Negative
make whole new mechanism gameplay lead lose every single match barley winfc way well,Not Recommended,108,75.4 hrs on record,Posted: October 4,en,0.125,0.161,0.714,-0.1531,Negative
brother game crash connect online,Not Recommended,35,8.0 hrs on record,Posted: October 4,en,0,0.403,0.597,-0.4019,Negative
attack artificial intelligent horriblegameplay trashdefending awful ea,Not Recommended,61,74.7 hrs on record,Posted: October 4,en,0.229,0.466,0.305,-0.4767,Negative
lot bug poor network connection,Not Recommended,32,206.3 hrs on record,Posted: October 4,en,0,0.437,0.563,-0.4767,Negative
suck ball,Not Recommended,12,58.0 hrs on record,Posted: October 4,en,0,0.744,0.256,-0.4404,Negative
game horrible first fifa game last disappointed cause look fun mention least advanced practical ui system game past year i am going to give point access setting must go start menu game understand game different section thats individually load back really inconvenient thats spend second access different menu get poorly make setting menu game build horribly pc audience controller accessability absolutely horrendous controller does not work rushneither keyboard half time eneter game mode i am force pause game go setting go game setting realixe basic problem solution want use controller look one set change allow controller input atleast ingame controller input seeting menu io different enter mouse setting say controller keyboard keyboardmouse hard ea i have never play fifa sure know eas reputation might say maybe theres power issue controller hook properly i have play game whole life know operate computer even game cannot move rush still press start access horrible menu provide help also try xbox p controller game mechanic fun thats frustrating imagine make game ensure half people buy go get faulty product company worth billion dollar instead end homelessness spend make another sport game thing okay game madden game horrible yea do not recommend,Not Recommended,1638,115.7 hrs on record,Posted: October 4,en,0.092,0.186,0.722,-0.9673,Negative
absolutely terrible game waste time money controller issue far bad fc fifa ever make,Not Recommended,99,5.7 hrs on record,Posted: October 4,en,0,0.475,0.525,-0.8737,Negative
bad mental health,Not Recommended,18,100.3 hrs on record,Posted: October 4,en,0,0.636,0.364,-0.5423,Negative
buy fifa past year bad online experience buggy laggy slow try change setting controller still awful hopefully get well update,Not Recommended,179,92.3 hrs on record,Posted: October 4,en,0.176,0.238,0.586,-0.4019,Negative
crash cannot even authorize purchase fifa point,Not Recommended,51,66.4 hrs on record,Posted: October 4,en,0,0.31,0.69,-0.4019,Negative
awful game full bug will not even start time would recommend,Not Recommended,69,75.2 hrs on record,Posted: October 3,en,0.172,0.207,0.621,-0.128,Negative
do not play champ anything important bc everyone play backupdate do not play first day season bc everyone high elo fell back game give oyu literally impossible play also game make make player far slow opponent one gameplay first day game release retard,Not Recommended,331,162.1 hrs on record,Posted: October 3,en,0.035,0.272,0.694,-0.8833,Negative
think time people use complain fifa game every year every year come bad bad term actually allow play remember zero issue fifa issue barely playable think could not get worse ea fc controller do not even work say fix patch did not disabled cross play fot every match least yellow ping player number decreasing hour say ea,Not Recommended,470,141.1 hrs on record,Posted: October 3,en,0.153,0.138,0.71,-0.2373,Negative
game will not even launch first secnd third fourth fith time i am game lag n glitch n feel like kill everytime load onto game say sumin hour game half try launch game n wish joke,Not Recommended,223,89.3 hrs on record,Posted: October 3,en,0.178,0.171,0.651,-0.1779,Negative
pace abuser l abuser trivela abuser armlet abuser pay win player do not end like crack table,Recommended,118,114.9 hrs on record,Posted: October 3,en,0.124,0.583,0.293,-0.9203,Negative
respect serie odds bad last year gamplay clunkierr lot rebound response time somehow bad,Not Recommended,107,187.0 hrs on record,Posted: October 3,en,0.147,0.332,0.521,-0.5994,Negative
game refuse launch work fine week refuse start error nothing check game integrity even reinstall game nothingi still play game ea app steam ridiculous,Not Recommended,210,34.7 hrs on record,Posted: October 3,en,0.127,0.357,0.515,-0.7639,Negative
year want play pc horrible decision frame rate hertz seem good still optimization problem altough high end pc couple hour play time pc start get tire i am fps drop issue cutscenes corner kick menu movement get laggieri get lesson next year ill p try,Not Recommended,333,40.4 hrs on record,Posted: October 3,en,0.205,0.196,0.6,-0.128,Negative
make game script goal keeper watch roll goal stupid shoot right infront goal goalie itll hit post opponent score corner,Not Recommended,188,87.7 hrs on record,Posted: October 3,en,0,0.244,0.756,-0.7003,Negative
application keep crash i am use handheld play amd you gb ram enough right,Not Recommended,93,11.9 hrs on record,Posted: October 3,en,0.149,0.168,0.683,-0.0772,Negative
many problem game mechanic,Not Recommended,47,77.7 hrs on record,Posted: October 3,en,0,0.474,0.526,-0.4019,Negative
big gameplay ever ea fb historyultimate team like autistic dribbling rabbitholeworst gameplay experience time imolimited movement player new tactic setting insane bad word neededdefence op as freak min chrush mid field get ball sec lose againif want play football go outside touch grass ea,Not Recommended,342,173.7 hrs on record,Posted: October 3,en,0.113,0.215,0.673,-0.765,Negative
bad fifafc ever terrible change make,Not Recommended,35,38.2 hrs on record,Posted: October 3,en,0,0.623,0.377,-0.765,Negative
server bad,Not Recommended,17,180.8 hrs on record,Posted: October 3,en,0,0.778,0.222,-0.5423,Negative
game crash every min pounds pc pay pound game do not even work get okay hz monitor play hz guy make update every time game get update even bad,Not Recommended,184,260.4 hrs on record,Posted: October 3,en,0.12,0.212,0.669,-0.5106,Negative
please ea still cannot launch game controller error spend minute watch youtube try fix issue reason steam say already play minute whole time try bypass launch screen finally get work play get next day try play game cannot launch controlls error everything cannot bypass launch screen crazy cannot refund game,Not Recommended,409,23.5 hrs on record,Posted: October 3,en,0.158,0.129,0.713,0.1779,Negative
bad game time,Not Recommended,25,83.6 hrs on record,Posted: October 3,en,0,0.636,0.364,-0.5423,Negative
full bug controller micro stutter lag menuseven find way around bug play game unfortunately one bad edition far gameplay wise passing game exist way play run circle l abuse speed boost,Not Recommended,226,61.1 hrs on record,Posted: October 3,en,0.23,0.315,0.456,-0.5994,Negative
bad game ever pay defence l boost spam big lag respond comands speciali defender casual repeat casual player new playersi pay ultimate edition do not receive nothing ea scam company,Not Recommended,222,152.1 hrs on record,Posted: October 3,en,0.293,0.271,0.436,-0.0263,Negative
will not stop buy game even though pretty every year come major issue right crossplay does not even work ea aware still hasnt fix pc server still less stable console one you will need tweak ton setting get game run smoothly introduce new tactic formation sound like great idea execution awful messy feel like need ikea manual every little change make good luck figure enable high press park bus,Not Recommended,485,54.0 hrs on record,Posted: October 3,en,0.252,0.064,0.684,0.9352,Negative
do not buy,Not Recommended,9,127.8 hrs on record,Posted: October 3,en,0,0,1,0,Negative
bad game ever waste money game full bug,Not Recommended,53,17.3 hrs on record,Posted: October 3,en,0,0.512,0.488,-0.743,Negative
worst fc game fifa long timepassing brokenreferee absolutely brokenmany thing bad gameyou clearly see game scriptedi regret buying,Not Recommended,161,82.4 hrs on record,Posted: October 3,en,0.099,0.39,0.512,-0.8387,Negative
game still absolute like fc scripting even bad since slip well thing menu pro club still half decent game mode career also foul people purpose pull shirt even though game absolute as would not rather play game,Not Recommended,277,19.6 hrs on record,Posted: October 3,en,0.107,0.128,0.765,-0.2349,Negative
cannot play p,Recommended,22,139.6 hrs on record,Posted: October 2,en,0,0.671,0.329,-0.2584,Negative
bad fifa everlimited custom tacticnow cannot set instruction like come back defense get box get behind stay forward many big disadvantagesno ultra attacking ultra defenseand bad part artificial intelligent playernow player fut control aiyou cannot control anymoreand artificial intelligent dumbworst eafc ever create artificial intelligent,Not Recommended,315,236.5 hrs on record,Posted: October 2,en,0.208,0.199,0.593,-0.1306,Negative
different day thing fifa play yearsand cannot love,Recommended,92,142.9 hrs on record,Posted: October 2,en,0.204,0.286,0.51,-0.2425,Negative
bad opinion fc good fc slow pass slow run do not understand anything ea trash please do not buy fc waste cannot win worse annoy lot,Not Recommended,187,147.1 hrs on record,Posted: October 2,en,0.328,0.173,0.499,0.602,Negative
game cannot open stupid game,Not Recommended,35,82.7 hrs on record,Posted: October 2,en,0.41,0,0.59,0.4168,Negative
able redeem fc point inside game bug want reseolved,Not Recommended,73,204.7 hrs on record,Posted: October 2,en,0.14,0,0.86,0.0772,Negative
game keep freeze crash feature work tactical view cm work keep freeze try return game issue give much steam support suck help customer stick game,Not Recommended,219,63.5 hrs on record,Posted: October 2,en,0.241,0.173,0.586,0.0516,Negative
game delay every match do not buy waste money spend game game do not buy waste time make want commit take hour get controller work cannot tackle cannot shoot i am convince dead cat year ago good tackle,Not Recommended,235,93.4 hrs on record,Posted: October 2,en,0.225,0.206,0.569,-0.011,Negative
game keep crash load second game try everything nothing work please someone help fix,Not Recommended,106,185.1 hrs on record,Posted: October 2,en,0.147,0.254,0.599,-0.2411,Negative
cannot even load game anymore give,Not Recommended,33,23.3 hrs on record,Posted: October 2,en,0,0,1,0,Negative
p controller noot woorking game please fixx cannot play,Not Recommended,62,47.0 hrs on record,Posted: October 2,en,0.223,0.197,0.58,0.068,Negative
purchase game try configure controller whole day nothing work fix patch also work controller button reconfigured something else matter many time map steam direct input big picture mode everything controller work fine every game except fc know hardware issue,Not Recommended,337,38.9 hrs on record,Posted: October 2,en,0.073,0,0.927,0.2263,Negative
assign player squad game freeze,Not Recommended,43,9.6 hrs on record,Posted: October 2,en,0.231,0,0.769,0.0516,Negative
never recieved fc point hero pack preordering ultimate edition august th,Not Recommended,76,225.6 hrs on record,Posted: October 2,en,0.265,0,0.735,0.5574,Negative
think fc bad vow never buy game fc suppose big improvement buy itit absolutely bad fc play season consistency player slow respond opposition play super fast terrible experience yet,Not Recommended,247,61.9 hrs on record,Posted: October 2,en,0.276,0.228,0.496,0.2795,Negative
you work game you need apologize,Not Recommended,35,141.8 hrs on record,Posted: October 2,en,0.219,0,0.781,0.1027,Negative
game last year except you gotta pay fc point build your team,Not Recommended,71,18.8 hrs on record,Posted: October 2,en,0,0.113,0.887,-0.1027,Negative
save your money your sanity game st somehow find way make bad every year,Not Recommended,81,120.0 hrs on record,Posted: October 2,en,0.171,0.187,0.642,-0.0772,Negative
play v human artificial intelligent game game lagyy blurry look bad comunity fc whch embarrsing point honest,Recommended,122,33.2 hrs on record,Posted: October 2,en,0.354,0.199,0.447,0.5859,Negative
release update time platform screw cross play week release,Not Recommended,82,160.6 hrs on record,Posted: October 2,en,0.222,0.13,0.648,0.25,Negative
somehow keep get bad game play feel sluggish input direction pass completely random artificial intelligent either god stand perfectly still watch someone walk truly sad give chance buy one year,Not Recommended,218,11.0 hrs on record,Posted: October 2,en,0.358,0.197,0.445,0.7624,Negative
give money backi do not give damn fut want play manager career mode chill keep make complicated confusing tf ask confusion look soo st totally worth did not even get play single match make go tutorial st career mode require tutorial dark soul least give people option automate useless thing settingstotally worth get people want chill career mode,Not Recommended,458,0.9 hrs on record,Posted: October 2,en,0.204,0.1,0.696,0.6303,Negative
game actually dog crap cannot believe idiot know make functional game release sad company like ea take old asset old game still make break unbearable sad hope company go bankrupt good alternative come theyve gotten lazy fat last football game purchase crappy company lack sort management organization put quality game i have see monkey good piece crap,Not Recommended,429,25.6 hrs on record,Posted: October 2,en,0.201,0.286,0.513,-0.7905,Negative
awful video game devs produce one bad game literally ever play horribly optimize terrible ui unintuitive way play friend simply play game friend literally impossible gameplay trash save money buy fortnite battle pas time play game embarassing,Not Recommended,309,21.4 hrs on record,Posted: October 2,en,0.361,0.252,0.387,0.7003,Negative
exact game encounter game break bug every game minimum multiplayer issue bad get console want game,Not Recommended,135,186.1 hrs on record,Posted: October 2,en,0.069,0.186,0.745,-0.4939,Negative
server never multiplayer never work get kick mid game time buy item shop never seem locker equip unfortunately problem ea performs money grab annually produce absolute game well do,Not Recommended,249,29.1 hrs on record,Posted: October 2,en,0.063,0.154,0.783,-0.4588,Negative
worst fifa game ever matter fact fifas awful expect,Not Recommended,63,405.9 hrs on record,Posted: October 2,en,0.077,0.5,0.423,-0.7906,Negative
bad game i have ever play controller support constantly disconnect id rather run pile brick needle try play another game game does not allow play controller year randomly disconnect every time you try play,Not Recommended,245,56.8 hrs on record,Posted: October 2,en,0.283,0.119,0.598,0.7298,Negative
decide make jump fifa fifa say game abomination game football extremely lacklustre menu ui extremely terrible artificial intelligent match extremely pathetic goalkeeping save clearly shouldve save try get refund pile garbage was not allow due steam greedy policyavoid,Not Recommended,314,92.7 hrs on record,Posted: October 2,en,0.238,0.209,0.553,0.3693,Negative
bad game try play p fifa cannot make game right go update pc crossplay disable actually diabolical game do not recommend,Not Recommended,181,150.7 hrs on record,Posted: October 2,en,0.096,0.224,0.68,-0.4956,Negative
product refunded terrible buggy crash controller workaround workrefunded,Not Recommended,79,51.9 hrs on record,Posted: October 2,en,0,0.31,0.69,-0.4019,Negative
dogsh crash randomly rival game even good pc game freeze store every time want open pack passing game hurt play artificial intelligent defender broken people artificial intelligent defend rival cannot score goal do not buy you like your money,Not Recommended,247,137.8 hrs on record,Posted: October 2,en,0.279,0.207,0.514,0.224,Negative
bug time pc cannot play one game lobby xbox friend today ship update pc xbox guess cannot play friend really skip ea game full bug,Not Recommended,191,74.0 hrs on record,Posted: October 2,en,0.238,0.129,0.633,0.5312,Negative
honestly is not anything good review game server subpar say least input lag bad make game unplayable really give try are not redeeming quality would justify buy atrocious game please favor think make mistake buying game,Not Recommended,304,75.7 hrs on record,Posted: October 2,en,0.168,0.224,0.608,-0.4031,Negative
good fc yes enough justify price tag change incremental feel well enough warrant entire new game reason game probably music licensesplayer career quite possibly bad gaming experience everand mean everjust quick note though wonder ea devs actually know real human face look like generated player face stuff nightmare,Not Recommended,410,102.2 hrs on record,Posted: October 2,en,0.179,0.066,0.755,0.6621,Negative
good internet connection mb optical fiber thats work perfectly every single game try get incessant lag spike piece crap render rivalschamps playoff unplayablethe fact work fine club show profitable aspect game one polished one fact broken add random freeze recur impossibility quit menu without altf game random visual glitch player hair keep flicker light disappear fact sometimes player refuse change run directioni would understood play hunter cabin wood yearold laptop use basic mobile plan sole source internet connection sadly cannot say case ea always manage show you much care quality gaming experience buyer good donkey buy every yearif may sincere ill say disappoint would disappoint father randomly discovers son use piss eye drop saw wikihow allow see clothesupdate evos dead rivalschamps full cheater server awful pack luck bad ever rush afk simulator else say sadupdate point i am even sure long game ea play evos back always mid restrictive rush pain play much afk usually least player move rivalschamps joke server still awful casuals leave mode metaexploitfest fun reward bad make sweat worth odds pack something fodder low sometimes forget suppose promos player packsits awful make contemplate fifa something great even start regret pinball speed meta point least game playable mildly enjoyable,Not Recommended,1846,319.0 hrs on record,Posted: October 2,en,0.197,0.229,0.574,-0.8316,Negative
buy waste dollar do not,Not Recommended,44,108.3 hrs on record,Posted: October 2,en,0,0.412,0.588,-0.4215,Negative
i am play division rival wia dualshock doesent work gamemode offline fine forum say issue occur fifa etc could ea please provide solution,Not Recommended,163,20.1 hrs on record,Posted: October 2,en,0.322,0.055,0.623,0.743,Negative
terrible game exactly previous awful play pc issue connect controller gameplay feel delay laggy stutter even well capable pc waste money go play football outside,Not Recommended,193,1.1 hrs on record,Posted: October 2,en,0.245,0.341,0.413,-0.5719,Negative
game dosnt work wait patiently title update did not fix issue bad unable select controller control device make game unplayable anyone use controller do not buytitle update specifies steam input must enable steam still post workaround specify disable mixed instruction,Not Recommended,310,1.8 hrs on record,Posted: October 1,en,0.068,0,0.932,0.431,Negative
initially like different fc want fut play win ever career mode feature want gameplay horrible artificial intelligent like do not know sport understanding principle game like offside runsetc idea basically human behave player clump together oddly lob pass float way long ball bounce oddly automatically people i have already uninstalled time laughing anyway uninstall last bit go back play old fifa pre fc,Not Recommended,506,150.8 hrs on record,Posted: October 1,en,0.314,0.044,0.642,0.9545,Negative
artificial intelligent break game cause rage unless hours game poorly balance someone play keep ball across back line none artificial intelligent team mate come back tackle let player play piggy middle till pull player line open like knife butter awe full punish game,Not Recommended,335,46.2 hrs on record,Posted: October 1,en,0.236,0.124,0.639,0.6486,Negative
ea do career mode ui horrible countless controller support issue bug numerous frame drop performance issuesi do not care woke material game do not want want football exp,Not Recommended,201,27.8 hrs on record,Posted: October 1,en,0.076,0.302,0.622,-0.716,Negative
horrible experience controller work create game year launch platform receive review like game fail ea sorry take money deliver half finish game test team miss ruin experience excitement poor game poor developer money grabber fin give money back button,Not Recommended,321,99.4 hrs on record,Posted: October 1,en,0.138,0.351,0.511,-0.9022,Negative
apology word game little improvement incomplete garbage game play license career mode ea does not care year year support still make kind trash game time ea lose fifa game like sims defend still feel trash striker sprint defend feel delay even though already match speed striker feel like decide game go script another nonsense ea want try go ahead try you will disappoint say buck drain ea scam,Not Recommended,541,96.2 hrs on record,Posted: October 1,en,0.209,0.187,0.604,-0.0054,Negative
bad fifa ever play start need entirely new game engine point will not happen people stop buy game thats expensive ultimate team is not make money heh poor little indy company ea every single match play theres load completely bonkers thing happen make game extremely unenjoyable plain stressful you are relieve whenever match matter result do not care win want ball bounce absurd direction every game make sense especially whenever mbappe involve know single action make player feel consistent sometimes barely click button like pas player basically shoot ball side field time hold hard barely punt shoot aim pas shot disaster several time every game try pass one player pas go player behind aim shot often go place aim press square usually mean lose ball point crossing dead tackle sometimes come immediately time come really slow sprint head pass shoot etc sometimes artificial intelligent like defender opponent control god mode time even player actively work last game konate reason decide want stand meter closer goal defender reason completely alone obviously lead goal opponent everything happen game rail whenever pass predetermined get ball do not cannot anything affect result player team literally run past ball already determine opponent get ball menu complete disaster cannot save tactic cannot change tactic close game manually open hopefully work time game crash game cannot swap one menu otherthere good reason buy game good football game atm market fm does not scratch ich eagames completely corner ruin football game market obviously negatively impact sport wellbut hey least ea get ultimate team money gamble addictssomeone please save you,Not Recommended,2174,194.4 hrs on record,Posted: October 1,en,0.117,0.178,0.705,-0.9727,Negative
waste money broken game cannot even get past fc logo initial loading,Not Recommended,71,49.7 hrs on record,Posted: October 1,en,0,0.371,0.629,-0.7096,Negative
great game issue need connect wire your pc laptop controller work controller need ps p xbox work buy p controller did not work p controller find you need connect wire bluetooth will not work also need disable steam input run ea instead steam,Recommended,326,15.4 hrs on record,Posted: October 1,en,0.095,0,0.905,0.6249,Negative
n turkish language live fc carrer mode manager look different side line break gameplay reality game need lot patch still ready do not buy,Not Recommended,182,78.1 hrs on record,Posted: October 1,en,0.102,0,0.898,0.3612,Negative
hopefully one day alternative greedy trash company ea today none game bug progression reset accessory customization buy reset way ban kick spam troll styler clubs drop barely improvement compare previous one minor ui change let face game would not bad euros yearly subscription people least kept progress,Not Recommended,397,93.1 hrs on record,Posted: October 1,en,0.183,0.173,0.644,0.1424,Negative
fifa ea fc worth late honestly one bad condition release game recent time want open pack well store froze get restart want scroll menu sure go take x long year server well theres queue mode freezing seemingly reason thats even get play game gameplay year abysmal ref call foul literally reason also seem call offside player even involve play theres literally logic use rebound remember say develop system stop constantly go back attacker well seem scrap like ping bowling ball sideways lane lane go back every time face back formation might aswell call day are not score corner break last year nerfed theyre almost good well year rebound defender pace run pace player yh game honestly really want try use ea play trial wait month game,Not Recommended,1054,164.8 hrs on record,Posted: October 1,en,0.243,0.072,0.685,0.9546,Negative
product refunded a glorify update fc get pay,Not Recommended,61,3.7 hrs on record,Posted: October 1,en,0.366,0.139,0.495,0.5106,Negative
buy solely career mode implement change long timethis game horribleeven bad previous onesavoid cost,Not Recommended,142,8.3 hrs on record,Posted: October 1,en,0,0.212,0.788,-0.5423,Negative
product refunded i prepurchased fc game region steam china enter game matter could connect ea ultimate team server do not know problem due chinese region steam account problem ea finally refund game,Not Recommended,257,1.1 hrs on record,Posted: October 1,en,0.167,0,0.833,0.5597,Negative
horrible game play pay win max skill base video game luck game crash every even overkill pc full input lag glitch crappy community bunch rat pack gamble junky lucky decent football video game feel like spend time menu sbcs objective actually play game manager mode club thing thats salvage game straight hot garbage,Not Recommended,417,131.2 hrs on record,Posted: October 1,en,0.256,0.185,0.559,0.6369,Negative
game decent for freaks sake every fifa past least year freezing fast forwarding issue company provide fix day,Not Recommended,134,191.7 hrs on record,Posted: October 1,en,0,0.157,0.843,-0.2023,Negative
cannot changer formation fut say cannot connect server,Not Recommended,52,123.0 hrs on record,Posted: October 1,en,0,0,1,0,Negative
shame game buggy actual soccer pitch good last year never restart pc game many time errorless crash desktop strike without notice ultimate team mode have not issue managerplayer career online friendly least half time usually spend game play ut eventually stabilize game definitely worthwhile,Not Recommended,379,102.1 hrs on record,Posted: October 1,en,0.239,0.128,0.633,0.743,Negative
gameplay insult real football fanbase keep ask content instead realistic gameplay ultimately eas fault either ball physic comedic theres literally change gameplay fc high time game engine switch something well,Not Recommended,251,0.6 hrs on record,Posted: October 1,en,0.13,0.163,0.707,-0.296,Negative
thank ea definitely want reset player role change player position formation switch tactic career mode also love menu ui glitch save exit able anything attacking horrible new role make one attack dribble past defender time defender somehow get back block shot even artificial intelligent attack pass around back till one center back make mistake rush bad volta bad fifa street icon back kick plus never remove first place game bug lack effort playtestingedit get player stay still halftime bug time today career mode apparently bug since least fifa pirate dog poop,Not Recommended,743,90.2 hrs on record,Posted: October 1,en,0.163,0.226,0.612,-0.8625,Negative
usually one get past release ea consistently royally game every year put nzd price tag accidentally add rng whether player actually hold ball developer keep get away,Not Recommended,249,70.9 hrs on record,Posted: October 1,en,0,0.085,0.915,-0.34,Negative
literally unplayable controller,Not Recommended,34,1.9 hrs on record,Posted: October 1,en,0,0,1,0,Negative
glad hour free trial ea play save sanity play fifa since fifa ultimate team simp take break franchise approximately two year ago due scripting inconsistent gameplay game trash bug glitch disappointingly ut game opponent wear uniforms even still thing adaptive uniform setting select uniform play hop well thrive still trash make leave franchise hope spare headache get game soon regret scripting still unreal deeply annoy fifa fifa favorite part video game please buysupport,Not Recommended,667,1.4 hrs on record,Posted: October 1,en,0.281,0.105,0.614,0.9424,Negative
unpolished barely work gamble direct towards child still main game mode,Not Recommended,76,13.1 hrs on record,Posted: October 1,en,0,0,1,0,Negative
good last year still lot bug,Not Recommended,36,52.7 hrs on record,Posted: October 1,en,0.367,0,0.633,0.4404,Negative
recommend unless like play game riddle bug stupid glitch company care profit store pack release half as product time fun you are deal simple stupid glitch take fun game make stress want drink reason play game cause there decent futbol game i have play since fifa,Not Recommended,376,138.7 hrs on record,Posted: October 1,en,0.386,0.142,0.472,0.9274,Negative
opponent cpu iq never miss tackle team cpu mindless idiot let go unchallenged best keeper game overall let shot change difficulty either make win lose middle ground want updated roster game suck menu suck gameplay suck graphic bad i am go back fc till mod come,Not Recommended,371,284.2 hrs on record,Posted: October 1,en,0.16,0.349,0.491,-0.9145,Negative
bad game,Not Recommended,14,166.4 hrs on record,Posted: October 1,en,0,0.778,0.222,-0.5423,Negative
bug terrible audio unresponsive menu bug unresponsive gameplay bug microtransactions bug arcade like gameplay bug crash oh bug early access game would ok i am take hour get controller work without many issue navigate horrible menu finally start game time could not ask refund purpose tell,Not Recommended,353,29.7 hrs on record,Posted: October 1,en,0.087,0.172,0.741,-0.6808,Negative
gameplay fineglitches crash ruin whole experience lose rival match due pretty frustrate,Not Recommended,101,219.4 hrs on record,Posted: October 1,en,0.143,0.545,0.312,-0.8402,Negative
bad game i have ever playedfull bug non real mechanic unreal power like dragon ball handicap trully realworst investment could,Not Recommended,134,205.3 hrs on record,Posted: October 1,en,0.109,0.152,0.739,-0.25,Negative
spend hour try turn do not recommend anyone world buy,Not Recommended,67,23.5 hrs on record,Posted: October 1,en,0,0.19,0.81,-0.2755,Negative
crash freeze everytime,Not Recommended,26,12.8 hrs on record,Posted: October 1,en,0.245,0.551,0.204,-0.3612,Negative
earth still bug use controller pc beyond meforums mention issue year still helpterrible terrible bug resolve skill,Not Recommended,163,35.3 hrs on record,Posted: October 1,en,0.126,0.15,0.725,-0.128,Negative
game bad does not let play correct way controller almost week since launch still update even edit control somewhat playable squadbattles game recognize two controller even though one cannot play online game recognize phantom nd controller original unplayable setting cannot unselect controller online play,Not Recommended,379,74.7 hrs on record,Posted: October 1,en,0.045,0.189,0.766,-0.7437,Negative
old copy paste slop fest competition market thrive make ea billion billion despicable companygood addition manager career mode player career mode agent still look football player play year contract cannot request loan transfer mid season trash change also game crash time twice menu fix enable vsync lmao,Not Recommended,375,50.1 hrs on record,Posted: October 1,en,0.119,0.051,0.83,0.5574,Negative
buggs every year,Not Recommended,18,166.3 hrs on record,Posted: October 1,en,0,0,1,0,Negative
annoying game ever play,Not Recommended,31,48.6 hrs on record,Posted: October 1,en,0.338,0.38,0.282,-0.0772,Negative
product refunded do buy least issue fixed where start career mode ui horrible countless controller support issue bug numerous frame drop performance issueshowever game play decent okay addition trust wait till sale issue fix get buggy mess pc,Not Recommended,312,9.8 hrs on record,Posted: October 1,en,0.217,0.171,0.612,0.296,Negative
cannot get ea fc try get ea fc stick load screen everytime,Not Recommended,76,9.8 hrs on record,Posted: October 1,en,0,0,1,0,Negative
quite literally hyperbole bad football simulator time disgrace sell price want pass yard allow want make tackle unfortunately keep ball chance get ball simply allow clear take eon defender register infact make tackle pray end bed every night scum company hold accountable justice enact upon filth please rot deep part satan playground ea sport,Not Recommended,468,65.0 hrs on record,Posted: October 1,en,0.288,0.132,0.579,0.7216,Negative
many glitch include menu freeze controller stop intermittently huge input lag game crash optimize steam ea overlay bugsafter game play question markfut get love pro club community life support,Not Recommended,226,174.3 hrs on record,Posted: October 1,en,0.37,0.169,0.462,0.8271,Negative
hate get score geezer look like hammer swing full force head,Not Recommended,81,57.8 hrs on record,Posted: October 1,en,0.164,0.243,0.592,-0.296,Negative
product refund game cannot even start support know why edit reset pc game keep crash startup nothing work might want try still game,Not Recommended,174,75.0 hrs on record,Posted: October 1,en,0,0.245,0.755,-0.6346,Negative
totally fc nothing new reskin worth buying sale totally worth full price last football ea ever prepurchased pick collection sale disappointment false advertising ea always,Not Recommended,220,31.3 hrs on record,Posted: October 1,en,0,0.232,0.768,-0.684,Negative
game suck badwe age online game incredibly bad do not anything care money,Not Recommended,120,79.9 hrs on record,Posted: September 30,en,0,0.482,0.518,-0.8527,Negative
probably annoying ea fc yet control issue delay online mode search youtube solution delay ridiculous issue happen every year reward bad usual overall fun game,Not Recommended,231,498.9 hrs on record,Posted: September 30,en,0.235,0.336,0.429,-0.4588,Negative
buggy gameplay unresponsive freeze,Not Recommended,39,260.8 hrs on record,Posted: September 30,en,0.286,0,0.714,0.0516,Negative
really hope another ball game one gameplay bad change previous game really does not make sense really hope ea destroy get,Not Recommended,181,85.5 hrs on record,Posted: September 30,en,0.208,0.237,0.555,-0.221,Negative
bad fifa ever i am start th th fifa row first time i am face fact i have enter completely different game cannot play go pe fun even feel comfortable playing crapthe defense game completely break thing throw defender button tackle does not work you take ball run along perfectly correct trajectory attack do not know play allall require last fifa add couple feature fix dribble rb are remove kickoff throw fix dribble kickoff remain bonus completely break entire gameplay i am sick game pleasurein addition absolute paytowin simply impossible score againts courtois neuer average forward hypothetical mbappe kane score literally every shot average goalkeeper even outside box theres never gap cardsin general guy take care nerve money better buy girlfriend clothes flower ill hope patch,Not Recommended,1048,60.8 hrs on record,Posted: September 30,en,0.186,0.111,0.703,0.8814,Negative
optimise minimum get black screen first half also game crash lot,Not Recommended,79,78.5 hrs on record,Posted: September 30,en,0.199,0.185,0.616,0.0516,Negative
even ea state would solve controller issue know problem since beta ea wait full release check matter also make character customization unusable,Not Recommended,170,142.8 hrs on record,Posted: September 30,en,0.118,0.11,0.772,-0.2023,Negative
gameplay every third ball support ea controller problem week still fix good go fish,Not Recommended,122,124.4 hrs on record,Posted: September 30,en,0.29,0.14,0.57,0.4404,Negative
first transfer window match game career manager cannot play stuck load screen i have wait hour load still load,Not Recommended,150,86.8 hrs on record,Posted: September 30,en,0.088,0.103,0.809,-0.0762,Negative
good lord ea do hype die youse get scummier scummier every year anymore weekly bad youse wake entire player base backwards youse become bo wake call activision scummy youse game theyve steal back thunder youse fortnite many game aswell sad reality game never go reach old peak never cannot wait see profit stop drop cliff,Not Recommended,446,174.7 hrs on record,Posted: September 30,en,0.041,0.305,0.654,-0.9484,Negative
horrible word sayi buy play since fifa every time expect something well ea fc bit modification way bugsi waste usd garbage cannot believei elite div,Not Recommended,212,107.4 hrs on record,Posted: September 30,en,0.142,0.198,0.66,-0.4215,Negative
stutter enjoyable play,Not Recommended,31,26.6 hrs on record,Posted: September 30,en,0.726,0.274,0,0.5106,Negative
horrible gameplay,Not Recommended,16,314.6 hrs on record,Posted: September 30,en,0,0.778,0.222,-0.5423,Negative
nice bug somtimes controller,Recommended,45,65.5 hrs on record,Posted: September 30,en,0.483,0,0.517,0.4215,Negative
game horrendous absolute bug fest unplayable fps due shock optimization run horrendously constantly crash controller support non existent gameplay sluggish input delay extremely high new passing system horrible pass ball straight opponent percent time game either deadlock minute real play able make you will shot half xg concede th minute cb forget pitch pace card consistently get outpace sub pace cbs card less passing unusable ea still stupid merge transfer market platform quite frankly sue sell unplayable game save money play fifa even fifa even mess well,Not Recommended,716,112.5 hrs on record,Posted: September 30,en,0.148,0.262,0.59,-0.9246,Negative
even bother bring new one quality bad lag ui difficult use woman ultimate team does not make sense good thing try free trial first i am going to spend money your game,Not Recommended,221,6.2 hrs on record,Posted: September 30,en,0.08,0.318,0.602,-0.8362,Negative
love get black screen rival game punish,Not Recommended,61,73.1 hrs on record,Posted: September 30,en,0.333,0.27,0.397,0.2023,Negative
bad refund already,Not Recommended,19,0.9 hrs on record,Posted: September 30,en,0,0.636,0.364,-0.5423,Negative
product refunded they embarressed call football gamewoman men play ultimate teamphysics artificial intelligent get worse absolute jokeefootball make game look like colouring book,Not Recommended,188,2.7 hrs on record,Posted: September 30,en,0.272,0.107,0.621,0.5859,Negative
try fix stupid input delay know ea suck always buy every year,Not Recommended,149,93.6 hrs on record,Posted: September 30,en,0,0.489,0.511,-0.8225,Negative
game crash two minute,Not Recommended,26,0.7 hrs on record,Posted: September 30,en,0,0.474,0.526,-0.4019,Negative
impress allai still trash pass still do not go aim shoot horrific dribbling absolutely terrible graphic control buggysomehow make game even worsethe good thing player customizationwaste money,Not Recommended,230,48.1 hrs on record,Posted: September 30,en,0.208,0.207,0.585,-0.2399,Negative
game good ea give family back please update game bad thing ever create spawn satan purchase untill sale even worth bad scripting sue joy,Not Recommended,187,114.0 hrs on record,Posted: September 30,en,0.351,0.189,0.459,0.6124,Negative
game enrage limit want bad time game play online ready bewilder lag input delay much fun like break controller even punch monitor game bring bad despise yet play everyday glitch lag everything game every year yet make bad glitch lag game could go without see packet loss sign ping spike internet get ms delay speedtestnet game everyone work ea clown ea,Not Recommended,502,67.5 hrs on record,Posted: September 30,en,0.185,0.319,0.496,-0.9176,Negative
ridiculous change tactical setup destroy game cannot get defense stay narrow way adjust seem game maker want homogenize experience every game every team play play game year bad fifa ever play mile destroy well do,Not Recommended,302,19.2 hrs on record,Posted: September 30,en,0.212,0.288,0.5,-0.6975,Negative
issue fix still rush absolutely broken assist do not count towards objectives cannot turn commentary option does not work menu load properly,Not Recommended,183,179.0 hrs on record,Posted: September 30,en,0,0.139,0.861,-0.5256,Negative
play game run bad release cyberpunk let alone complete copy fc ea still joke,Not Recommended,115,98.9 hrs on record,Posted: September 30,en,0.229,0.274,0.498,-0.2263,Negative
keep crash time every time,Not Recommended,38,13.3 hrs on record,Posted: September 30,en,0,0.403,0.597,-0.4019,Negative
game absolutely awful buy please x bad last game do not waste precious time garbage like,Not Recommended,112,219.2 hrs on record,Posted: September 30,en,0.282,0.374,0.344,-0.526,Negative
seriously game like basic error like menu freeze input lag startup error etc never learn,Not Recommended,106,118.5 hrs on record,Posted: September 30,en,0.262,0.401,0.338,-0.5106,Negative
terrible game unresponsive bad fifa actual excuse game favor do not purchase ea god awful company,Not Recommended,123,190.5 hrs on record,Posted: September 30,en,0.157,0.449,0.393,-0.8133,Negative
unstable game literally cannot play two match without crash update driver change graphic borderless window nothing completely unstable crash i am get block store menu,Not Recommended,182,69.7 hrs on record,Posted: September 30,en,0.139,0.306,0.555,-0.6619,Negative
give ea go beyond create even dawgshit game last year absolute tard donkey buy think would differentgo ea truly bottom heart end,Not Recommended,214,113.4 hrs on record,Posted: September 30,en,0.182,0.127,0.691,0.128,Negative
recently buy game could not connect play cause controller follow instruction did not work do not recommend game please buy,Not Recommended,153,68.3 hrs on record,Posted: September 30,en,0,0.264,0.736,-0.6259,Negative
cannot use controller wth,Not Recommended,29,104.7 hrs on record,Posted: September 30,en,0.481,0,0.519,0.4168,Negative
online server continue absolute catastrophe lobby start online match ping say m entire game play lag yellow red latency,Not Recommended,141,38.0 hrs on record,Posted: September 30,en,0.144,0.28,0.576,-0.6486,Negative
think fc bad game bad,Not Recommended,37,245.4 hrs on record,Posted: September 30,en,0,0.7,0.3,-0.7906,Negative
soccer game would never buy game make billion every year do not care enough fix menu bug make you reset game least time hour absolutely insane ea awful company,Not Recommended,196,93.9 hrs on record,Posted: September 30,en,0,0.255,0.745,-0.8353,Negative
take try open game pc bit slow career mode menu difficulty level seem different title keep know levelsome new stuff career mode enjoy man hell slow game,Not Recommended,235,146.7 hrs on record,Posted: September 30,en,0.094,0.205,0.702,-0.5859,Negative
do not understand developer throughout year another disappointing year hard earn money waste reason game artificial intelligent takesover whole game decide loose team player do not move feel sluggish opponent score goal simply run past defence career mode well,Recommended,304,97.8 hrs on record,Posted: September 30,en,0.177,0.196,0.627,-0.2363,Negative
unplayable controller work since day still fix sadly money waste,Not Recommended,75,8.3 hrs on record,Posted: September 30,en,0,0.412,0.588,-0.6808,Negative
keep get directx error open gameamd xtxsaying driver date even though i have download late driver,Not Recommended,119,0.2 hrs on record,Posted: September 30,en,0,0.162,0.838,-0.4019,Negative
fc rush flip suck,Not Recommended,19,107.8 hrs on record,Posted: September 29,en,0,0.492,0.508,-0.4404,Negative
product refundedit bad lag much,Not Recommended,37,5.2 hrs on record,Posted: September 29,en,0,0.663,0.337,-0.7096,Negative
online server either crawl crash controller input lag menu lag even bad usuall player clunky ball slippery random everything bad fc bad game far finish never release ea probably solve issue worth,Not Recommended,301,37.0 hrs on record,Posted: September 29,en,0.081,0.394,0.525,-0.936,Negative
bad,Not Recommended,8,42.9 hrs on record,Posted: September 29,en,0,1,0,-0.5423,Negative
hat fifa hat fc sure hell hate fci addiction,Not Recommended,61,67.4 hrs on record,Posted: September 29,en,0.139,0.5,0.361,-0.7906,Negative
game dollar scripted peice game fix gameplay your menu freeze every second gameplay awful script nerf live player play someonme bad also tell pack van der sar tyhe bad goalie tiem countiously dive wrong way never make save fifa aswell he still asccroing evryoner else hes best goaslie game likle as he horrible,Not Recommended,443,80.6 hrs on record,Posted: September 29,en,0.11,0.271,0.619,-0.9086,Negative
always crash please ea fix problem pay,Not Recommended,38,63.0 hrs on record,Posted: September 29,en,0.19,0.562,0.248,-0.5423,Negative
year year game get bad opinion gameplay terrible thats even bad part frustrating thing game release day ago yet transfer market already go crazy fast almost impossible play anyone does not several rat card i have already return gamei strongly advise buy,Not Recommended,339,1.4 hrs on record,Posted: September 29,en,0.079,0.287,0.634,-0.9038,Negative
fugging stupid bug lag everytime,Not Recommended,31,8.0 hrs on record,Posted: September 29,en,0,0.659,0.341,-0.7003,Negative
you are look waste money game does not deserve game,Not Recommended,79,185.0 hrs on record,Posted: September 29,en,0,0.237,0.763,-0.4215,Negative
worst fifa game ever term gameplay,Not Recommended,34,216.6 hrs on record,Posted: September 29,en,0,0.451,0.549,-0.6249,Negative
every modern battle tank like abrams agile less sluggish player gamegameplay horrendousdont buy,Not Recommended,120,62.5 hrs on record,Posted: September 29,en,0.143,0.286,0.571,-0.3626,Negative
fifaor fc whatever like graphical upgrade movement tackle feel somewhat realistic previous gamegame run smooth as freak start throw random frame drop alt tabing help game menu also bit laggyrush fun give you report button least something half game theres people stop playing soon team coneedes goal annoy afanyways pay game going to forget about year thievery fine,Not Recommended,447,91.3 hrs on record,Posted: September 29,en,0.162,0.22,0.617,-0.5106,Negative
good game problem handle work properly game get stick work press option button instead press share button instead circle everything wrong problem fc problem game,Not Recommended,259,63.8 hrs on record,Posted: September 29,en,0.144,0.317,0.538,-0.7269,Negative
pay pound game controller work game even though work previos fifa game streams fault ea even though lot complaint issue ea stream nothing ps turpin dececnty wear mask,Not Recommended,230,12.1 hrs on record,Posted: September 29,en,0,0.201,0.799,-0.6486,Negative
bad fc tell you going to add many thing game game feel slow like career mode cannot anything keyboard user do not numpad keyboard annyoing want pressure character bug like sht do not buy game well fc,Not Recommended,267,32.7 hrs on record,Posted: September 29,en,0.141,0.168,0.692,-0.2991,Negative
play career mode insane menu laginput lag controllerscontroller issuesnew ui feel much bad inaccessible compare lot bug youth player,Not Recommended,151,3.3 hrs on record,Posted: September 29,en,0.092,0.331,0.577,-0.7351,Negative
ref shock decision does not let player move rival,Not Recommended,59,23.6 hrs on record,Posted: September 29,en,0,0.245,0.755,-0.3818,Negative
bad game ever delete nowunbelievable delay bad server stop hackerswhen want play pc without delay lag watch around video youtube fix loli want pass ball player pass playersi intercept ball opponent take againi do not recommend anyone waste money game,Not Recommended,331,204.4 hrs on record,Posted: September 29,en,0.173,0.293,0.534,-0.8197,Negative
game suck scam people,Not Recommended,28,87.1 hrs on record,Posted: September 29,en,0,0.767,0.233,-0.765,Negative
worst fifa game history recommend,Not Recommended,38,9.3 hrs on record,Posted: September 29,en,0.26,0.427,0.312,-0.3818,Negative
bore standard edition,Not Recommended,25,141.2 hrs on record,Posted: September 29,en,0,0.5,0.5,-0.25,Negative
input delay bad,Recommended,17,70.2 hrs on record,Posted: September 29,en,0,0.853,0.147,-0.7003,Negative
server coopy paste fc game effort steal hard earn money last one i am ever buy,Not Recommended,120,41.8 hrs on record,Posted: September 29,en,0,0.261,0.739,-0.5574,Negative
copy paste fc somehow make bad do not waste money gamefeels clunky player pace make sense ie player pace somehow get outpace player pace make make sense ea glad lose right fifa theyre let okay crack shame,Not Recommended,294,1.7 hrs on record,Posted: September 29,en,0.152,0.196,0.652,-0.471,Negative
hate buy game make hate even paralyse year today finally enough stand unplug pc bad gaming experience i have ever would rather wank sandpaper hydrochloric acid bare another nanosecond gameplay,Not Recommended,276,84.9 hrs on record,Posted: September 29,en,0,0.295,0.705,-0.8979,Negative
pay euro cannot use playstation controller inshallah fix,Recommended,65,32.6 hrs on record,Posted: September 29,en,0,0.167,0.833,-0.1027,Negative
controller will not work enjoy euro ea game,Not Recommended,48,96.2 hrs on record,Posted: September 29,en,0,0.273,0.727,-0.3875,Negative
one thing say what the freak smoke create game like one what the freak wrong server rush good otherwise bug australia price last game ever buy,Not Recommended,189,42.7 hrs on record,Posted: September 29,en,0.206,0.245,0.549,-0.34,Negative
game incredibly every year hurt soul decent football game i do not know moron increase price charge game continuously ship halfbaked poop garbage idiot game year year buy trash club big stinker,Not Recommended,264,113.9 hrs on record,Posted: September 29,en,0.066,0.285,0.649,-0.8315,Negative
cannot anything keeper cannot save anything player slow dog forr reason cannot dribble reaason,Not Recommended,118,16.1 hrs on record,Posted: September 29,en,0,0.168,0.832,-0.3875,Negative
cannot play controller will not work game fix issue,Recommended,54,4.7 hrs on record,Posted: September 29,en,0,0.203,0.797,-0.2584,Negative
bad game i have ever play ea fc does not work steam terrible server disconnection controller reason overall glitchy systemtheir glitch will not allow move player happen consistently awful game,Not Recommended,214,373.7 hrs on record,Posted: September 29,en,0.133,0.22,0.647,-0.4959,Negative
walk ups line ups intro anthem nothing promise would back use selling point bring back remove one ask remove first place yet are not game big nope,Not Recommended,213,116.2 hrs on record,Posted: September 29,en,0,0.07,0.93,-0.2411,Negative
crash freeze,Not Recommended,13,179.7 hrs on record,Posted: September 29,en,0.308,0.692,0,-0.3612,Negative
rating trash new managerialplayer tactic trash defend burn trash pay play trash sbcs trash think you are get idea arguably bad fifa i have ever play hilarious game x bad fc,Not Recommended,207,86.0 hrs on record,Posted: September 29,en,0.188,0.261,0.551,-0.4404,Negative
gameplay feel intuitive previous title good game far always case first week patch update ruin,Recommended,133,148.6 hrs on record,Posted: September 29,en,0.147,0.193,0.66,-0.2263,Negative
bad version ea fc ever speed player correspond pace pace thing server delay second recommend game point view sight even bad predecessor save money anyway next year another one appear another one game change title,Not Recommended,313,222.3 hrs on record,Posted: September 29,en,0.127,0.207,0.667,-0.5574,Negative
trash aiplayers speed get outrunned speeddribbling remove cause does not existit play slow you are opponent fast afits bad fc much good,Not Recommended,155,142.1 hrs on record,Posted: September 28,en,0.106,0.202,0.693,-0.3891,Negative
alot issue game always lag break do not get start game mode always mess controller need fix always something self ea fix sht bloddy game,Recommended,200,72.8 hrs on record,Posted: September 28,en,0,0.176,0.824,-0.5994,Negative
sick mate,Recommended,8,285.6 hrs on record,Posted: September 28,en,0,0.767,0.233,-0.5106,Negative
crash crash crash,Not Recommended,15,5.5 hrs on record,Posted: September 28,en,0,1,0,-0.7964,Negative
cannot even play game keep get directx error many people exp issue search fix online forum youtube solution lose could spend pay rent,Not Recommended,199,22.5 hrs on record,Posted: September 28,en,0.079,0.303,0.618,-0.6742,Negative
career mode player absolutely terrible have not fix mouse cursor reset whats highlight issue least fifa do not allow change composure defensive awareness make create player player customisation bizarre everything look uncanny even low setting game struggle render smoothly people bend accept reason will not quality football game ever unless someone care make one money wait,Not Recommended,457,1.8 hrs on record,Posted: September 28,en,0.165,0.17,0.665,-0.0923,Negative
annoyingly like streamlined career mode ui previous iteration busy home view much focus whats new available right also well nudge check feature natural wayhowever poor delivery pc release controller support inexcusablealso ea know probably are not go read love game game would kill steam deck fix anticheatalso ultimate team still horrendous cashgrabbing scheme i am waste trial hour,Not Recommended,468,4.5 hrs on record,Posted: September 28,en,0.13,0.235,0.635,-0.8741,Negative
honestly wait fix server issue timeouts part game stall force restart extremely frustrate play stop connection issue ea server bad yet cannot imagine go like rest world able log,Not Recommended,261,6.3 hrs on record,Posted: September 28,en,0.139,0.322,0.539,-0.7571,Negative
do not game steam buy epic steam might bad game platform ever exist,Not Recommended,79,64.9 hrs on record,Posted: September 28,en,0,0.226,0.774,-0.5423,Negative
horrible game ea woman many game break bug youd lucky get min gameplay need restart game,Not Recommended,126,33.7 hrs on record,Posted: September 28,en,0.138,0.172,0.69,-0.1779,Negative
game ea fc except work cause test release controller pc pay unusuble game utter shame ea become actually illegal take money customer give unplayable game,Not Recommended,253,39.9 hrs on record,Posted: September 28,en,0,0.269,0.731,-0.7964,Negative
product refund game did not know could get bad fc,Not Recommended,57,38.4 hrs on record,Posted: September 28,en,0,0.28,0.72,-0.5423,Negative
controller connect work i have try apply fix across youtube ea recommendation still does not work example pause game keyboard use controller change game setting unpause cannot play game,Not Recommended,237,131.5 hrs on record,Posted: September 28,en,0,0.07,0.93,-0.2584,Negative
buy game full price exact last year term gameplay couple new game mode fut improvement ingame mechanic server horrendous menu full bug require restart,Not Recommended,237,87.9 hrs on record,Posted: September 28,en,0.104,0.132,0.764,-0.2023,Negative
bit scam fun,Recommended,16,37.7 hrs on record,Posted: September 28,en,0.412,0.463,0.125,-0.1027,Negative
lie game bad trash ruin pass dribble skill move etc good thing rush ruin fc might actually good,Not Recommended,121,69.9 hrs on record,Posted: September 28,en,0.194,0.371,0.435,-0.743,Negative
ea scamming you point copy paste file fc tweak little movement add shadow call new game i am pay hard worked dollar pay scam,Not Recommended,196,0.2 hrs on record,Posted: September 28,en,0,0.294,0.706,-0.7096,Negative
horrible refund,Not Recommended,26,2.9 hrs on record,Posted: September 28,en,0,0.778,0.222,-0.5423,Negative
completely break huge shame make matter even bad game mode missingi request refund,Not Recommended,106,14.2 hrs on record,Posted: September 28,en,0.188,0.351,0.461,-0.6352,Negative
fix controller issue ill change review,Recommended,41,37.4 hrs on record,Posted: September 28,en,0,0.359,0.641,-0.4215,Negative
game crash time time middle game directx error freeze enter objective store menu freeze lobby rush modethe gameplay actualy greatif chance play actual game everything else sucksupdatetry update bios late version thing fix everything play game windowed borderless mode avoid crash,Not Recommended,369,118.7 hrs on record,Posted: September 28,en,0.2,0.2,0.601,-0.4588,Negative
point i am give ea money leave negative reviewpassing absolutely abysmal year custom tactic literally cook point unusable make sense half time player do not tell cannot change defensive width cbs mile apart could allow entire flying fortress land middle ease,Not Recommended,338,68.1 hrs on record,Posted: September 28,en,0.097,0.132,0.771,-0.1466,Negative
spend buy game every year genuinely progressively gotten bad time yes theyve add stuff make seem realistic option reason watch entirety player walk onto pitch watch one time skip every time game play much bad player awful cannot dribble pas life game punish try play possession build back force play counterattack boot ball striker run score goal,Not Recommended,501,30.4 hrs on record,Posted: September 28,en,0.137,0.185,0.678,-0.6705,Negative
would get game unless come sale server terrible past week sign get well able play game maybe hour time freeze crash try restart game say server aside really copy past fc unfortunately i am tired money hungry company release sht game year year buy,Not Recommended,365,99.0 hrs on record,Posted: September 28,en,0.108,0.21,0.682,-0.7506,Negative
piece charge game freeze upon start bad part manually restart entire pc try fix one happen know gaming ups saw many scam year least scammer even dignity make somewhat playable game ea show today bad scammer fulfill system requirement do verification file game company rather lay people make game focus make game even function good game hope go bankrupt,Not Recommended,529,0.7 hrs on record,Posted: September 28,en,0.164,0.186,0.65,-0.5719,Negative
product refundedplayed hour player look absolutely dreadful,Not Recommended,63,3.8 hrs on record,Posted: September 28,en,0,0.347,0.653,-0.4927,Negative
holy game less week restart time daythe store frequently crash solution full restart place frequentlythe gameplay frequently deny physic lack common sensewhy even buy,Not Recommended,241,176.1 hrs on record,Posted: September 28,en,0.077,0.249,0.673,-0.6249,Negative
preorder game every year spend average okay okay hour yearly year version bad far good mental health here game sometimes will not start unless restart everything full cheater ultime team unplayable point broken menu random black screen laggy gameplay glitch delay oh my god goalkeeper reach sky ball pass legsbody lot broken mechanic score reward do not buy point grind lot ido every objsbccasinorank championsdiv rival is not enough pack worthy player cardi do advise anyone buy dumb enough waste money regret later,Not Recommended,631,341.2 hrs on record,Posted: September 28,en,0.125,0.247,0.627,-0.9349,Negative
game really bad last yearthere real defendingthe dribbling paceskill move abuse extremely unacceptable fcnow worseyes know ea make ton money ultimate team really turn game arcade machineit make difference add numerous animation game every yearthis nothing near football simulation play game desireswhat game desiresgameplay like circus defender like crash test dummy attack player make hard skill move one another time rowit nearly impossible complete match few goal totali win match do not enjoy anymorethere feel struggle physical battle pitcheven best defender like loaded truck unable react slight move attackersfootball game physical battle match world like vinicius rodrygo dribble opponent make skill move one another constantlythe game must much heavy defending scoring must harderthere must tactical war skill move dribble reduce abuseshortly football game,Not Recommended,1060,87.1 hrs on record,Posted: September 28,en,0.146,0.205,0.649,-0.8837,Negative
p hand shake work fc keypad always failure make bad experience game tremely disappointed,Not Recommended,121,19.9 hrs on record,Posted: September 28,en,0.14,0.509,0.351,-0.8126,Negative
repetitive boring game,Not Recommended,24,1.4 hrs on record,Posted: September 28,en,0,0.811,0.189,-0.5106,Negative
many bug crash server workingprime ea,Not Recommended,43,164.3 hrs on record,Posted: September 28,en,0,0.351,0.649,-0.4019,Negative
crap,Not Recommended,7,174.8 hrs on record,Posted: September 28,en,0,1,0,-0.3818,Negative
embarrass unplayable launch,Not Recommended,39,15.0 hrs on record,Posted: September 28,en,0,0.524,0.476,-0.296,Negative
good scripting score two two minute last min original gangster outside box marc guehi lose first match due script i am obv gunna buy game year co fear of missing out cannot control another year script defo buy,Recommended,202,143.9 hrs on record,Posted: September 28,en,0.115,0.179,0.706,-0.4404,Negative
terrible experience overall hour waste configure set steam game controller issue remain unsolved even cannot get online game nonexistent server easiest refund decision ever make ea must learn one time garbage software everyone request refund,Not Recommended,289,1.0 hrs on record,Posted: September 28,en,0.069,0.145,0.786,-0.4767,Negative
pay ultimate edition get laggy gameplay crash alot wait que get play que people let wait like people leave say cannot connect server way get que restart game start people que game refund ea fc already people pay per game do not let even play game something really really wrong feel sad betray game,Not Recommended,449,70.9 hrs on record,Posted: September 28,en,0.105,0.259,0.636,-0.8636,Negative
bad game crash store sit que even though i have purchase ultimate edition troll billion dollar company unfortunately,Not Recommended,134,156.3 hrs on record,Posted: September 28,en,0,0.381,0.619,-0.8225,Negative
taliban less evil organization ea,Not Recommended,39,250.7 hrs on record,Posted: September 28,en,0,0.507,0.493,-0.6258,Negative
do not know startthere lot bugsgk time like god sometimes foul player get fuked ever timeand ref do not shtrush fun like really funserver problem yearsthe game need alot update,Not Recommended,214,85.4 hrs on record,Posted: September 28,en,0.176,0.228,0.596,-0.4732,Negative
st promo severs put fake q hope get money back do not get game honestly bad fife fc ever,Not Recommended,91,179.3 hrs on record,Posted: September 28,en,0.112,0.349,0.539,-0.7335,Negative
boring ruin game everything ruin bad game,Not Recommended,46,208.6 hrs on record,Posted: September 28,en,0,0.817,0.183,-0.9246,Negative
first time year actually likedenjoyed new feature actually newvery obvioslybut rest old ton bugsglitches one person whole bloody company play game wouldve catch seem do not give sht game make especially offline mode okay i am sicktired rant let make shortsimple thumb forever,Not Recommended,398,187.0 hrs on record,Posted: September 28,en,0.094,0.146,0.76,-0.3673,Negative
do not buy please,Not Recommended,16,187.4 hrs on record,Posted: September 28,en,0,0.395,0.605,-0.2411,Negative
game unfinished fundamentally broken keep crash did not stay fullscreen suppose keep get affect background task active notrequested refund within two hour buy,Not Recommended,196,11.7 hrs on record,Posted: September 28,en,0.095,0.204,0.702,-0.4767,Negative
input lag disgust real really high hope fc unfortunately was not playable,Not Recommended,92,1.9 hrs on record,Posted: September 27,en,0.16,0.438,0.402,-0.6728,Negative
crazy ea finessed you extra buck game controller do not even work ea never cease amaze like guy copy paste code add bug release update nothing keep good work ea,Not Recommended,208,106.7 hrs on record,Posted: September 27,en,0,0.273,0.727,-0.8301,Negative
lose mind gamelike vincent van gogh dedicate life craft lose mind process thats happen gold belt around waist mother big mansion girlfriend different car every day week kid kid everything ever want pay,Recommended,296,57.6 hrs on record,Posted: September 27,en,0.035,0.183,0.782,-0.6705,Negative
hi problem controller detect please fix asap,Not Recommended,54,101.6 hrs on record,Posted: September 27,en,0.23,0.27,0.5,-0.1027,Negative
game poorly make game black screen often search game reset loose match also ridiculous reason every time load fc go onto ultimate team search match game decide auto connect keyboard set rival allow switch kbm controller guaranteed loss,Not Recommended,329,138.0 hrs on record,Posted: September 27,en,0.044,0.165,0.791,-0.6369,Negative
horrible,Not Recommended,8,0.3 hrs on record,Posted: September 27,en,0,1,0,-0.5423,Negative
every year rush gotta bad game mode ever play game,Not Recommended,65,89.4 hrs on record,Posted: September 27,en,0.173,0.252,0.576,-0.2732,Negative
instal try uninstalled soulless slot machine usual lot technical issue waste time,Not Recommended,113,2.0 hrs on record,Posted: September 27,en,0,0.203,0.797,-0.4215,Negative
disappointing leave ultimate team lot middle match delay execute order error control,Recommended,117,129.5 hrs on record,Posted: September 27,en,0,0.54,0.46,-0.8126,Negative
bloody awful literally unplayable dualsense controller pc make bad ea look aware issue anything,Not Recommended,135,143.1 hrs on record,Posted: September 27,en,0,0.461,0.539,-0.8555,Negative
refund request message fully functional game should not release state currently game brokeni cannot tell many time game crash alt f reload time crash second later nothing work theyve make literally improvement crazy otp animation menu break crash every time page open store crash join lobby crash server day hr run playtime trial time i have penalize multiple game eas break game would not let use controller play match side tf else play game would let use controller navigate menusnow game crash will not even load bloatware crap literally force upon everyone download state disable possible fix controller issue mention allow realease poor quality video game year upon year customer service disgrace like every year literally steal billion upon billion people genuine love footballwhat ea release every year criminal offence theyve copy paste change one number adjust slider make game tiny bit slow rocket league fest love you slap jude bellingham charge ultimate edition include play game like week advance microtranscation galore ofcourse ea job do shame ea disgraceful company leech ppls passion game create monopoly release piss poor quality game year preying kid vulnerability real life gamblingon top release supposedly brand new game completely break steamthey force download ea garbage even though specifically buy steam download thousand unnecessary launcher aka rubbish systemthen cannot even play game choice controller eas fix state disable one thing literally force download system for freaks sake jokethe store page ironically break reload time open utter nonsense reward every hundred time open individual objective stupid simple feature longwinded cannot explain pointthe controller input does not work use controller control menu actually play gameea laughing thatll another next year version actually work promise game freak time glissery glossy animationsliterally nobody care make half decent game eai hope get deserve time hefty prison sentence bunch complete utter scumbagsalternatives game pc guy play arefootball manager smoke patch football life modded pe game without microtranscation garbagepes fitboyrepahacks laughing f corporate scum greed unimaginable eaoh severs literally break day still yrsfix godforsaken broken game keep get dnf loss cannot make fully functional work game day typical lazy piss poor quality per every year ea thanks bastards control menu controller cannot thing football game tf else meant play absolute mongholesi aslt f game time ever mile mean mile reckon reload broken glissy glossary game crash menu literally every sort game loyal customer put year upon year scumbags leech fan game know literally get away anything even let kid gamble away nothing happen screw lazy demonic greedy little ea corporate piglike scum,Not Recommended,3525,74.8 hrs on record,Posted: September 27,en,0.149,0.176,0.675,-0.9532,Negative
cannot even begin tell guy bad steam buy ultimate edition early acces basicly screwedthis lazy copy paste fc except make worse fg controller issue fix even day one global relase ea you hard year,Not Recommended,267,5.3 hrs on record,Posted: September 27,en,0,0.259,0.741,-0.8591,Negative
still game player cannot make right pass score feel like menu genuiely horrendous stillembarrasing eaplease make last fifa game,Not Recommended,146,83.1 hrs on record,Posted: September 27,en,0.107,0.163,0.73,-0.3182,Negative
constantly crash decent hardware,Not Recommended,34,217.1 hrs on record,Posted: September 27,en,0,0.474,0.526,-0.4019,Negative
game continuation bad companyfirstly ui year absolutely shamble everything everywhere news notification squad update scout update everything throw tab cannot skip notification force read let expire include transfer update conversation inbox like last year keep everything check miss notification player go upset miss another late respond transfer inquiryndly fc iq bad update think good addition put ball ball tactic cannot change example want play ball ball yet cannot change change ball instruction player role ball also effect ball tactic whats point rd optimization bad last year release game controller problem still cannot fix graphic optimization frame rate optimization everything messth gameplay think hype artificial intelligent gameplay still bad defender does not move midfielder stand still striker make run even player role adjust still implement last year artificial intelligent year improvethey make billion year release unpolished game learn hype hype hype deliver little,Not Recommended,1178,62.1 hrs on record,Posted: September 27,en,0.135,0.139,0.726,-0.1833,Negative
game ruin life do not buy garbage,Not Recommended,42,113.3 hrs on record,Posted: September 27,en,0,0.388,0.612,-0.5859,Negative
different yearcareer mode always glitching match want interview blank need restart lose progress cannot even celebrate press xi know itll still buy every year,Not Recommended,219,87.8 hrs on record,Posted: September 27,en,0.138,0.191,0.671,-0.3814,Negative
fill bug unplayableupdate hour game literally unplayable stick load screen every single club matchcant cross play update time buck ask price criminal arrest,Not Recommended,197,25.7 hrs on record,Posted: September 27,en,0.085,0.206,0.709,-0.5267,Negative
allprosbetter performancebetter qualitycons game last year controller problem you open game ea app fix would say wait sale get fc,Recommended,166,21.2 hrs on record,Posted: September 27,en,0,0.124,0.876,-0.4019,Negative
waste dollers crap game every time pass ball crappy artificial intelligent pas ball opponets get ball every single time passisng running slow i am tire game like rather play pe make year ago fun game lowk wish pe series continue want rage stupid game thats every year suggest get,Not Recommended,340,50.3 hrs on record,Posted: September 27,en,0.223,0.235,0.543,-0.4215,Negative
terrible company copy paste system every ea fc version yet controller unplayable tried keyboard every change make change another button menew player wait another month play game useless buyfix work attitude pay much game early access play fast yet already week fix,Not Recommended,326,77.5 hrs on record,Posted: September 27,en,0.098,0.149,0.754,-0.3612,Negative
game suck crash time,Not Recommended,36,41.3 hrs on record,Posted: September 27,en,0,0.737,0.263,-0.6808,Negative
hello formation custom tactic team player complicated unused problem setting handle goalkeeper control tactic section quick panel game completely change game keep crash go store market ultimate team game become lot nonsense think player gamers hate new version,Not Recommended,351,39.8 hrs on record,Posted: September 27,en,0,0.258,0.742,-0.8957,Negative
pay extra play fc early i am really disappoint start game controller issue make unplayable feel like unfinished product frustrating problem was not fix release hope developer fix soon fair charge game does not work properly,Not Recommended,292,163.5 hrs on record,Posted: September 27,en,0.155,0.266,0.579,-0.6368,Negative
bug crash every year pc play trial hour total get kick game least time let start menu slow hell unresponsive top controller issue maybe think oh yeah normal release course going to bug hell nah buy pc year straight bug bug get kick freezes controller issue lag sake buy game please,Not Recommended,441,32.6 hrs on record,Posted: September 27,en,0.157,0.249,0.593,-0.802,Negative
launch game time early access standard way play like airport flight delay finally arrive queue front gatethere jet bridge board,Not Recommended,211,89.1 hrs on record,Posted: September 27,en,0.202,0.095,0.702,0.3818,Negative
extremely laggy bug controller issue pcive longtime fan fifa franchise ea sport fc major letdown game practically unplayable due constant lag bug even highend pc frame rate drop crucial moment make online play frustrating unenjoyable match freeze midaction player stutter around field game rush without proper optimizationon top cannot get p controller work game pc despite try various troubleshoot method update driver reconfiguring setting even use thirdparty software game does not recognize controller huge disappointment especially consider many player use ps controller pcfor game thats suppose mark new era football gaming ea sport fc feel like massive step backward issue resolve cannot recommend game anyone,Not Recommended,834,2.1 hrs on record,Posted: September 27,en,0.091,0.165,0.744,-0.7879,Negative
hour say crash fix plethora various bug keep review recommend give couple examples every experience issue controller i am playing online controller stop work control get transfer keyboardmouse middle game also theres problem able select different player game rest player stand still run randomly i am play club yearolds suggestion would do not spend money trash save timecant complete online game without crash best case scenario game stop pc keep work time pc crash various reason happen play game never crash gameactivity,Not Recommended,831,72.4 hrs on record,Posted: September 27,en,0.122,0.211,0.666,-0.8388,Negative
sport game does not controller support launch recognizes controller second keyboard cause input spammed input actually send result even able get past main menu,Not Recommended,194,71.8 hrs on record,Posted: September 27,en,0,0.089,0.911,-0.3089,Negative
game make passing bad reward pay win also queue join game do not think fifa game queue get game,Not Recommended,146,155.4 hrs on record,Posted: September 27,en,0.339,0.171,0.49,0.7003,Negative
unplayable moment due controller problem should not case game tbhedit workaround problem disable ea ingame overlay go steam setting controller disable p controller supportagain tho should not case game ea bit piss take to be honest,Not Recommended,279,30.5 hrs on record,Posted: September 27,en,0.078,0.191,0.731,-0.5859,Negative
keep get weird glitch keep happen like stay screen back like every hour super unplayable atm ea always pc game,Not Recommended,143,8.9 hrs on record,Posted: September 27,en,0.335,0.064,0.602,0.802,Negative
might bad easportsfifa game date never think could bad job defending auto defend artificial intelligent cancer thing game fact someone slide tackle stand tackle miss completely still recover fast agility high dribble stat player even turn passing nerfed way much lock way much i am pass also bobble ball simple pas say player yet easy pass go defender like do not exist sure step speed boost break hat make game slow nerfing passing make autodefending extremely cancer broken questionable change do not fix first update continue play,Not Recommended,687,191.6 hrs on record,Posted: September 27,en,0.133,0.225,0.642,-0.9063,Negative
i am already controller day global launch favourite feature installment introduction many technical issue input lag crash freeze addition franchise allow hard user experience thus provide challenge keep player come back passing absolutely issue would suggest preordering ultimate edition order receive fc point upon log first time know point might even get walkout would recommend,Recommended,468,498.6 hrs on record,Posted: September 27,en,0.112,0.143,0.746,-0.4404,Negative
mean either hack infest cod,Recommended,35,87.1 hrs on record,Posted: September 27,en,0,0,1,0,Negative
bad ea ui ever,Not Recommended,13,170.8 hrs on record,Posted: September 27,en,0,0.538,0.462,-0.5423,Negative
many bug glitch stutter annoy repetitive artificial intelligent especially defender run away attacker non responsive controller random game shut down awful look ui fut career mode somehow tactical view career mode get worse restricted customisation tactic could go cba quick google search understanddo buy address fix issue many people complain,Not Recommended,386,72.4 hrs on record,Posted: September 27,en,0.106,0.321,0.574,-0.9275,Negative
terrible game always crash,Not Recommended,27,73.4 hrs on record,Posted: September 27,en,0,0.744,0.256,-0.7003,Negative
game far crash every game screen freeze mid game club ultimate team v write ea answer far control issue well might fix controller issue take hour fix buy ultimate edition give pack pay really tire restart game every game never see anything like could get money back would,Not Recommended,363,92.4 hrs on record,Posted: September 27,en,0.064,0.121,0.815,-0.4423,Negative
controller issue second year rowea really prioritize store online controller function right pc would not recommend do not like gamble real money fake play moneyeven update controller is not work way did not fix,Not Recommended,268,5.4 hrs on record,Posted: September 27,en,0.06,0.184,0.755,-0.602,Negative
cancer game could ever play prefer transgender people wit support dumb game id rather go prison year get raped every day big black man support game company,Not Recommended,208,35.7 hrs on record,Posted: September 27,en,0.18,0.359,0.461,-0.8689,Negative
ea sport fc review like order pizza get saladalright ea sport fc rebranded fifa without fifa whats difference well kind like pepsi change name pepsi liquid expect people get hyped spoiler still pepsilets start gameplay you have play fifa last oh do not know decade congratulationsyouve pretty much play ea sport fc player still move like theyve discover concept ankle passing system indecisive taco bell drivethru dribble mechanic sure dribble time feel like ball allergic feetthe graphic fine squint might think you are watch real match squint hard enough might mistake brick wall monet paint sweat player face look like theyve spray garden hose actual effort mean i am expect photorealism come much ask lionel messi does not look like wax figure melt suncareer mode excitement watch paint dry slow like ea take energy decide nah let save ultimate team people actually spend money speaking whichyes ultimate team back still casino disguise football game except card pack sense you are willing sell kidney get decent squad well good luck bronzerated legendsthe soundtrack get bop you will tolerate first hour you will mute forever th time loop somehow bad get rickrolled friend millionth time least rick astley know doingin conclusion ea sport fc is not exactly bad like lukewarm cup coffee drink obligation need cannot help wonder ea rest laurel count microtransaction cash wonder little change game next year still slap new number itso you are hardcore fan you will probably buy anyway thats circle life rest you reminder sometimes name change does not mean taste improve,Not Recommended,2020,37.5 hrs on record,Posted: September 27,en,0.205,0.075,0.72,0.9877,Negative
game nothing new update fc bug even finnesse shot still op player cannot control ball cat control ball well sicken nothing special do not waste money wait till price go ea ashamed billion company sped developer never watch football match life,Not Recommended,315,17.2 hrs on record,Posted: September 27,en,0.091,0.17,0.739,-0.5894,Negative
game always crush,Not Recommended,20,341.2 hrs on record,Posted: September 27,en,0,0.444,0.556,-0.1531,Negative
absolute trash every year year bullhit do not waste time unless want play offline online embarrassment game play style goal beyond stupid sort game play mechanic mistake everyone vs us guy pace thats super realistic,Not Recommended,259,80.3 hrs on record,Posted: September 27,en,0.295,0.204,0.501,0.5472,Negative
play game crash entire computer random try play game mode involve kick ball,Not Recommended,92,91.2 hrs on record,Posted: September 26,en,0.274,0.154,0.571,0.2732,Negative
game absolutly do not know pay trash game buy game waste money imagine cannot move goalkeeper enemy imagine enemy attack side cannot switch your defender prevent enemy goal mentality level go crazy level,Not Recommended,262,208.7 hrs on record,Posted: September 26,en,0.246,0.215,0.539,0.09,Negative
fix laggy gameplay rival sick tired player pass turn second late time another issue game suddenly stop couple second freezez online offline stupid game,Not Recommended,204,213.9 hrs on record,Posted: September 26,en,0,0.412,0.588,-0.9062,Negative
input lagdelay responsesgame crash every hoursall game double price almost gamea company year experience football game stillcannot fix basic online requirement,Not Recommended,180,229.0 hrs on record,Posted: September 26,en,0,0.119,0.881,-0.4019,Negative
funny sad still play gamei start play game long time ago ever since could change sound slide tackle chainsaw noisei play game p p p p play xbox xbox one i am playing game pc feel sad play iteven money buy still make effort somehow find way buy could play gamethe game use fun people play use nice lot changedthe game feel like test every single year test see stupid buy i am still stupid addicted still trust change good fun gameits unrewarding play face toxic people lose money time market let promo every single day nothing feel special menu experience feel badim i am still go play go get dopamine pack unai simon play game division rival,Not Recommended,852,186.4 hrs on record,Posted: September 26,en,0.308,0.118,0.573,0.9746,Negative
wheres fciq deley insane,Not Recommended,42,53.9 hrs on record,Posted: September 26,en,0,0.474,0.526,-0.4019,Negative
slow motion fc player feel clunky hell somehow attacker tackle well defender iq fc system,Not Recommended,100,113.8 hrs on record,Posted: September 26,en,0.154,0.364,0.482,-0.7783,Negative
genuinely one bad game fifa ea whatever want call ea move away grab money make fun look card focus actual play game another year waste go play fifa instead,Not Recommended,203,148.1 hrs on record,Posted: September 26,en,0.243,0.163,0.594,0.2732,Negative
game good i do not know launch game kinda hard cuz always fail reopen ea app,Recommended,82,83.3 hrs on record,Posted: September 26,en,0.149,0.236,0.615,-0.1796,Negative
altf end every club game game will not load player lobby afterwards also altf time go ut store freeze mention countless bug poor gameplay issue charge people broken game like criminal honestly,Not Recommended,260,183.6 hrs on record,Posted: September 26,en,0.158,0.252,0.59,-0.609,Negative
glitch ridden mess d controller does not work properly even follow eas botch fix huge input lag player run random direction menu item select without press anything etc mouse keyboard basically regular crash poor frame rate borderless windowed does not work properly do not even bother try tab i am sure fine console feel like alpha version game pc,Not Recommended,372,86.4 hrs on record,Posted: September 26,en,0.157,0.154,0.689,-0.1935,Negative
boought game ultimate edition log controller supportedi request refund tell cannot refund game cause use item need total new controller company suck game suck gl,Not Recommended,218,1.1 hrs on record,Posted: September 26,en,0.076,0.193,0.731,-0.5423,Negative
unfinished product referee prolly bad part gameno foul ever blow player even shoulder bump cpu get yellow even red cart frustrating beyond measure please focus make quality game instead cater wake wait modding community deliver every year honestly feel bad people console condolence,Not Recommended,340,99.0 hrs on record,Posted: September 26,en,0.1,0.186,0.714,-0.6808,Negative
waste time,Not Recommended,11,270.6 hrs on record,Posted: September 26,en,0,0.737,0.263,-0.4215,Negative
disguisting game bad artificial intelligent far every player fut professional allow even move properly shoot even trough player box nerfing jockey artificial intelligent make unenjoyable casual player literally waste money nothing really change ea fc change good enough even make game worse,Not Recommended,296,17.2 hrs on record,Posted: September 26,en,0.22,0.206,0.575,-0.0516,Negative
ea fc rush add is not good eitherai awfulmenu lag awfulgame pace awfulsquad battle reduce ea lose control make fifafifai would suggest buying good month update take go againreally lazy development,Not Recommended,277,29.4 hrs on record,Posted: September 26,en,0,0.375,0.625,-0.9187,Negative
would rather stick ball mousetrap lemon juice shot eye ever play absolute garbage game bad cannot refund anymore rabbit hole go,Not Recommended,160,172.9 hrs on record,Posted: September 26,en,0.096,0.141,0.763,-0.2732,Negative
one bad iteration game far feels awful play,Not Recommended,56,91.1 hrs on record,Posted: September 26,en,0.173,0.468,0.36,-0.6249,Negative
cannot believe fell scam year rowps time cannot even play controller,Not Recommended,88,83.2 hrs on record,Posted: September 26,en,0.214,0.145,0.641,0.2411,Negative
do not even know ea manage screw controller work post workaround does not even work people day since release preorderother game somewhat decent,Not Recommended,190,124.8 hrs on record,Posted: September 26,en,0,0.06,0.94,-0.1027,Negative
riddle bug unplayable get kick mid game due trial expire i have purchase game hand piece year year,Not Recommended,128,14.0 hrs on record,Posted: September 26,en,0.167,0,0.833,0.4939,Negative
thanks ea game zero responsive ultimate team gameplay far bad one publish day buy game life mean nothing,Not Recommended,134,211.6 hrs on record,Posted: September 26,en,0.226,0.146,0.628,0.2263,Negative
last time i am play stupid game menu still bug freeze gamepc package opening system different gamble bunch greedy lazy bastard,Not Recommended,163,455.9 hrs on record,Posted: September 26,en,0.123,0.399,0.478,-0.8442,Negative
controller work work perfectly every game single solution work make game quite unplayable alreadynumerous bug app game freeze crash try open pack etcnote highend pc hardware relatedstay away,Not Recommended,253,4.9 hrs on record,Posted: September 26,en,0.224,0.078,0.698,0.6124,Negative
awful would recommend buy base rush commentary cannot turn,Not Recommended,72,112.9 hrs on record,Posted: September 26,en,0.2,0.24,0.56,-0.128,Negative
buggy mess freeze every min make quit game restart even menu online black screen restart absolute waste money,Not Recommended,149,3.8 hrs on record,Posted: September 26,en,0.056,0.247,0.698,-0.6249,Negative
game complete fail poor optimization huge input lag menu bug much sometimes need restart game bad ea fcfifa game ever play criticize fc compare game waay bettersorry ea did not pay euro become tester ingame bug billion company employee job yet release unfinished product i am spend free limited time polish game feedback steam did not want refund game play hour spend fp point do not care want money back feel scammed want great experience yet receive complete dissapointment nerve do not deserve push try fun gamefifa die creation ea fc game joke community,Not Recommended,744,72.2 hrs on record,Posted: September 26,en,0.208,0.217,0.575,-0.0511,Negative
game bad movement many error tackle tackle ball stay player difficulty attack take much time build one,Not Recommended,151,67.0 hrs on record,Posted: September 26,en,0,0.474,0.526,-0.8934,Negative
never buing as game ever buy,Not Recommended,50,6.9 hrs on record,Posted: September 26,en,0,0,1,0,Negative
restart least time every hour due bug input do not even register half time give anger issue every game world cup final playing like throw dice hop get good roll every player feel really stiff slow artificial intelligent work pay win imitation gamblingat least give good night sleep since energy spent pretend effort game make difference,Not Recommended,379,262.1 hrs on record,Posted: September 26,en,0.266,0.091,0.643,0.91,Negative
game absolutely horrible control feel horrible many bug crash avoid cost,Not Recommended,83,62.7 hrs on record,Posted: September 25,en,0,0.641,0.359,-0.9097,Negative
have not buy yet do not feel incredibly unfinished absolutely love fifa one particularly ultimate team try gamemodes updated manager career yet feel really bad play advise wait cheap lot promos sbcs quality life update,Not Recommended,310,4.5 hrs on record,Posted: September 25,en,0.172,0.088,0.74,0.5635,Negative
controller constantly disconnect absolute crp could get refund fifa point back want back xbox absolute rubbishso many glitch barley positive comment could get refund fifa point game cost would hapily take,Not Recommended,235,311.3 hrs on record,Posted: September 25,en,0.145,0,0.855,0.5994,Negative
do not like medont cavei play fifa since fifa skip fc think id try one play trial dig ugly come quick game play realize play rival white glitched arena ultimate team problem galore menu glitch leave relaunch game overto horrific gameplay one allplease read like cavefifa dead,Not Recommended,458,23.8 hrs on record,Posted: September 25,en,0.146,0.306,0.548,-0.889,Negative
congrats ea fuking sport make bad game last year,Not Recommended,59,63.9 hrs on record,Posted: September 25,en,0.199,0.45,0.351,-0.6486,Negative
like game alot do not like play rival keep get high player skill like cannot win game fix match making ving division one division,Not Recommended,164,61.7 hrs on record,Posted: September 25,en,0.237,0.162,0.601,0.3382,Negative
purchase ultimate preorder version th sep still have not get hero pack told purchase st get hero pack shame,Recommended,135,115.7 hrs on record,Posted: September 25,en,0,0.359,0.641,-0.838,Negative
terrible sluggish gameplay optimize pc tune setting lot stuttering mess,Not Recommended,93,112.3 hrs on record,Posted: September 25,en,0.17,0.564,0.266,-0.7506,Negative
ea bad company ever reason hate casual player gate champion choose double rival requirement reward insane top place you high division start game you get lose streak easily uninnstall game take credit card combat sweat your face terrible,Not Recommended,311,405.2 hrs on record,Posted: September 25,en,0.269,0.3,0.431,-0.4404,Negative
absolutely awful optimization pc terrible company every year b never know you will get match play stutter lag input delay frustrating series game ever great concept fun squad building always horrendous gameplay buy till proven patch come fix pc optimization,Not Recommended,293,329.4 hrs on record,Posted: September 25,en,0.25,0.317,0.433,-0.5,Negative
euro spend hour menu able find gameif big studio find excuse release number one cash cow decent state message send industry euro scam keep go,Not Recommended,199,88.4 hrs on record,Posted: September 25,en,0.092,0.131,0.777,-0.4767,Negative
iterate everywhere advanced access early access would imply part developmental process however feel like beta launch game constantly crash menu freeze multiple black screen finally get game you are treat terrible gameplaythe new tactic option exactly last year rename make seem like control shame draw game ultimate team already ruin meta card gameplay division i am playing team formation game ingame weekend league hasnt even arrive yetthe new rush game mode unplayable unless friend every game theres troll someone afk receive point punishment thiswhat lead leave review attempt complete objective ultimate team win game x player starting minute game completely crash game count loss happen time rowits real shame ea total control market football game theres reason gamble remain integral part game people would not put b were not addict,Not Recommended,1088,107.7 hrs on record,Posted: September 25,en,0.127,0.163,0.71,-0.7579,Negative
unable move around game say setting play keyboard controller register will not buy next month luckily rent month does not seem like fix issue go back week issue still sort bye bye ea,Not Recommended,237,6.0 hrs on record,Posted: September 25,en,0.151,0.056,0.793,0.5559,Negative
buy ea sport fc ultimate edition steam problem game exit start error massageso check game file steam reinstall game steam did not help game exit start error massageso choice contact ea supportso enter ea support site register username password within technical support site try send message ea support see problem contact come daysbut turn option longer exist chat representative send message representative become available every minute chat methe problem send message representative site least minute one contact know message even receive know even representative available know much long actually waitthere answer questionsand representative would contact general way i am wait ea support site read massage message receive minute help would help least would sense time go happeni also enter site answer hq write problem game exit start without error massage receive email response website answer hq congratulation new budge help problem like broken leg get massage congratulation cup coffeehow comment relate problem situation cannot even get coffee shop felt ignore one turn past could send message ea support would respond back email help technical problemin end realize one turn manage even though pay money product find solution reinstall ea launcher fix problemthis clearly show significant decrease service level ea support much less customer friendly approachand show ea company do not put customer first priorityand ea company treat customer need help go recommend product long attitude customer ea remember without customer buy product company profitea company remember,Not Recommended,2284,1.4 hrs on record,Posted: September 25,en,0.144,0.156,0.701,-0.1094,Negative
bad hub delay fix game good game mid,Recommended,54,71.2 hrs on record,Posted: September 25,en,0.212,0.423,0.365,-0.4404,Negative
unable play game due controller issue online gameplay lag make unplayable get controller work input lag recognise button correctly,Not Recommended,157,11.6 hrs on record,Posted: September 25,en,0.103,0.207,0.69,-0.34,Negative
good game bad soul,Recommended,26,115.1 hrs on record,Posted: September 25,en,0.345,0.417,0.238,-0.1531,Negative
every single year lagspikes lag do not even mention new stupid script like longpass ederson wich make opponent easy v kickoff script wich v lr broken sprint really bad optimization ea disgrace gamedesigners company,Not Recommended,248,143.1 hrs on record,Posted: September 25,en,0.172,0.33,0.498,-0.8232,Negative
game criminal swear jimmy savile good first touch player game i have see kid syndrome pas ball well team brain run fps ping defending game might try buy steward stadium back four theyd probably good job defensive swear god open another pack player either gk cb i am going to bum tracy ryan suffer cause ridiculous menu horror fuel theyre last year still manage i have see creativity vegetable making random as noise final note you actually enjoy game you retard probably drop kick baby you enjoy take arse shaq cause you have damage game,Not Recommended,707,112.5 hrs on record,Posted: September 25,en,0.168,0.203,0.629,-0.6249,Negative
full bug connectivity problem desgrace pay much money get game beta form,Not Recommended,87,210.0 hrs on record,Posted: September 25,en,0,0.291,0.709,-0.4767,Negative
amount input delay game playable matter game mode suggest purchase fixedupdatei hopeful game would get good honestly get worse struggle find game look like everyone enough garbage,Not Recommended,246,240.1 hrs on record,Posted: September 25,en,0.324,0.195,0.481,0.6249,Negative
game slow as game play menu suck constant crash insane allow release pile,Not Recommended,108,123.8 hrs on record,Posted: September 25,en,0.209,0.403,0.388,-0.6124,Negative
ea do worst studio ever another year get exact game couple cool feature cannot use game break worth play ea executive hope stub toe every morning rest life waste money i am sick will not buy game ea thank god fifa leave guy i am do company main building burn execs inside nobody would care nobody actually play game like enjoy money ea know damn well devs hate pile trash dirt release every year heres tip instead money hungry take year fix please even still never give company another penny,Not Recommended,732,57.0 hrs on record,Posted: September 25,en,0.25,0.17,0.58,0.765,Negative
buy ultimate edition play game early have not get past fc splash screen game open happen every fifa still do not fix,Not Recommended,134,57.8 hrs on record,Posted: September 25,en,0.103,0,0.897,0.34,Negative
ridiculous game fill lifeless honorless hacker ea sport goal frustrate player theyve nail company make much money unacceptable little care player someone investigate money spentbecause certainly improve experiencefor nearly year game part life something play religiously every year past two year i have purchase pc hoping advanced experience tonight fut champion track undefeated weekend league encounter two hacker backtoback thats still brave enough endure awful game wish patience congratulation ea company shamelessly willing rob player blind,Not Recommended,717,251.5 hrs on record,Posted: September 25,en,0.273,0.188,0.539,0.8445,Negative
thing last year speed lag still ruin game career mode script ut script already bunch unneeded promos good thing add rush even manage mess take minute load single game game full scripting torturei knew going to happen still drop money game please do not make mistake terrible terrible game nowhere near ready release,Not Recommended,392,58.3 hrs on record,Posted: September 25,en,0.181,0.189,0.63,-0.1446,Negative
pre order ultimate edition expect game laggy first day never get play hour release due fact game never launch never give reason never launch finally launch fun playing day never launch never change anything game many issue outside actual gameplay terrible company pay attention money product produce,Not Recommended,395,52.7 hrs on record,Posted: September 25,en,0.095,0.122,0.783,-0.1119,Negative
bad servergood game play,Recommended,21,282.8 hrs on record,Posted: September 25,en,0.304,0.443,0.253,-0.2732,Negative
good bad mostly bad gameplay slow menu disgustingly slow dribble feel like mud passing subpar shoot seem inconsistent high delay overall big issue atm pc mouse cursor bug permanently stay screen unless move another monitor along bad fps general pc optimization id say good would new rush gamemode friend tactic seem like good thing far make variety,Not Recommended,443,212.4 hrs on record,Posted: September 25,en,0.236,0.231,0.533,-0.1531,Negative
game thing matter braindead high pace player iq microwave thing matter speed nothing else many gamebreaking bug worth play,Not Recommended,199,87.4 hrs on record,Posted: September 25,en,0.302,0,0.698,0.5423,Negative
buy ea play membership try game able play single minute already hour trial period load screen try several fix game will not get past ea fc load screen please let know fixedit buy new pc work still remain thumbsdown consider numerous complains many many user,Not Recommended,350,48.9 hrs on record,Posted: September 25,en,0.14,0.051,0.809,0.5423,Negative
cannot get squad battle without crash game,Not Recommended,45,548.0 hrs on record,Posted: September 25,en,0.47,0,0.53,0.5334,Negative
hate game,Not Recommended,12,34.2 hrs on record,Posted: September 25,en,0,0.787,0.213,-0.5719,Negative
copy paste game last year problem fix scammer,Not Recommended,56,138.2 hrs on record,Posted: September 25,en,0,0.278,0.722,-0.4019,Negative
get buggy hell probably bad fifa,Not Recommended,49,146.5 hrs on record,Posted: September 25,en,0,0.669,0.331,-0.8442,Negative
honestly cannot complain much anyway i have do againi buy game end bad version last one hope everyone involve design game get hit bus defending get bad passing get bad dda get bad role system crime god many reason cannot play player position suit player stats importantly playstyle remove selfexpression make team building fifa fun replaces system force set presets borerline useless unless also make sense player ability suddenly disappear move meter leave position play real lifein short game suck major downgrade already terrible game downgrade predecesor let ea scam money hope help anyone consider buy game nice day,Not Recommended,841,260.5 hrs on record,Posted: September 25,en,0.191,0.268,0.541,-0.8948,Negative
keep crash less minute ultimate team do not bother,Not Recommended,59,241.0 hrs on record,Posted: September 25,en,0.173,0.23,0.596,-0.169,Negative
buy bad fifa ever make ea fc flaw fc clear copy past job slow ui poor pc optimization overall horrid gameplay experience fill inconsistency unresponsiveness entire game center around microtransactions user experience one absolute bad gamingtldr ea fc even bad,Not Recommended,350,297.7 hrs on record,Posted: September 25,en,0.094,0.309,0.597,-0.9169,Negative
think gender seperated ultimate team trailer game buggy as freak player get injured could not start game till sub injured icon stay field insist player sub also injure happen every player eventually close game could not quit start match glichted injury ea need suck make deal fifa cuz worsen game,Not Recommended,437,91.7 hrs on record,Posted: September 25,en,0,0.282,0.718,-0.946,Negative
yeah gameplay bad player move like truck cannot run without l speed glitch attack artificial intelligent bad,Not Recommended,94,47.5 hrs on record,Posted: September 24,en,0.376,0.257,0.367,0.308,Negative
football game ea come far every player even agility move like clog play like th league,Not Recommended,133,171.2 hrs on record,Posted: September 24,en,0.363,0,0.637,0.7506,Negative
i have play slightly hour count upwards crash freeze objective store bad two place first day game completely crash midgame aswell save game keep track online buy see fix obvious problem gameplay bland aswell evolution way behind curve like evolution play rated player people already pack totw player andor icon,Not Recommended,462,189.3 hrs on record,Posted: September 24,en,0.185,0.183,0.632,-0.2263,Negative
do not know people talk controller issue bug i have problem play within hour come day early access game infuriate last one i am enjoy ball control seem change however get use world class also konami buy exclusive right use inter milan ac milan name terrible e football know say cannot beat buy right force use replacement team,Recommended,453,18.2 hrs on record,Posted: September 24,en,0.109,0.138,0.753,-0.4404,Negative
would buy againhonestly suck back fapping,Recommended,55,1.9 hrs on record,Posted: September 24,en,0,0.367,0.633,-0.4404,Negative
bad game,Not Recommended,11,401.4 hrs on record,Posted: September 24,en,0,0.778,0.222,-0.5423,Negative
game freeze almost everytime claim objective go store game ass cancer game,Not Recommended,95,85.6 hrs on record,Posted: September 24,en,0.066,0.436,0.497,-0.8271,Negative
game super laggy get play game keep crash menu waste money really,Not Recommended,76,221.2 hrs on record,Posted: September 24,en,0.318,0.278,0.404,0.2023,Negative
game seem good soundtrack god awful sake cannot use controller online match ea ask disable apps overlay tf ask download first place ea one want stupid app oh kit clash want people play kit online fut forget you will play kit colour team time sure select away kit you will play jersey unless keep change kit forget limited jersey yeah game suck,Not Recommended,554,137.0 hrs on record,Posted: September 24,en,0.237,0.185,0.578,0.3182,Negative
year fifafc never horrendous gameplay i have ever felt opinion feel player slow sluggish i have ever felt end put input reading test see long player would react say input talk anywhere m way ms play offline even bad online constant ping m player literally move ball pass game somehow bad player switch i have ever see sanity purchase game,Not Recommended,516,98.0 hrs on record,Posted: September 24,en,0.083,0.171,0.746,-0.6935,Negative
worst fifa game ever play,Not Recommended,29,173.5 hrs on record,Posted: September 24,en,0.253,0.432,0.316,-0.4019,Negative
pay dollar game ultimate edition play early th september game still break i have try suggest fix come avail cannot even enjoy game spend much co ea somehow still cannot fix controller issue did not even last year ea fix game,Not Recommended,298,13.1 hrs on record,Posted: September 24,en,0.055,0.093,0.852,-0.1601,Negative
give coin imma fin lose cannot believe pay stuff never receive will not pay ea another dollar ut untill get i am owe id return your crappy game would allow last time ea i am do please sell right another company least give use promise usd,Not Recommended,299,17.3 hrs on record,Posted: September 24,en,0.174,0.12,0.706,-0.0536,Negative
p controller still bug bad play rival match start controller could not even work able pause move everything pause menu with controller soon play could not anything thanks ea ruin night cannot refund bcuz dlc,Not Recommended,261,211.6 hrs on record,Posted: September 24,en,0.11,0.223,0.667,-0.7101,Negative
fc update gameplay coupleof feature nobody ask please save money sale next month worth,Not Recommended,131,2.9 hrs on record,Posted: September 24,en,0.402,0,0.598,0.7506,negative
buythis game half hour game spend opening closing controller will not work try disable everything say disable still does not work work itll work select profile stop work work get past profile selector enter game screen will not work select game mode want play get select game mode want play itll work maybe stop work kit selector maybe get minute game stop work maybe stop work i have seriously maybe good game session hour game hasnt,Not Recommended,597,76.2 hrs on record,Posted: September 24,en,0.12,0.122,0.758,-0.0516,Negative
do not buy go play supermario,Not Recommended,28,228.8 hrs on record,Posted: September 24,en,0,0.289,0.711,-0.2584,Negative
may call singleissue voter thing arcadewhen find arcade shall change thumb thumb til fun mode eagive back volta arcade gremlinsplease comment guide arcade mode fc,Not Recommended,221,74.7 hrs on record,Posted: September 24,en,0.121,0,0.879,0.5106,Negative
every yearlets increase realism make close possible real life nolets allow player rat scott carson card ultimate team yessome stadium have not update year look like belong xboxsome player face scan also have not update year stop lazy earubbish againand buy yikes,Not Recommended,331,24.7 hrs on record,Posted: September 24,en,0.179,0.052,0.769,0.6234,Negative
get stick load screen every game restart insanely buggy really regret pay extra money week advance,Not Recommended,124,93.4 hrs on record,Posted: September 24,en,0,0.254,0.746,-0.5819,Negative
do not buy safe urself hassle money,Not Recommended,42,7.2 hrs on record,Posted: September 24,en,0,0.286,0.714,-0.3412,Negative
splurge money broken game shame cannot even play controllergoing stop buy ea fc significantly change,Not Recommended,114,5.1 hrs on record,Posted: September 24,en,0,0.487,0.513,-0.8568,Negative
terrible optimzationfifa point ultimate edition give even redeemingbetter gameplay though,Not Recommended,94,1.9 hrs on record,Posted: September 24,en,0,0.256,0.744,-0.4767,Negative
game cannot even use controller play,Not Recommended,39,2.9 hrs on record,Posted: September 24,en,0.324,0,0.676,0.34,Negative
ea fc early access crash everytime squad battle,Not Recommended,48,184.0 hrs on record,Posted: September 24,en,0,0.469,0.531,-0.6486,Negative
complete idiot pay full price reason gaming state right nowsame issue last year nonresponsive menu bug microservices cannot handle even preorder player every single game scenario completely plan script scenario think influence passing player break actually something new favourite year old exploit player leave lose match get lose exploit,Not Recommended,493,20.3 hrs on record,Posted: September 24,en,0,0.251,0.749,-0.8779,Negative
benn playing since fifa never make review felt first time ultimate team gameplay horrible break code player move alone oppsoite ask tactical side do not look much one buy player get credit card ready real horrible game experience scale rate game weak do not wast money,Not Recommended,366,163.2 hrs on record,Posted: September 24,en,0.119,0.206,0.675,-0.7184,Negative
new year eamenus freeze every often require game restartmenus also responsive navigate menu use button instead joystickbuilding concept squad always crash game whenever build concept squad get dc like squad build squad empty formation back must say list bug quite small year well do ea still well do ea,Not Recommended,382,136.4 hrs on record,Posted: September 24,en,0.19,0.078,0.731,0.6627,Negative
controller issue crash controller issue crashingdont buy pc,Not Recommended,70,66.9 hrs on record,Posted: September 23,en,0,0.278,0.722,-0.4019,Negative
many crash,Not Recommended,18,153.1 hrs on record,Posted: September 23,en,0,0.73,0.27,-0.4019,Negative
buy messafter try hour get career mode go finally get play game navigate confuse menu match glitchy sprint button does not worktried changing setting nothing work try sim end match game crash even though manage get min match gameplay game unplayable mess edit player does not work sprint button does not work glitchy mess back request refund buy,Not Recommended,432,94.1 hrs on record,Posted: September 23,en,0.037,0.148,0.815,-0.7351,Negative
ea joke spend pmoney draft token lose already time connection opponent wich mean lose automaticly internet connection apply new one customer service check do not qualify draft tokenfix game stop steal money,Not Recommended,266,17.1 hrs on record,Posted: September 23,en,0.055,0.27,0.675,-0.8225,Negative
button do not even work press controller swipe press home button enter mid game i am play game,Not Recommended,133,116.0 hrs on record,Posted: September 23,en,0.13,0,0.87,0.34,Negative
spent get ultimate edition reward,Not Recommended,41,24.4 hrs on record,Posted: September 23,en,0.481,0,0.519,0.5719,Negative
many people much time spare game lmao tt,Not Recommended,52,218.6 hrs on record,Posted: September 23,en,0.358,0,0.642,0.5994,Negative
game everyone suck,Not Recommended,22,120.0 hrs on record,Posted: September 23,en,0,0.592,0.408,-0.4404,Negative
dropin rush match full selfish couldve square ball jammyboy,Recommended,81,35.6 hrs on record,Posted: September 23,en,0,0.279,0.721,-0.4767,Negative
sort move right direction bunch gripe wish game engine would not run background make menu clunky unresponsive menu complicate sake fresh coat paint need design simple manner do not swoosh million thing get simple stuff there like different area manage squad mess difficulty frustrate game there still feel like script sudden artificial intelligent decide go score goal does not matter longer get ball score feel like script balance another difficulty whinge chasm professional world class controller input lag menu still break decade push left five time menu register inputs annoy accidentally thing did not intend game ignore input seem ignore every command controller issue exist ever since make game engine run background menu does not seem happen gameplay does not matter x youth scout time hire second one send always come back null leave annoy notification cannot get rid tell scout come back sort lean one previous point notification main screen really poorly execute plan give you squad transfer office minimize amount swooshing submenus infuriate add feature within menu release rather rework everything scratch eg squad able everything one screen select player like formationbenchreserves graphical icon player everything player role contract squad number player talk lbrb toggle youthseniorwomens tactic do squad section well hair physic still break even game trailer first thing see hair glitch free kick do not make sense near impossible execute always ground pas penalty kick complicate shrink circle mini game silly cannot choose want go focus dumb circle simplify back use put hud screen know button sure ref collision enable option disable is not already please give you ability appoint assistant coach model cutscenes sometimes need start career mode time get right look coach cutscenes base club player career mode need get annoyed manager often easy get everyone happy basically buy best player world keep forever without much hassle player high potential want leave non championsleague club unless club overachieve difficulty around mechanic need increase training game difficulty place game difficult yet comically easy would great addition career mode add rulespolicies club like real manager eg headphone bus strict diet penalty miss training etc player talk base rule tactic systemassistant coach system mess silly pick coach one discipline set team exactly way preset want get negative buff rather allow creative ea overhaul something need improvement go back old tactic system add option rather overhaul whatever new rigid system sport sciencephysiosdoctorsfan interactionmarketingstadium design feature everyones want decade career mode know like yell void might well add itotherwise game step right direction worth money buy last year year unless you are either addict ultimate team force play career mode licensed option definitely cannot recommend effort yes theyve up effort slightly last year need much large effort get recommendation,Not Recommended,4009,88.6 hrs on record,Posted: September 23,en,0.145,0.133,0.722,0.8969,Negative
overall another installment fcright pc glaring bug cause game hard lock force restart desperately need fix,Recommended,137,388.5 hrs on record,Posted: September 23,en,0,0.222,0.778,-0.4588,Negative
bad fifa last year worth dollar ea suck close door get rid programmer what the freak wrong game bad head toe,Not Recommended,144,256.7 hrs on record,Posted: September 23,en,0.058,0.485,0.457,-0.9325,Negative
wait buy game update lot super buggy unfinished usual every time claim objective ut crash gameplay dogst yadda yadda guess gotta accept new game launch ea unfinished game,Not Recommended,220,137.0 hrs on record,Posted: September 23,en,0.19,0.079,0.731,0.5859,Negative
one bad game experience ever fc use play fifa p fc nitendo switch due limited time home decide buy fc steam time also buy steam deck oled play fc steam deck instal window controller driverhowever find due anticheat policy ea fc online mode player allow steam platform steam deck even though controller driver instal manage play offline match ultimate team squad battle however enter match rush division rival friendly match whatsoever online player controller longer worki buy fc want play ultimate team mode point play play bot online player also fc premium version total shame waste money could not get refund iti strongly recommend buy fc steam deck steam platform look ultimate team mode try console instead,Not Recommended,958,56.5 hrs on record,Posted: September 23,en,0.182,0.11,0.708,0.7906,Negative
anyone problem thier controller unplug controller turn steam input turn game via ea app turn reconnect controllerit work every timeps controller,Not Recommended,170,21.3 hrs on record,Posted: September 23,en,0,0.119,0.881,-0.4019,Negative
think would fix career mode fill many bug cannot even custom formation game play extremely weak everything even thin font overall number pitiful waste please let refund game steam,Not Recommended,230,54.0 hrs on record,Posted: September 23,en,0.157,0.241,0.602,-0.6361,Negative
possibly buggy game ill still end put hour intoafter additional playtime do not think actually playable amount bug make believe ea makeawish kid playtest die could tell broken kid was not makeawish playtest might makeawish afterwardsthe bad part game is not even bug rather intentional feature rush guy commentary make wish aboard hindenburg would rather hear sloshing liquid fecal matter ladle ear hear say another word okay course another bug want turn volume toughhave get pack good luck open without menu commit seppuku want join friendly will not see friend team want play new mode good luck play random match player seem play game lick controllerseven career mode atrocious year old player tell give player new contract rat national team starter major team would rather watch burn stake sign want training game get extra exp well artificial intelligent take bad run cannot physically tackle want transfer tough cannot request anymoredo buy receive game free would still want refund,Not Recommended,1223,145.2 hrs on record,Posted: September 23,en,0.239,0.115,0.646,0.9391,Negative
do not buy gamepoor optimization every controller does not work delay input report everywhere cannot refund itive play minute spend try figure controller does not work delay input felt i am ask refund cannot since valve say consume ultimate edition since want early access effort figure problem backfire endaside ton report optimization issue linger around input delay jokeso please do not buy game good throw trash point,Not Recommended,555,1.0 hrs on record,Posted: September 23,en,0.123,0.149,0.727,-0.4632,Negative
lot problem,Not Recommended,14,89.0 hrs on record,Posted: September 23,en,0,0.73,0.27,-0.4019,Negative
game unplayable janky clunky player mechanic matchmaking diabolical game worth patch need happen asap shock effort ea whole year work game release terrible release game like immoral scum,Not Recommended,230,49.0 hrs on record,Posted: September 23,en,0.122,0.241,0.637,-0.6486,Negative
shame company big ea sell game full glitch bug cannot even navigate menu screen without annoy unresponsiveness game game completely garbage even bad ea fc game feel heavy sluggish buy,Not Recommended,236,99.2 hrs on record,Posted: September 23,en,0.063,0.252,0.685,-0.7996,Negative
mind blowing buy game focus around console play console controller does not even work trouble shot try least five different controller configs still cannot even navigate menu controller let alone pas game play mouse key board fifa like absolute unit yeah buy game play controller save money ridiculous,Not Recommended,328,99.0 hrs on record,Posted: September 23,en,0.285,0.074,0.641,0.897,Negative
i have ever play fifa figured id give new one try play career mode do not deal ultimate casino online mode well put ea play hour career game black screen ok lemme restart pc oop entire career mod corrupt restart loose progress great game,Not Recommended,310,35.5 hrs on record,Posted: September 23,en,0.33,0.041,0.628,0.9337,Negative
game cus triple negative n cannot win match save life,Not Recommended,60,71.6 hrs on record,Posted: September 23,en,0,0.61,0.39,-0.8555,Negative
many bug game crash,Not Recommended,23,96.5 hrs on record,Posted: September 23,en,0,0.474,0.526,-0.4019,Negative
ingame graphic get bad feel like play arcade game,Not Recommended,61,239.7 hrs on record,Posted: September 23,en,0.34,0.243,0.417,0.1027,Negative
terrible menu design laggy buggy reset game constantly,Not Recommended,68,279.8 hrs on record,Posted: September 23,en,0,0.307,0.693,-0.4767,Negative
ea suck waste much potential greedy do not support b,Not Recommended,65,7.5 hrs on record,Posted: September 23,en,0,0.672,0.328,-0.8503,Negative
pre release game play absolutely controller delay intense inability hold fps offline match distasteful anyone pay extra play game early yes pc able process high frameratesthe framerate menu cut scene perfectly fine game get kickoff framerate drop stupid gameplay laggy buggylets thank ea masterpiece game,Not Recommended,386,27.0 hrs on record,Posted: September 23,en,0.321,0.234,0.445,0.7836,Negative
game optimize i have spent hour make playable menu still break server sometimes laggy game play wise understand weird new tactic system decent overall would recommend give much money waste,Not Recommended,220,77.7 hrs on record,Posted: September 23,en,0.289,0.116,0.594,0.7717,Negative
trash keep crash,Not Recommended,19,125.3 hrs on record,Posted: September 23,en,0,0.574,0.426,-0.4019,Negative
game trash menu lag much picture break like fc gks randomly prime schmeichel karius cl final nothing change last time except hair error,Not Recommended,155,186.6 hrs on record,Posted: September 23,en,0.091,0.185,0.725,-0.3818,Negative
cannot even use controller game work fine input wack get come hard keep copying paste game year yall yell buy ea trial calm,Not Recommended,220,1.8 hrs on record,Posted: September 23,en,0.161,0.055,0.784,0.4019,Negative
ruin game casual player gameplay already hard bad remove offline play force play online mode i have reach div fc do not really like sweaty get play get reward know win game get decent reward cannot wait fifa ufl preorder next year recommend,Not Recommended,316,300.8 hrs on record,Posted: September 23,en,0.37,0.195,0.435,0.8827,Negative
control does not worki want get mony,Not Recommended,36,31.5 hrs on record,Posted: September 23,en,0,0.169,0.831,-0.0572,Negative
game every year past yearsi want play one game cannot controller issue press x game i am use start button nobody fix thatdoes anyone know controller issue fix,Not Recommended,220,90.7 hrs on record,Posted: September 23,en,0.134,0,0.866,0.4019,Negative
horrible game,Not Recommended,12,130.5 hrs on record,Posted: September 23,en,0,0.778,0.222,-0.5423,Negative
game break cheater people buy coin thirdparty site sawa cost million psxbox pc million think whether release game like fix something like mbappe is not even available pc market buy pay game do not even access playershave ever wonder fut champ people quit game first minute get victory minute get icon thats normal player play hour never reach anywaysscouse accent give money back,Not Recommended,556,340.1 hrs on record,Posted: September 22,en,0.145,0.082,0.773,0.6732,Negative
controller support dualsense decent game tho fun controller does not work,Not Recommended,80,42.0 hrs on record,Posted: September 22,en,0.4,0,0.6,0.7184,Negative
game bad game buy want game play football wait ufl come outthe hamster run server die fifa go find another piss game server rack,Not Recommended,182,71.1 hrs on record,Posted: September 22,en,0.113,0.308,0.579,-0.8126,Negative
fix controlleri tire wait look solve problem,Not Recommended,60,104.8 hrs on record,Posted: September 22,en,0.189,0.284,0.526,-0.2263,Negative
avoid buying right controller input wrong make game unplayable time ofcomment still hasnt resolve use p controller try ps controller still does not work x go square left ea always,Not Recommended,230,178.4 hrs on record,Posted: September 22,en,0,0.23,0.77,-0.7568,Negative
go store page freeze game randomly,Not Recommended,42,201.9 hrs on record,Posted: September 22,en,0.194,0,0.806,0.0516,Negative
going to try charge back game bank digusting shell great franchise hour drop felt like game best thing happen franchise year people start hop server like every year go absolute blatant false advertising cannot even play game without minimum second delay,Not Recommended,305,73.9 hrs on record,Posted: September 22,en,0.286,0.077,0.637,0.9027,Negative
game buggy,Not Recommended,17,95.8 hrs on record,Posted: September 22,en,0,0,1,0,Negative
incredibly buggy everything game stop force restart,Not Recommended,78,20.2 hrs on record,Posted: September 22,en,0,0.268,0.732,-0.296,Negative
euro cannot even play controllerdid everything community regard setting en overlay etcyet still cannot play gameeither going to refund going to need compensation fixtbecause lot people cannot play damn game,Not Recommended,218,114.3 hrs on record,Posted: September 22,en,0.066,0.178,0.757,-0.431,Negative
cannot access ea survers customer service bad prison might multi billion dollar business cannot set customer serviceandrew wilson owner ea need pull finger arse nothing good fifa enjoyer,Not Recommended,226,237.5 hrs on record,Posted: September 22,en,0,0.33,0.67,-0.8964,Negative
steam ea support team bad i am never give money againtheyre practically beg people go back attitude,Not Recommended,137,205.4 hrs on record,Posted: September 22,en,0.134,0.173,0.693,-0.2023,Negative
main issue ea confused whether want game football simulation arcade style game difficult problem get wildly inconsistency mode artificial intelligent artificial intelligent scalingscripted moment user make absolutely sense,Not Recommended,272,43.2 hrs on record,Posted: September 22,en,0.198,0.204,0.598,-0.0516,Negative
many bug do not even know start controller do not work decide work make ghost move game randomly freeze make almost impossible enjoy aspect game despite preordering ultimate edition many people include did not get hero pack ea say thats steam fault b press game launch button time game startthis utter disaster game do not know allow steal people money like provide product promise last time ever give money eaupdatenearly day nothing fix still get hero pack preordering ultimate edition everything nearly unplayable cannot even buy coin screen freeze try one look discussion forum fc steam see many problem game hundred people everydaydont make mistake buy game asis throw money firepit,Not Recommended,886,63.9 hrs on record,Posted: September 22,en,0.098,0.166,0.736,-0.8739,Negative
buy pre order ultimate version did not recieve add ons game crash alot,Not Recommended,87,169.3 hrs on record,Posted: September 22,en,0,0.184,0.816,-0.4019,Negative
bad play fifa solo,Recommended,17,475.4 hrs on record,Posted: September 22,en,0.304,0.443,0.253,-0.2732,Negative
unplayeble game go store game crash time play game good game crash multi milion dollar company cannot fix anything ref joke header joke power shot joke player recive ball bounce like tramboline,Not Recommended,244,86.6 hrs on record,Posted: September 22,en,0.329,0.123,0.548,0.7906,Negative
good fc do not word say game pure edit time game waste money pos game feel sorry anyone expect anything fun game game large company suck eat corn would get enjoyment smash cabinet kitchen sad game,Not Recommended,335,47.5 hrs on record,Posted: September 22,en,0.2,0.207,0.593,0.1779,Negative
lose live,Recommended,17,21.6 hrs on record,Posted: September 22,en,0,0.73,0.27,-0.4019,Negative
act poorly controller randomly glitch left making almost always unplayable well love switch kbm whenever want without touch unplug,Not Recommended,167,56.1 hrs on record,Posted: September 22,en,0.314,0,0.686,0.7458,Negative
game is not even worth buy as game,Not Recommended,54,19.2 hrs on record,Posted: September 22,en,0,0.192,0.808,-0.1695,Negative
review rig pcrtx vram gb ramram gbi main menu cut scene get problem gameplay slow normal match is not going to happaned rush mode i do not know whats wrong fix ea refund,Recommended,192,35.4 hrs on record,Posted: September 22,en,0.069,0.171,0.76,-0.411,Negative
update official release day plebspoor sane people pay normal price gamei decide buy crap even though strongly dislike theres good football game market describe original gangster postso far rush still fun although currently limit player play well see future decide lift limitation completely keep change themyour defender refuse mark opponent player refuse intercept obvious ball goalkeeper refuse move cm clear ball instead look opponent striker run meter dribble score goalremember ea indie company two developer create game every year minimal wage set expectation accordinglylink game tell visit guess lie server are not compare guess people say server fact downcasual ea lie customer face always eas customer support twitter also quiet obviously cannot hurt release day sale write review update keep game run background occassionally try reconnect server guess game decide remind another disgust problemoccasionally game cause screen go black short show directx pop seenote was not even anything demand game main menu background focus chrome running write review ms onenoteoh do not mind forum nfs unbound problem present since fifa look like impact one ea title coincidence think dthats folk enough people enjoy update review might create benny hill montage later retard bug oh you are aspire developer consider create football game i do not know maybe minecraft style graphic bet would ten time well gameog postso first thanks ea play let trial game see reskin fifa fifa probably ea fc since skip magnificent title cannot say sureim glad did not need pay experienceso let see pro con game ultimate team refresh economy updated player one kind experience good bad good similar game market does not make game especially since literally one competitor exist moment rush actually fun mode every th match get competent player prefer passing teamwork imagine messi constantly give away ball try dribble trick meme alttabbingfor context fifa could not alttab online match thats eas anticheat solution wasliterally track application lose focus instantly get disconnect negative effect itnow future somewhere line inbetween missed episode ea introduce advanced anticheat longer need track apps focus yeah enjoy alttab lost match watch youtube do not forget move every artificial intelligent player still braindamaged aforementioned title wacky stiff animation player get stick eachother case previously well funny have not manage improve ea ask reskinned title year ago update indroduced since annual release could hardly sell dlc decent titleultimate team online you are mostly play v game yet you are still forbid leave obviously lose match get game limit coin reward per match future keep leave match hour trial session game crash final screen rush mode score record guess come back treat warning i have disconnect receive slight punishment coin reward match optional forfeit newly introduce rush mode you are teammate get wannabe messies rush mode teammate you are losing minute screw minute leave you are stay enjoy minute launch time reach main menu xrtx people claim review see improvement visuals performance well even fifa did not need minute launch back run kgtx perhaps ea fc bad there really improvement connectivity issue well know problem franchise i have see problem rush mode roughly every th find match did not start pick player card connectivity issue veteran player could tell lot weekend fut champsi could probably keep go list problem think get gist itif you are fifaea fc addict review will not discourage buyingshooting next dose heroinif you are return player like someone new franchise want see game play here recommendationsubscribe ea play set back one month give hour playtime ea fc one month discount ea purchase hour feel want buy game discount effectively make month ea play freeand do not want buy trial save,Not Recommended,5048,128.0 hrs on record,Posted: September 22,en,0.183,0.11,0.707,0.993,Negative
game unplayable point rather suggest people play game one scripting really show even manual control feel automaticallyassisted gameplay cannot even properly control player point game dead downfall,Not Recommended,236,172.2 hrs on record,Posted: September 22,en,0.076,0.136,0.789,-0.4404,Negative
p controller support cannot play game also crash randomly click different monitor screen windowless mode does not work force fullscreen like game copy paste year year broken man ill wait modders fix trash game,Not Recommended,236,51.6 hrs on record,Posted: September 22,en,0.121,0.248,0.63,-0.6636,Negative
know gameplay wise always terrible another levelmenus extremely clunky inputs do not even entergameplay soo slow ball bounce everywhere pass never go player want even pinged pas player swapping unbelievably bad corner cannot switch player matter hard trythe game script do not mean ragebait win couple game team feel slow opponent team everywhere without even control player fifa player know i am talk aboutall bad fifa year genuinely mean stick single player online stink,Not Recommended,576,25.8 hrs on record,Posted: September 22,en,0.036,0.231,0.733,-0.9332,Negative
good game break moment,Not Recommended,37,10.7 hrs on record,Posted: September 22,en,0.492,0,0.508,0.4404,Negative
pretty impressive basically game one actually lag menu freeze chance certain part menuthe anti cheat also cool since load every time restart game probably take time longer base pc spec console,Not Recommended,269,123.4 hrs on record,Posted: September 22,en,0.322,0.176,0.502,0.6597,Negative
bettr gameplay fifa fc youth academy player dirty face generation look like guy goony,Recommended,114,89.3 hrs on record,Posted: September 22,en,0.144,0.167,0.69,-0.1027,Negative
pay extra early access worth itabsolutely notapart menu game absolutely different always boring commentary graphics defend bad defend fifa game ever make,Not Recommended,194,78.7 hrs on record,Posted: September 22,en,0.069,0.273,0.658,-0.6771,Negative
game terrible somehow did not change thing last year make bad game astound terrible give did not change anything,Not Recommended,143,35.4 hrs on record,Posted: September 22,en,0.099,0.354,0.547,-0.7906,Negative
game feels much smooth polished fc fifa new tactical system take get use thats bad thing also slight graphical performance improvement update review future,Recommended,211,186.6 hrs on record,Posted: September 22,en,0.105,0.123,0.772,-0.128,Negative
do not waste money game many bug last year game still ea show you do not care product release stop opening packsedit game unplayable controller pc input lag use controller bad i have ever see billion dollar company cannot even get simple thing right,Not Recommended,292,35.7 hrs on record,Posted: September 22,en,0.046,0.21,0.744,-0.8124,Negative
rush good thing go pile,Not Recommended,44,240.5 hrs on record,Posted: September 22,en,0.42,0,0.58,0.4404,Negative
wow even need say unless spend whole yearly wage game get rudiger vvd saliba your win game clapped,Not Recommended,124,195.7 hrs on record,Posted: September 22,en,0.322,0,0.678,0.8225,Negative
bad game crash single day controller is not work without workaround pw hasnt bad almost fc,Not Recommended,117,86.3 hrs on record,Posted: September 22,en,0,0.427,0.573,-0.8658,Negative
will not load break pc,Recommended,26,8.0 hrs on record,Posted: September 22,en,0,0,1,0,Negative
did not get hero pack buy game th september,Not Recommended,47,115.8 hrs on record,Posted: September 22,en,0,0.268,0.732,-0.4449,Negative
sure theyve do gameplay since last time i have play series fifa damn feel terrible player slow cannot control ball save life general pretty much everything feel clunky i am playing mud stateoftheart football pitchits much well optimization front either frequent framedrops graphical glitch game freeze moment play match thing i have encounter hour playcareer mode one thing i am actually interested improve way youth academy flesh probably big one however manage ruin give generated player face resemble goblin actual human guess should not really surprise since ea thats responsible development oh wellto summarize pay full price game akin flush money toilet get good yet play one old fifa pe game way least will not subject absolute slog gameplay fc,Not Recommended,999,9.0 hrs on record,Posted: September 22,en,0.217,0.109,0.674,0.9107,Negative
please ea game lag fps issue freaking game laptop still lag every year please something pc playersthank,Recommended,147,139.2 hrs on record,Posted: September 22,en,0.19,0.314,0.496,-0.4588,Negative
prefer hang ceiling as naked room laugh queue rival gremlin,Not Recommended,99,40.8 hrs on record,Posted: September 22,en,0.286,0,0.714,0.5574,Negative
game full stupid error,Not Recommended,30,9.9 hrs on record,Posted: September 22,en,0,0.753,0.247,-0.7269,Negative
issue career mode crazy,Recommended,32,9.5 hrs on record,Posted: September 21,en,0,0.444,0.556,-0.34,Negative
hard time get xbox controller work game due ongoing ghost controller issuea bug thats around since early fifa title date way back fifa frustrating problem still exist whats even bad solution seem change every new release baffling ea continue let slip crack year yearyet despite persistent issue still find come back game yes essentially reskinned version previous title compare competitor remain best football game available title come close match overall experience maybe okay eventually release fifa version well serious alternative ill keep come back one,Recommended,706,54.4 hrs on record,Posted: September 21,en,0.128,0.164,0.708,-0.4019,Negative
different year ui fc horrendous new mechanic artificial intelligent bad usualif have not waste money yet do not bother,Not Recommended,118,70.2 hrs on record,Posted: September 21,en,0.257,0.255,0.488,-0.234,Negative
want cry sleep play,Recommended,38,130.0 hrs on record,Posted: September 21,en,0.474,0.397,0.128,-0.1027,Negative
controller will not work try go use option button x play game button do not work try change controller setting dosent reconise say keybord keybord mouse bumper lb rb work either try new cable one please help beacuse spent euro pre order game dosent work work fc fc,Not Recommended,358,42.9 hrs on record,Posted: September 21,en,0.144,0,0.856,0.7506,Negative
game crashesonline play laggy player move slow reaction delayedcontroller keep disconnectingvery disappointing ask refund steam shady probably dispute fair warn even preordered feel scammed pay extra real benefit since barely even play,Not Recommended,279,11.1 hrs on record,Posted: September 21,en,0.236,0.203,0.561,0.34,Negative
graphic forget reality beautiful good decent bad do not look long msdos gameplay good good gameplay mehh watch paint dry instead do not audio eargasm good good bad bad i am deaf audience kid teens adult grandma pc requirement check run paint potato decent fast rich boi ask nasa spare computer game size floppy disk old fashion workable big eat tb hard drive want entire hard drive hold need invest black hole hold data difficulty press with easy easy learn hard master significant brain usage difficult dark soul grind nothing grind you care leaderboardsranks is not necessary progress average grind level much grind you will need second life grind story story lore average good lovely itll replace life game time long enough cup coffee short average long infinity beyond price free worth price sale you spare money leave recommend could also burn money bug never hear minor bug get annoying ark survival evolve game big terrarium bug,Not Recommended,1215,112.5 hrs on record,Posted: September 21,en,0.224,0.15,0.627,0.9512,Negative
full bug crash,Not Recommended,20,252.3 hrs on record,Posted: September 21,en,0,0.574,0.426,-0.4019,Negative
game bad fifa,Not Recommended,21,167.8 hrs on record,Posted: September 21,en,0,0.636,0.364,-0.5423,Negative
every time want enter game must uninstall install anti cheat otherwise game stick loading screen finally get game stutter controller stop work second crash less minute gameplay,Not Recommended,236,6.8 hrs on record,Posted: September 21,en,0.038,0.354,0.609,-0.872,Negative
ea fc roster update new rush mode rush mode suck,Not Recommended,70,50.3 hrs on record,Posted: September 21,en,0,0.244,0.756,-0.4404,Negative
everytime time theres cut scene game get choppy lag point unplayable annoy controller input laggy well get early access doubt bug fix happen come like new game,Recommended,210,109.8 hrs on record,Posted: September 21,en,0.13,0.279,0.592,-0.6486,Negative
bunch absolute last year feel like i have rob ea,Not Recommended,64,83.7 hrs on record,Posted: September 21,en,0.191,0.275,0.534,-0.2732,Negative
bad fifa yet stick,Not Recommended,22,80.1 hrs on record,Posted: September 21,en,0,0.538,0.462,-0.5423,Negative
i have never play bugged fifa history menu break sometimes nothing appear game restart local match play couch one pc middle match black screen button functional game could continue weird vfx appear pitch pitch sometimes flicker please make feature make animated pitch pass floppy training player career stop work controller keyboard use instead despite fact menu still navigate controllertldrbugged as freak,Not Recommended,526,52.4 hrs on record,Posted: September 21,en,0.034,0.162,0.804,-0.763,Negative
confusing last year still fifa innit,Recommended,42,523.5 hrs on record,Posted: September 21,en,0,0.275,0.725,-0.2263,Negative
bad fifa yearsmy pace diaby slow player pitchcant wait football game release,Not Recommended,99,3.1 hrs on record,Posted: September 21,en,0,0.241,0.759,-0.5423,Negative
big dissapointmentit really sad take lot money you early access unplayablei never issue controller pc logitech f previous version action button completelly mixed moving also impossible set game outside gameit unacceptable nobody test game,Not Recommended,338,10.8 hrs on record,Posted: September 21,en,0,0.171,0.829,-0.7501,Negative
insane cancerous game,Not Recommended,33,32.7 hrs on record,Posted: September 21,en,0,0.574,0.426,-0.4019,Negative
pay play game early i am masochist broken will not even find opponent ultimate team user interface design blind horse still play give money ea overlord addiction least recognise,Not Recommended,217,67.2 hrs on record,Posted: September 21,en,0.131,0.27,0.599,-0.6249,Negative
sometimes right game end crash you win count disconnect game also tend go black screen sometimes thats you force reopen game fix game rate waste money time,Not Recommended,223,100.4 hrs on record,Posted: September 21,en,0.114,0.165,0.721,-0.1779,Negative
awsome game every angle corner sometimes lags,Recommended,44,57.3 hrs on record,Posted: September 21,en,0,0.294,0.706,-0.3612,Negative
do not buy crappy game ea game masturbate room straight year do not care anything change logo uniform mechanic suck horrible pass system laggy game stutter rtx ti something play normal horrible menu bug big waste money,Not Recommended,270,157.9 hrs on record,Posted: September 21,en,0.137,0.33,0.533,-0.878,Negative
simple basic error present launch company sell product high pricecountless bug range crash repeatedly controller compatibility issue input lag gameplay controller mouse pointer persist screen even controller active input ui obstruction placeholder text appearing place various ui element softlocking etcpathetic release always,Not Recommended,379,234.8 hrs on record,Posted: September 21,en,0.056,0.161,0.784,-0.6249,Negative
please give money ea simply do not innovate care experience want pay pig fut mean give money pack game current state buggy mess mental wellness play turd,Not Recommended,229,9.7 hrs on record,Posted: September 21,en,0.24,0.247,0.513,-0.066,Negative
manager player career mode really fun along rush negative thing game lose milan ac milan do not lot men national team do not league like brazilian league liga mx greek league,Recommended,223,268.8 hrs on record,Posted: September 21,en,0.092,0.218,0.69,-0.6016,Negative
lot bug control problem,Not Recommended,26,54.2 hrs on record,Posted: September 21,en,0,0.474,0.526,-0.4019,Negative
play first day awful previous game hope help buyupdate hate game much bring much misery beg whoever read buy game,Not Recommended,166,318.2 hrs on record,Posted: September 21,en,0.247,0.321,0.432,-0.5267,Negative
expectation low might bad game i have ever play possible keep make game keep get bad do not even want talk price fr pay play piece,Not Recommended,249,7.9 hrs on record,Posted: September 21,en,0.139,0.34,0.521,-0.7115,Negative
bad far update,Recommended,21,168.7 hrs on record,Posted: September 21,en,0,0.636,0.364,-0.5423,Negative
sometimes wonder stupid read pay game yearinyearout game absolute dogsht developer do not give single fck playersfirst foremost play fifa every single year since far bad game ever create fortunately already know go big pile sht last year shtshow gift game day one game cannot queue friend play ultimate team wait say casino mode club thing could possible make game fun play friend does not work getgo wait did not even get start yet day bug feature say controller want play oh yeah throw sht window does not connect game properly player start act like sleepy joe switch themabove mention casino mode let talk ea sport read already know one greedy company earth game literary fcking gambling game first gameplay absolute last focus dev team do not believe look many country world ban ultimate team store sectionthis year change name mode like call volta rush change was not brother gift game would fcking way hell would pay game id rather vote kamala harris put single penny gamei could keep go frankly i am go waste time write review pile shtplease sentence read review mine circumstance pay game full price even dollar dogwater manage copy paste code previous year somehow paste rename completely fcked againi want add something extra take time read seriously want think really stupid one ea you think you fall yearly trap pay dogwater game pay extra ultimate team casino open pack complain game every single year come together stop pay sht manipulate you every single year community eat sht like go change something make game well every single year get bad bad sit sometimes think make game worse impossible already absolute dogsht every single way somehow top every single year make something bad quote think read insanity thing expect different resultsgod help you,Not Recommended,2567,239.9 hrs on record,Posted: September 21,en,0.118,0.177,0.705,-0.9718,Negative
bad piece game ever displeasure touch did not get pre order pack game crash every game soft lock glitch everywhere reskin eafc gameplayi cannot stress enough much buy version game,Not Recommended,229,50.3 hrs on record,Posted: September 21,en,0.066,0.174,0.76,-0.5951,Negative
game hate fryery,Not Recommended,31,123.1 hrs on record,Posted: September 21,en,0,0.649,0.351,-0.5719,Negative
spends game expect disappointment cause ea expect bug cause ea try play game controller unresponsive realizes ea controller mapping cannot refund game since pre order august ea fix game,Not Recommended,228,36.6 hrs on record,Posted: September 21,en,0.073,0.101,0.826,-0.2263,Negative
buggy disjoint messfirst i have play fifa since buy x copy ea sport son decision regret honestly like low budget game thats undergone test bearing mind play pc son pss constantly crash allthe pc version simply terminate game randomly return windows error nothing second playing next game close objective perma bugged state objective claim do not cannot claim stadium stuff without client closingin hour i have manage rival game rest time opponent crash load also happen son ps different internet connection minethats mention actual game theyve dumbed tactic point simply meaningless choose formation thats stand tackle randomly bobble ball meaning highly likely get bookeda massive downgrade real reason play,Not Recommended,915,221.6 hrs on record,Posted: September 21,en,0.101,0.158,0.74,-0.7345,Negative
game keep crash top end pc,Not Recommended,26,281.0 hrs on record,Posted: September 21,en,0.212,0.318,0.471,-0.2263,Negative
menu everything gameplayi cannot make single pas horrible game last ever fifa ea fc ill ever buy shouldve buy least interesting game prize bad try refund game take money back did not pas hour steam did not give money back instead waste time play trash go play football manager,Not Recommended,340,29.7 hrs on record,Posted: September 21,en,0.127,0.232,0.641,-0.7755,Negative
hate buy every year,Not Recommended,33,61.6 hrs on record,Posted: September 21,en,0,0.552,0.448,-0.5719,Negative
buy game steam basicaly middle man use third party program open ea run game buy game ea app instead aware controller issue annoying hard fix would highly reccommend buy game playstation xbox,Not Recommended,252,3.3 hrs on record,Posted: September 21,en,0.075,0.115,0.81,-0.1027,Negative
game crash you start online match finnish game,Not Recommended,57,45.4 hrs on record,Posted: September 21,en,0,0.278,0.722,-0.4019,Negative
did not get hero pack get thhe game,Not Recommended,35,175.4 hrs on record,Posted: September 21,en,0,0.295,0.705,-0.4449,Negative
fix playstation controller work toffeesedit xbox controller worki keep review permanently negative let disable anfield menu stadium,Not Recommended,159,45.0 hrs on record,Posted: September 20,en,0,0.188,0.812,-0.5719,Negative
game unplayable pc cannot move player play online,Not Recommended,51,46.1 hrs on record,Posted: September 20,en,0,0.225,0.775,-0.2584,Negative
crush game,Not Recommended,12,53.2 hrs on record,Posted: September 20,en,0,0.615,0.385,-0.1531,Negative
buy thiscontroller sony controller atleast workthe input controller wrong example x leave share start x etci have not even able play match yet far know wired wireless samei follow fix review people ea forum nothing workedif is not fix today ill get refund,Not Recommended,351,331.1 hrs on record,Posted: September 20,en,0.097,0.135,0.768,-0.2033,Negative
absolutely hate game,Not Recommended,23,5.3 hrs on record,Posted: September 20,en,0,0.666,0.334,-0.6115,Negative
game steal money,Not Recommended,19,143.8 hrs on record,Posted: September 20,en,0,0.615,0.385,-0.4939,Negative
many people afk grind rust mode please make report button give punish afk player,Not Recommended,83,250.1 hrs on record,Posted: September 20,en,0.13,0.192,0.678,-0.2732,Negative
do not bother buying every year career mode change issue controller worse unplayable waste money,Not Recommended,117,39.0 hrs on record,Posted: September 20,en,0.102,0.296,0.602,-0.5946,Negative
controller does not work game does not load properlyi take break franchise last year i am slowly come realisation stop play horrible game billion dollar company cannot get small thing correct,Not Recommended,209,405.1 hrs on record,Posted: September 20,en,0.068,0.162,0.769,-0.5106,Negative
first hour horrible since controller input work mash x result go leave right bug outi find fix disable steam input open steam big picture launch itthis issue eagame horribly optimize pc get ti get stutter low setting try many thing fix publisher endmenus full error get frozen menu multiple time multiple mode especially ultimate team even try acces store do not want money anymore ea truly sad pathetic triple release yet againwait sale wait fix come do not spend money want smooth running game,Not Recommended,611,322.3 hrs on record,Posted: September 20,en,0.06,0.238,0.701,-0.933,Negative
absolute joke release controller bug hell cannot make substitute choose start xi even anything team management come chosing playersno fix work controllerin game issue game look feel like alpha fp indie game insane far literally unplayable like demo,Not Recommended,292,97.7 hrs on record,Posted: September 20,en,0.152,0.154,0.695,-0.2732,Negative
company ea sport fc fraud fight sukingg money giantsthis bad eanothing new game different year sad dissapointed,Not Recommended,140,72.0 hrs on record,Posted: September 20,en,0,0.5,0.5,-0.9186,Negative
game abselout assthey add denuvo anti tamper game run fps myi cannot even pas take millon year soo,Not Recommended,111,108.1 hrs on record,Posted: September 20,en,0,0.119,0.881,-0.3182,Negative
beware input lag disgust i have test online offline play vs console performance bad pc great pc run high fps theres certain time game fps drop matter you are low set drop camera change goal kick corner etc point will not able pull dribble green time bad thing general input lag compare console,Not Recommended,384,3.9 hrs on record,Posted: September 20,en,0.134,0.325,0.54,-0.9153,Negative
always crashingedit still crash piss waste dollarsedit game still crash experience bug ever purchaseedit game one bad buggy game purchase year game never unhappy disgust high price game value aud experience utter poor quality ea read utterly upset game follow unhappy yntdb,Not Recommended,407,232.4 hrs on record,Posted: September 20,en,0.166,0.331,0.503,-0.8802,Negative
try nostalgia terible terrible continue terrible regardless many shiny promo card throw every year,Not Recommended,134,146.4 hrs on record,Posted: September 20,en,0,0.341,0.659,-0.7351,Negative
edit buy do not trash game year f eaday one i have wait hour delay start game fine controller input mess minute try fix cannot playafter hour i have decide last ever fc i am ever buy copy paste scripted whoever make game go scd,Not Recommended,277,67.7 hrs on record,Posted: September 20,en,0.04,0.108,0.852,-0.4588,Negative
far bad fifa ever play life own every fifa since never experience game bad lifethe game clunky player play like dumbi think game develop people never touch football pitch livesbtw woman leap saliba score bicycle kick top yard box sick game brodo buy refund never buy franchise ever,Not Recommended,387,6.1 hrs on record,Posted: September 20,en,0.151,0.171,0.679,-0.4939,Negative
bad ever buy every year care really,Not Recommended,48,129.0 hrs on record,Posted: September 20,en,0.274,0.299,0.427,-0.0772,Negative
controller do not even work terrible game cannot even enjoy advanced access game maybe ea sport test game earlier scam poeple early access overall advanced access thing worth,Not Recommended,215,1.1 hrs on record,Posted: September 20,en,0.123,0.27,0.607,-0.6546,Negative
hell would remove custom formation give feature back remove one good stuff game guys lose mind every release get worst,Not Recommended,177,94.0 hrs on record,Posted: September 20,en,0.096,0.376,0.528,-0.8591,Negative
bad controler,Not Recommended,15,1.8 hrs on record,Posted: September 20,en,0,0.778,0.222,-0.5423,Negative
horrible game billion dollar company even put single tester check game release sell hundred thousand user controller work game play football,Not Recommended,175,312.7 hrs on record,Posted: September 20,en,0.096,0.141,0.763,-0.2732,Negative
game ass cannot bellingham as,Not Recommended,42,87.7 hrs on record,Posted: September 20,en,0,0.467,0.533,-0.5423,Negative
controller input bug cannot play game,Not Recommended,44,39.1 hrs on record,Posted: September 20,en,0,0.289,0.711,-0.2584,Negative
game already crash,Not Recommended,18,154.8 hrs on record,Posted: September 20,en,0,0.574,0.426,-0.4019,Negative
take football,Recommended,17,24.3 hrs on record,Posted: November 21,en,0,0,1,0,Neutral
fifa,Not Recommended,12,282.6 hrs on record,Posted: November 21,en,0,0,1,0,Neutral
perfectt,Recommended,9,16.5 hrs on record,Posted: November 20,en,0,0,1,0,Neutral
like game mainly due fact fifa game huge football fan would not recommend game someone does not friend play game people are not intrested football,Not Recommended,206,118.3 hrs on record,Posted: November 20,en,0.216,0.206,0.578,0.0839,Negative
love game avoid ut like cancer,Recommended,32,7.7 hrs on record,Posted: November 20,en,0.438,0.431,0.131,0.0258,Neutral
game new name,Not Recommended,19,15.0 hrs on record,Posted: November 20,en,0,0,1,0,Neutral
war thunder make ea insanely bipolar play game lovehate relationship,Recommended,82,20.8 hrs on record,Posted: November 19,en,0.168,0.273,0.559,-0.3612,Neutral
imagine buying game full price lmaoo,Recommended,39,4.8 hrs on record,Posted: November 19,en,0,0,1,0,Neutral
i am simple man see culture click buy,Recommended,54,21.8 hrs on record,Posted: November 19,en,0,0,1,0,Neutral
buy game unless game,Not Recommended,42,19.6 hrs on record,Posted: November 19,en,0,0,1,0,Negative
hectits,Recommended,7,76.6 hrs on record,Posted: November 19,en,0,0,1,0,Neutral
product refundedthis game actually unplayable month launch still stutter issue delay put mind decent pc ti okay still struggle get stable fps p forget controller issue make game perfect ea experience for freaks sake skip game cost,Not Recommended,275,2.6 hrs on record,Posted: November 19,en,0.171,0.217,0.613,-0.0258,Negative
dude still cannot use p controller steam eafc trash game,Not Recommended,59,80.1 hrs on record,Posted: November 18,en,0,0,1,0,Negative
cheek as,Not Recommended,20,41.2 hrs on record,Posted: November 18,en,0,0,1,0,Neutral
cannot even make sub career mode get stick moment try press back button,Not Recommended,70,7.3 hrs on record,Posted: November 18,en,0,0,1,0,Negative
game nothing new buy new ucl formatbuy discount,Not Recommended,82,23.8 hrs on record,Posted: November 18,en,0,0,1,0,Neutral
veryy badd gamee alot scriptss,Not Recommended,33,44.5 hrs on record,Posted: November 18,en,0,0,1,0,Negative
product refundedworst setting configsluggish gameplaybad server,Not Recommended,59,0.5 hrs on record,Posted: November 18,en,0,0,1,0,Negative
ea one bad publisher ever game cooked terrible play football manager join sunday league team good garbage,Not Recommended,133,82.4 hrs on record,Posted: November 18,en,0.287,0.253,0.46,-0.0258,Negative
game will not even launch,Not Recommended,20,0.5 hrs on record,Posted: November 18,en,0,0,1,0,Negative
game,Not Recommended,12,285.7 hrs on record,Posted: November 18,en,0,0,1,0,Neutral
product refund,Not Recommended,19,2.2 hrs on record,Posted: November 18,en,0,0,1,0,Negative
fun also soccer football idiot,Recommended,33,39.9 hrs on record,Posted: November 17,en,0.344,0.344,0.312,0,Neutral
xbox controller does not work fc,Not Recommended,31,3.5 hrs on record,Posted: November 17,en,0,0,1,0,Negative
practically malware,Not Recommended,18,2.0 hrs on record,Posted: November 17,en,0,0,1,0,Negative
absolutely garbage game,Not Recommended,21,36.5 hrs on record,Posted: November 17,en,0,0,1,0,Negative
fix gameplay tq,Not Recommended,16,185.6 hrs on record,Posted: November 16,en,0,0,1,0,Negative
yea do not buy,Not Recommended,18,7.9 hrs on record,Posted: November 16,en,0,0,1,0,Negative
another trash game ea always dissapoints,Not Recommended,41,117.4 hrs on record,Posted: November 16,en,0,0,1,0,Negative
copy game send,Recommended,24,9.2 hrs on record,Posted: November 15,en,0,0,1,0,Neutral
glitchy game do not buy,Not Recommended,24,110.8 hrs on record,Posted: November 15,en,0,0,1,0,Negative
game trash,Not Recommended,14,65.0 hrs on record,Posted: November 15,en,0,0,1,0,Negative
always trash game,Not Recommended,17,26.9 hrs on record,Posted: November 14,en,0,0,1,0,Negative
product refundeddo buy,Not Recommended,27,1.0 hrs on record,Posted: November 14,en,0,0,1,0,Negative
game do not buy unless,Not Recommended,42,77.7 hrs on record,Posted: November 14,en,0,0,1,0,Negative
andre onana mean,Recommended,41,0.8 hrs on record,Posted: November 14,en,0,0,1,0,Neutral
trash game every year pack gold mbape th week quick sell team delete game,Not Recommended,94,177.0 hrs on record,Posted: November 14,en,0,0,1,0,Negative
scripted game ever saliba did not even touch guy boom red card header goal kante,Not Recommended,100,111.2 hrs on record,Posted: November 14,en,0,0,1,0,Negative
product refundedboring,Not Recommended,21,1.3 hrs on record,Posted: November 14,en,0,0,1,0,Negative
i have really try give game chance gameplay consistently terrible online wise idea ea manage release gameplay update past month effect gameplay whatsoever disappointed do not bother buy game,Not Recommended,243,418.5 hrs on record,Posted: November 13,en,0.196,0.171,0.633,-0.0165,Negative
game,Not Recommended,10,249.7 hrs on record,Posted: November 13,en,0,0,1,0,Neutral
hacker everywhere,Not Recommended,18,169.4 hrs on record,Posted: November 12,en,0,0,1,0,Negative
script,Not Recommended,17,83.9 hrs on record,Posted: November 12,en,0,0,1,0,Neutral
annual football game spent,Recommended,23,35.7 hrs on record,Posted: November 12,en,0,0,1,0,Neutral
big piece,Not Recommended,28,90.2 hrs on record,Posted: November 12,en,0,0,1,0,Neutral
ea sport game,Recommended,19,29.2 hrs on record,Posted: November 12,en,0,0,1,0,Neutral
as,Not Recommended,3,9.4 hrs on record,Posted: November 12,en,0,0,1,0,Neutral
first year ut going to,Recommended,41,163.9 hrs on record,Posted: November 12,en,0,0,1,0,Neutral
trash game fix player delete,Not Recommended,35,197.2 hrs on record,Posted: November 11,en,0,0,1,0,Negative
game buy,Not Recommended,22,198.8 hrs on record,Posted: November 11,en,0,0,1,0,Neutral
game open close randomly also make window small computer close reopen,Not Recommended,96,29.0 hrs on record,Posted: November 11,en,0,0,1,0,Negative
lot bug glitch,Not Recommended,21,102.9 hrs on record,Posted: November 11,en,0,0,1,0,Negative
mehh alrr you fc do not go,Not Recommended,49,2.9 hrs on record,Posted: November 11,en,0,0,1,0,Negative
buy fc point,Not Recommended,16,147.8 hrs on record,Posted: November 10,en,0,0,1,0,Neutral
crash time cannot open sometimes does not refund terrible,Not Recommended,58,306.9 hrs on record,Posted: November 9,en,0.208,0.22,0.571,-0.0377,Negative
game every update introduce new bugsbuy game instead,Not Recommended,56,195.0 hrs on record,Posted: November 9,en,0,0,1,0,Negative
much difference previous game with career modee,Recommended,57,30.8 hrs on record,Posted: November 6,en,0,0,1,0,Neutral
good game woman unfortunately do not get woman strength win physical fight brian brobbey strength build like hulk what the freak explain still good game,Recommended,178,194.2 hrs on record,Posted: November 5,en,0.293,0.319,0.388,-0.0145,Neutral
garbage update make game even unplayable eveything game genericff,Not Recommended,115,73.8 hrs on record,Posted: November 5,en,0,0,1,0,Negative
trash,Not Recommended,5,37.4 hrs on record,Posted: November 5,en,0,0,1,0,Negative
pro club,Recommended,12,298.2 hrs on record,Posted: November 5,en,0,0,1,0,Neutral
bad mechanic might well pas ball opponent overpower mechanic keeper stand still opponent use power shot plus super speed past defence quick step terrible optimization play low setting everything game stick loading screen crash ea see cash grab,Not Recommended,300,73.8 hrs on record,Posted: November 5,en,0.235,0.216,0.549,0,Negative
need work last somehow fcked,Not Recommended,49,115.9 hrs on record,Posted: November 5,en,0,0,1,0,Negative
noothis game trash,Not Recommended,51,324.3 hrs on record,Posted: November 4,en,0,0,1,0,Negative
eafc goated game manager player career goodd aswel rush modeis volta,Recommended,97,27.1 hrs on record,Posted: November 4,en,0,0,1,0,Neutral
hacking,Not Recommended,10,244.8 hrs on record,Posted: November 3,en,0,0,1,0,Negative
piece mathc making,Not Recommended,23,11.0 hrs on record,Posted: November 3,en,0,0,1,0,Negative
game poorly optimise match always slow motion cannot find fix anywhere game poor excuse company ea,Not Recommended,167,54.5 hrs on record,Posted: November 3,en,0.207,0.153,0.64,0.0258,Negative
many bug fix,Not Recommended,25,160.4 hrs on record,Posted: November 2,en,0,0,1,0,Negative
game sht,Not Recommended,14,116.9 hrs on record,Posted: November 2,en,0,0,1,0,Negative
actually,Not Recommended,12,30.7 hrs on record,Posted: November 2,en,0,0,1,0,Neutral
realistic game everyone finesse shot outside box score,Not Recommended,63,471.2 hrs on record,Posted: November 1,en,0,0,1,0,Positive
update fc,Not Recommended,20,31.7 hrs on record,Posted: November 1,en,0,0,1,0,Neutral
last year pure,Not Recommended,29,149.1 hrs on record,Posted: November 1,en,0,0,1,0,Neutral
do not buy,Not Recommended,16,58.9 hrs on record,Posted: November 1,en,0,0,1,0,Negative
do not buy do not,Not Recommended,19,302.9 hrs on record,Posted: October 31,en,0,0,1,0,Negative
tackle woman,Recommended,14,9.9 hrs on record,Posted: October 31,en,0,0,1,0,Neutral
you want to go insane play game,Recommended,28,30.5 hrs on record,Posted: October 31,en,0.356,0.26,0.385,0,Neutral
relegation make online unplayable,Not Recommended,41,76.2 hrs on record,Posted: October 29,en,0,0,1,0,Negative
is not even going to explain,Not Recommended,33,152.3 hrs on record,Posted: October 29,en,0,0,1,0,Negative
game do not buy,Not Recommended,33,217.0 hrs on record,Posted: October 29,en,0,0,1,0,Negative
scripted fifa,Not Recommended,16,116.7 hrs on record,Posted: October 29,en,0,0,1,0,Negative
game every year,Not Recommended,24,153.9 hrs on record,Posted: October 29,en,0,0,1,0,Neutral
footballsoccer game,Recommended,20,19.2 hrs on record,Posted: October 29,en,0,0,1,0,Neutral
spend money get ball,Not Recommended,27,72.5 hrs on record,Posted: October 29,en,0,0,1,0,Neutral
did not play fc fc one year away come back play fc gotta say overall good gamemaybe ea need make new fcs every year instead yearbut vote region blockslimits ea app game also limit connection,Not Recommended,293,223.8 hrs on record,Posted: October 28,en,0.074,0.104,0.821,-0.0444,Negative
cr goat,Recommended,12,10.6 hrs on record,Posted: October 28,en,0,0,1,0,Neutral
game ever mother ing game,Not Recommended,43,279.2 hrs on record,Posted: October 28,en,0,0,1,0,Neutral
trash game,Not Recommended,9,48.2 hrs on record,Posted: October 27,en,0,0,1,0,Negative
griezman thuram sxually assualt,Recommended,32,219.5 hrs on record,Posted: October 27,en,0,0,1,0,Neutral
product refundednot work,Not Recommended,25,19.9 hrs on record,Posted: October 26,en,0,0,1,0,Negative
old game new update many glitch,Not Recommended,37,122.3 hrs on record,Posted: October 26,en,0,0,1,0,Negative
fix ut matchmaking,Not Recommended,16,77.4 hrs on record,Posted: October 26,en,0,0,1,0,Negative
many glitch,Not Recommended,14,38.1 hrs on record,Posted: October 26,en,0,0,1,0,Negative
benjamin make game unbearable,Recommended,31,109.3 hrs on record,Posted: October 25,en,0,0,1,0,Neutral
try,Recommended,5,140.8 hrs on record,Posted: October 25,en,0,0,1,0,Neutral
game,Not Recommended,16,173.5 hrs on record,Posted: October 25,en,0,0,1,0,Neutral
anybody know even get game launch,Recommended,43,0.1 hrs on record,Posted: October 25,en,0,0,1,0,Neutral
another year ea,Not Recommended,26,118.5 hrs on record,Posted: October 25,en,0,0,1,0,Neutral
anfield hasnt upgrade also warn community behaviour wise one bad game toxic,Not Recommended,98,100.8 hrs on record,Posted: October 24,en,0.26,0.207,0.533,-0.0268,Negative
will not launch get stick loading screen work twice,Not Recommended,59,13.6 hrs on record,Posted: October 22,en,0,0,1,0,Negative
actually announce work controller problem month ago update problem still fix funny keep guys great team skulltry fix game instead advertise everywhere update problem still fix,Not Recommended,216,87.1 hrs on record,Posted: October 22,en,0.194,0.224,0.582,-0.0258,Negative
cokyi,Recommended,5,100.6 hrs on record,Posted: October 20,en,0,0,1,0,Neutral
online disconnect every minute,Not Recommended,31,41.2 hrs on record,Posted: October 20,en,0,0,1,0,Negative
game monkey as gorilla kick ball would accurate representation football game do not buy,Not Recommended,105,90.2 hrs on record,Posted: October 20,en,0,0,1,0,Negative
as,Not Recommended,3,105.2 hrs on record,Posted: October 20,en,0,0,1,0,Neutral
everything,Not Recommended,10,67.1 hrs on record,Posted: October 20,en,0,0,1,0,Neutral
ea fc update,Not Recommended,16,107.3 hrs on record,Posted: October 19,en,0,0,1,0,Neutral
developer read please make game abandon house night follow virgil van dijk scream firgil von doik firgil von doik virlgil van i am really courious experience ovr player feel every game,Recommended,218,139.8 hrs on record,Posted: October 19,en,0.066,0.16,0.774,-0.5106,Neutral
you cannot report player afkspamming one input rush make unplayable,Not Recommended,75,98.7 hrs on record,Posted: October 19,en,0,0,1,0,negative
cannot put portuguese commentary game,Recommended,40,409.8 hrs on record,Posted: October 18,en,0,0,1,0,Neutral
rebound bounce back fc,Recommended,22,141.3 hrs on record,Posted: October 18,en,0,0,1,0,Neutral
new do not much card match week amazin,Recommended,80,22.6 hrs on record,Posted: October 18,en,0,0,1,0,Neutral
game year year somehow gameplay get bad year yeari would recommend game your wasting your precious money buy game as game,Not Recommended,170,65.8 hrs on record,Posted: October 17,en,0.211,0.211,0.578,0,negative
scripted,Not Recommended,10,79.2 hrs on record,Posted: October 17,en,0,0,1,0,Neutral
never get,Not Recommended,20,221.5 hrs on record,Posted: October 17,en,0,0,1,0,negative
usual,Not Recommended,15,274.5 hrs on record,Posted: October 17,en,0,0,1,0,Neutral
trash game,Not Recommended,9,127.4 hrs on record,Posted: October 17,en,0,0,1,0,negative
last year,Recommended,14,101.6 hrs on record,Posted: October 16,en,0,0,1,0,Neutral
as game,Not Recommended,7,313.5 hrs on record,Posted: October 16,en,0,0,1,0,Neutral
fix bug,Recommended,11,73.6 hrs on record,Posted: October 15,en,0,0,1,0,Neutral
game still spend,Not Recommended,30,242.5 hrs on record,Posted: October 15,en,0,0,1,0,Neutral
game every year let realim way hook walk away,Recommended,66,199.7 hrs on record,Posted: October 15,en,0,0,1,0,Neutral
game new gamemode,Not Recommended,24,38.6 hrs on record,Posted: October 15,en,0,0,1,0,Neutral
pirate fifa point,Not Recommended,27,112.4 hrs on record,Posted: October 15,en,0,0,1,0,Neutral
people rubberband rush drink petrol,Not Recommended,36,47.2 hrs on record,Posted: October 14,en,0,0,1,0,Neutral
trash as game,Not Recommended,12,53.0 hrs on record,Posted: October 14,en,0,0,1,0,negative
shttiest online football game ever,Not Recommended,32,136.8 hrs on record,Posted: October 14,en,0,0,1,0,negative
lose progress,Not Recommended,19,49.4 hrs on record,Posted: October 14,en,0.509,0.491,0,0.0258,negative
football ea game,Not Recommended,25,85.5 hrs on record,Posted: October 14,en,0,0,1,0,Neutral
game trash,Not Recommended,14,127.0 hrs on record,Posted: October 14,en,0,0,1,0,negative
think fifa step right direction,Recommended,40,53.8 hrs on record,Posted: October 14,en,0,0,1,0,Neutral
player cannot pas pass stupid rebound allways go opponent player fk gameplay last fc ea game buy freak you ea,Not Recommended,127,358.3 hrs on record,Posted: October 13,en,0.117,0.122,0.76,-0.032,negative
fc iq,Not Recommended,10,48.0 hrs on record,Posted: October 13,en,0,0,1,0,Neutral
lunch since today,Not Recommended,27,6.0 hrs on record,Posted: October 13,en,0,0,1,0,Neutral
game make animal,Not Recommended,20,5.2 hrs on record,Posted: October 13,en,0,0,1,0,Negative
cold game,Recommended,8,39.8 hrs on record,Posted: October 13,en,0,0,1,0,Neutral
controller does not work word jesus christ,Recommended,54,12.7 hrs on record,Posted: October 12,en,0,0,1,0,Neutral
usual year keep buying,Not Recommended,38,221.3 hrs on record,Posted: October 12,en,0,0,1,0,Positive
game change tactic substitute player without actually anything,Not Recommended,80,14.1 hrs on record,Posted: October 12,en,0,0,1,0,Neutral
someone play since fifa game feel worseinput delay horrible passing system artificial intelligent defender walk away striker even visuals feel flatthe modern menu irresponsive slow will not even get start amount glitch year change fifa point disgustingunfortunatly think last fifa fc,Not Recommended,314,48.9 hrs on record,Posted: October 12,en,0.14,0.119,0.741,0,Negative
bnt wesa,Not Recommended,8,120.0 hrs on record,Posted: October 12,en,0,0,1,0,Neutral
always force close lolo lololololololol,Not Recommended,35,50.8 hrs on record,Posted: October 12,en,0,0,1,0,Negative
ea,Not Recommended,6,70.6 hrs on record,Posted: October 12,en,0,0,1,0,Neutral
still do not know claim bonusseshmm,Not Recommended,41,7.8 hrs on record,Posted: October 12,en,0,0,1,0,Negative
spend money extra controlers fifa point game break controller,Recommended,83,91.1 hrs on record,Posted: October 12,en,0,0,1,0,Neutral
fc bestt,Recommended,21,179.3 hrs on record,Posted: October 11,en,0,0,1,0,Neutral
piece trash game,Not Recommended,19,72.1 hrs on record,Posted: October 11,en,0,0,1,0,Negative
cray pack,Recommended,9,98.7 hrs on record,Posted: October 11,en,0,0,1,0,Neutral
least something club time,Recommended,45,89.3 hrs on record,Posted: October 11,en,0,0,1,0,Neutral
chippy chip,Recommended,10,359.2 hrs on record,Posted: October 10,en,0,0,1,0,Neutral
game recomended setting still would not work you,Not Recommended,70,0.6 hrs on record,Posted: October 10,en,0,0,1,0,Negative
could refund would,Not Recommended,20,22.6 hrs on record,Posted: October 10,en,0,0,1,0,Negative
career mode add unsackable option enough get buy game finallystill laziness interview player conversation though complete incorrect name spell mistakesgameplay youd expect,Recommended,203,7.2 hrs on record,Posted: October 10,en,0,0,1,0,Neutral
need are,Recommended,7,111.3 hrs on record,Posted: October 10,en,0,0,1,0,Neutral
year,Not Recommended,16,11.6 hrs on record,Posted: October 10,en,0,0,1,0,Neutral
ea never disapoints come disapointing you,Not Recommended,44,39.0 hrs on record,Posted: October 9,en,0,0,1,0,Positive
nice game fc always crash buy player ultimate team,Recommended,63,73.1 hrs on record,Posted: October 9,en,0.224,0.216,0.56,0.0258,Neutral
game keep crashing,Recommended,24,20.6 hrs on record,Posted: October 9,en,0,0,1,0,Neutral
literal poop know literal diarrhea,Not Recommended,68,126.8 hrs on record,Posted: October 9,en,0,0,1,0,Negative
man scroll,Recommended,19,126.1 hrs on record,Posted: October 8,en,0,0,1,0,Neutral
rush fill egoistical individualsfreekick system brokenreferee system brokengame fill bug,Not Recommended,100,16.3 hrs on record,Posted: October 8,en,0,0,1,0,Negative
still many bug yet charge ultimate edition,Not Recommended,56,18.5 hrs on record,Posted: October 8,en,0,0,1,0,Negative
addict,Recommended,14,165.0 hrs on record,Posted: October 8,en,0,0,1,0,Neutral
buggy as,Not Recommended,12,97.0 hrs on record,Posted: October 8,en,0,0,1,0,Negative
absolute pile st,Not Recommended,19,117.9 hrs on record,Posted: October 8,en,0,0,1,0,Negative
rubbish next time one game come might burn money instead,Not Recommended,84,10.7 hrs on record,Posted: October 7,en,0,0,1,0,Negative
everything,Recommended,10,25.7 hrs on record,Posted: October 7,en,0,0,1,0,Neutral
brother option buy point app,Recommended,38,232.3 hrs on record,Posted: October 7,en,0,0,1,0,Neutral
connection online every year,Not Recommended,32,102.9 hrs on record,Posted: October 6,en,0,0,1,0,Neutral
say review,Not Recommended,21,54.9 hrs on record,Posted: October 6,en,0,0,1,0,Neutral
instead buy game donate buck animal sheltersnothing change adjustable tumbler turn clown rebound unresponded defending,Not Recommended,146,82.5 hrs on record,Posted: October 6,en,0,0,1,0,Negative
game every year bug every year buy cause football sim game,Not Recommended,100,269.7 hrs on record,Posted: October 6,en,0,0,1,0,Negative
fc rerelease,Not Recommended,14,96.1 hrs on record,Posted: October 5,en,0,0,1,0,Neutral
ihjqbiu oy iuwefe,Recommended,16,73.3 hrs on record,Posted: October 5,en,0,0,1,0,Neutral
product refundedfix bug ps controler,Not Recommended,47,2.4 hrs on record,Posted: October 5,en,0,0,1,0,Negative
nothing match,Recommended,20,4.8 hrs on record,Posted: October 5,en,0,0,1,0,Neutral
buy lamine yamal,Recommended,27,66.7 hrs on record,Posted: October 5,en,0,0,1,0,Neutral
spent trial time reset game try load back due menu crashing instant force close reason,Not Recommended,112,230.1 hrs on record,Posted: October 5,en,0,0,1,0,Negative
game different year,Recommended,22,58.3 hrs on record,Posted: October 4,en,0,0,1,0,Neutral
know chippy chip wot,Recommended,22,33.3 hrs on record,Posted: October 4,en,0,0,1,0,Neutral
fc online via steam purchase,Not Recommended,29,19.2 hrs on record,Posted: October 4,en,0,0,1,0,Neutral
script every year,Not Recommended,20,55.5 hrs on record,Posted: October 4,en,0,0,1,0,Neutral
grafics,Recommended,11,53.4 hrs on record,Posted: October 4,en,0,0,1,0,Neutral
football,Recommended,12,208.9 hrs on record,Posted: October 4,en,0,0,1,0,Neutral
game new year,Not Recommended,15,9.7 hrs on record,Posted: October 4,en,0,0,1,0,Neutral
yk chippy chip,Recommended,13,87.0 hrs on record,Posted: October 4,en,0,0,1,0,Neutral
trash game always,Not Recommended,17,247.6 hrs on record,Posted: October 4,en,0,0,1,0,Negative
much pugg your game snice,Not Recommended,35,322.7 hrs on record,Posted: October 4,en,0,0,1,0,Negative
game,Not Recommended,14,63.7 hrs on record,Posted: October 4,en,0,0,1,0,Neutral
live greed ultimate team ea nonsense gameplay turn much much worse year slow unresponsive do not make move second does not happen skip one innovation make bad save grace v rush mode alone cannot carry new horrible v experience control player way responsive fc,Not Recommended,388,152.2 hrs on record,Posted: October 3,en,0.233,0.234,0.534,-0.0129,Negative
game get bug game beta version,Not Recommended,54,272.6 hrs on record,Posted: October 3,en,0,0,1,0,Negative
game cool problem try buy fifa point get kick say error laughing,Recommended,88,65.3 hrs on record,Posted: October 3,en,0.291,0.286,0.423,0.0258,Neutral
great game need fix,Recommended,27,180.5 hrs on record,Posted: October 3,en,0.577,0,0.423,0.6249,Neutral
guess,Recommended,14,55.2 hrs on record,Posted: October 3,en,0,0,1,0,Neutral
thing,Recommended,9,10.1 hrs on record,Posted: October 2,en,0,0,1,0,Neutral
gameplay ultimate team,Not Recommended,26,21.3 hrs on record,Posted: October 2,en,0,0,1,0,Neutral
game soo,Not Recommended,26,109.3 hrs on record,Posted: October 2,en,0,0,1,0,Neutral
product refunded great,Recommended,20,89.5 hrs on record,Posted: October 2,en,0,0,1,0,Neutral
really good game kinda laggy glitchy sometimes,Recommended,55,73.8 hrs on record,Posted: October 2,en,0.347,0,0.653,0.4927,Neutral
gameplay slow pace noticeable issue people already haaland ensemble cast around improvement decent early stage look bad save grace face customization really funny enough promote get game,Not Recommended,245,55.5 hrs on record,Posted: October 2,en,0.381,0.088,0.531,0.8899,Negative
pile,Not Recommended,14,6.6 hrs on record,Posted: October 1,en,0,0,1,0,Negative
sometimes maybe good sometimes,Recommended,32,9.7 hrs on record,Posted: October 1,en,0.492,0,0.508,0.4404,Neutral
still pay to win however lot great quality of life change make game lot enjoyable definitely still bug gameplay exploit need nerfed overall enjoy time far game,Recommended,209,137.2 hrs on record,Posted: October 1,en,0.399,0.043,0.557,0.91,Neutral
first fifa game buy year game seem gotten bad time even though gameplay good great part game get little thing wrong music commentary horrible mute hour annoying repetitive menu screen bloat fill tedious get way game feel like ship bunch idea forget fine tune launch mostly play manager career mode mode much bad use fill bunch tedious make game mode unfun cannot simulate youth game simulate regular game first team force play v youth drive game put almost hour game hour play less less like game,Not Recommended,758,164.6 hrs on record,Posted: October 1,en,0.189,0.18,0.631,0.0202,Negative
yeah rush,Recommended,8,163.0 hrs on record,Posted: October 1,en,0,0,1,0,Neutral
game,Not Recommended,12,68.8 hrs on record,Posted: October 1,en,0,0,1,0,Neutral
people always hate ea fc understand ea money hungry stuff allat game still fun always issue present non directly ruin gameplay know opinion still,Recommended,200,71.0 hrs on record,Posted: October 1,en,0.107,0.244,0.649,-0.6369,Neutral
lose friend last minute powershot top binz powershotted cat window,Recommended,75,19.3 hrs on record,Posted: October 1,en,0.34,0.184,0.476,0.3182,Neutral
play xbox controller,Recommended,26,300.1 hrs on record,Posted: September 30,en,0.545,0,0.455,0.34,Neutral
fire,Recommended,4,86.7 hrs on record,Posted: September 30,en,0,1,0,-0.34,Neutral
ikke bra pack luck,Recommended,15,77.7 hrs on record,Posted: September 30,en,0.5,0,0.5,0.4588,Neutral
far good last title however still ea product would not recommend buy game full price price tag simply outrageous amount improvement game get since last title suggestion possible buyer game wait december buy game winter sale fairly low price,Recommended,315,39.0 hrs on record,Posted: September 30,en,0.125,0.153,0.722,-0.0798,Neutral
fc another cover,Not Recommended,28,9.9 hrs on record,Posted: September 30,en,0,0,1,0,Neutral
nothing,Not Recommended,7,123.9 hrs on record,Posted: September 30,en,0,0,1,0,Negative
fifa,Not Recommended,7,80.1 hrs on record,Posted: September 30,en,0,0,1,0,Neutral
fix controller issue ea do,Not Recommended,45,60.4 hrs on record,Posted: September 30,en,0,0,1,0,Negative
chat get bang jv,Recommended,24,51.2 hrs on record,Posted: September 29,en,0,0,1,0,Neutral
feinious game,Recommended,12,65.1 hrs on record,Posted: September 29,en,0,0,1,0,Neutral
game scripted pron movie,Not Recommended,37,75.4 hrs on record,Posted: September 29,en,0,0,1,0,Negative
use controller does not work,Not Recommended,27,90.4 hrs on record,Posted: September 29,en,0,0,1,0,Negative
mid lowkey,Recommended,12,225.5 hrs on record,Posted: September 29,en,0,0,1,0,Neutral
spend hour debug shxxt trash game spent min gameplay cracked company eaholly jesus,Not Recommended,146,42.6 hrs on record,Posted: September 29,en,0,0,1,0,Negative
ea maney lawora,Recommended,13,89.2 hrs on record,Posted: September 29,en,0,0,1,0,Neutral
cannot change player ut,Not Recommended,20,199.9 hrs on record,Posted: September 29,en,0,0,1,0,Negative
bug glitch every year,Not Recommended,30,162.7 hrs on record,Posted: September 29,en,0,0,1,0,Negative
erm fifa,Recommended,15,111.4 hrs on record,Posted: September 29,en,0,0,1,0,Neutral
product refundedcontroller work dissapointed,Not Recommended,56,44.4 hrs on record,Posted: September 29,en,0,0,1,0,Negative
get dog mbappe throw chair nan skull,Recommended,50,113.2 hrs on record,Posted: September 29,en,0,0,1,0,Neutral
football,Recommended,8,77.4 hrs on record,Posted: September 29,en,0,0,1,0,Neutral
tfh tfght,Recommended,8,10.0 hrs on record,Posted: September 28,en,0,0,1,0,Neutral
game,Not Recommended,14,17.7 hrs on record,Posted: September 28,en,0,0,1,0,Neutral
football life,Recommended,13,135.3 hrs on record,Posted: September 28,en,0,0,1,0,Neutral
everything,Recommended,10,54.6 hrs on record,Posted: September 28,en,0,0,1,0,Neutral
still,Not Recommended,20,229.6 hrs on record,Posted: September 28,en,0,0,1,0,Neutral
fix game,Not Recommended,10,35.3 hrs on record,Posted: September 28,en,0,0,1,0,Negative
buy already fc,Not Recommended,32,28.5 hrs on record,Posted: September 28,en,0,0,1,0,Neutral
football,Recommended,8,30.5 hrs on record,Posted: September 28,en,0,0,1,0,Neutral
power shot,Recommended,9,15.6 hrs on record,Posted: September 28,en,0,0,1,0,Neutral
product refundedplease ea fix controller dpad movement make ball fly,Not Recommended,68,75.2 hrs on record,Posted: September 28,en,0,0,1,0,Negative
glitch store pack,Recommended,18,190.9 hrs on record,Posted: September 28,en,0,0,1,0,Neutral
controller do not work,Not Recommended,19,281.4 hrs on record,Posted: September 28,en,0,0,1,0,Negative
legit game past year,Not Recommended,32,94.5 hrs on record,Posted: September 28,en,0,0,1,0,Positive
fin fin fin fin fin,Not Recommended,15,155.2 hrs on record,Posted: September 28,en,0,0,1,0,Neutral
controller issue ea will not fix,Not Recommended,31,38.2 hrs on record,Posted: September 28,en,0,0,1,0,Negative
buy game,Recommended,24,175.7 hrs on record,Posted: September 28,en,0,0,1,0,Neutral
still,Not Recommended,16,216.6 hrs on record,Posted: September 28,en,0,0,1,0,Neutral
game go black screen load menu,Not Recommended,54,69.8 hrs on record,Posted: September 28,en,0,0,1,0,Negative
much bug,Not Recommended,9,108.7 hrs on record,Posted: September 28,en,0,0,1,0,Negative
game,Not Recommended,13,24.2 hrs on record,Posted: September 28,en,0,0,1,0,Neutral
take time boot server die would recommend buy full pricei could eat like sheik whole week instead buy,Recommended,134,226.1 hrs on record,Posted: September 28,en,0.209,0.163,0.628,0.0258,Neutral
ghreat,Recommended,6,87.0 hrs on record,Posted: September 28,en,0,0,1,0,Neutral
pay play game early release server go fire sorry think people pay ultimate edition get priority standard edition player well yet ea sort server could know would happen day release,Not Recommended,229,60.3 hrs on record,Posted: September 28,en,0.129,0.186,0.686,0,Negative
fc transfer update,Not Recommended,29,119.4 hrs on record,Posted: September 28,en,0,0,1,0,Neutral
server host antarticadont buy,Not Recommended,41,22.1 hrs on record,Posted: September 28,en,0,0,1,0,Negative
game sport game,Not Recommended,24,82.1 hrs on record,Posted: September 28,en,0,0,1,0,Neutral
game rlly buggy,Not Recommended,17,51.3 hrs on record,Posted: September 28,en,0,0,1,0,Negative
cel mai de kkt joc sa va ia drecu,Not Recommended,26,56.8 hrs on record,Posted: September 28,en,0,0,1,0,Neutral
many glitch,Not Recommended,15,97.8 hrs on record,Posted: September 28,en,0,0,1,0,Negative
new jersey less licenseno ac milan inter milan,Not Recommended,57,208.8 hrs on record,Posted: September 27,en,0,0,1,0,Negative
st day full launch start controller work,Not Recommended,72,61.7 hrs on record,Posted: September 27,en,0,0,1,0,Neutral
one year grinding,Recommended,19,55.9 hrs on record,Posted: September 27,en,0,0,1,0,Neutral
ea anti cheat hold together integrity ea shareholder say hold together steam pile garbage will not let launch game underwear blue last thursday simply cause does not like weather lookingea fc pc unplayable last year year toodo well ea good,Not Recommended,303,0.2 hrs on record,Posted: September 27,en,0.155,0.151,0.694,0.049,Negative
amaizing football game,Recommended,24,9.8 hrs on record,Posted: September 27,en,0,0,1,0,Neutral
another year another,Not Recommended,23,51.0 hrs on record,Posted: September 27,en,0,0,1,0,Neutral
many glitch bug,Not Recommended,21,144.0 hrs on record,Posted: September 27,en,0,0,1,0,Negative
game ea stc,Not Recommended,25,175.5 hrs on record,Posted: September 27,en,0,0,1,0,Neutral
firree,Recommended,10,175.1 hrs on record,Posted: September 27,en,0,0,1,0,Neutral
actually watch cutscenes,Recommended,29,118.4 hrs on record,Posted: September 27,en,0,0,1,0,Neutral
nicolas jackson,Recommended,14,231.1 hrs on record,Posted: September 27,en,0,0,1,0,Neutral
did not get fc point coin purchase game last week,Recommended,61,60.4 hrs on record,Posted: September 27,en,0,0,1,0,Neutral
game actually unplayable bug tester solo indie dev world could fix controller issue billion dollar company moment,Not Recommended,123,24.0 hrs on record,Posted: September 27,en,0,0,1,0,Negative
gameplay subpar ui,Not Recommended,23,78.6 hrs on record,Posted: September 27,en,0,0,1,0,Neutral
get xhaka time row,Not Recommended,27,309.3 hrs on record,Posted: September 26,en,0,0,1,0,Negative
game different name,Recommended,27,22.9 hrs on record,Posted: September 26,en,0,0,1,0,Neutral
copy paste nth new,Not Recommended,15,538.5 hrs on record,Posted: September 26,en,0,0,1,0,Negative
take hour get cotroller setup everytime,Not Recommended,40,35.8 hrs on record,Posted: September 26,en,0,0,1,0,Negative
half assed pc release simply does not work,Not Recommended,35,4.6 hrs on record,Posted: September 26,en,0,0,1,0,Negative
brotha,Recommended,6,321.1 hrs on record,Posted: September 26,en,0,0,1,0,Neutral
trash game finish game still give dnf,Not Recommended,42,124.8 hrs on record,Posted: September 26,en,0,0,1,0,Negative
p controller dosent work gam sit,Not Recommended,39,1.5 hrs on record,Posted: September 26,en,0,0,1,0,Negative
game controller do not work you cannot refund you get ultimate edition,Not Recommended,65,184.1 hrs on record,Posted: September 26,en,0,0,1,0,Negative
last year,Not Recommended,14,23.1 hrs on record,Posted: September 26,en,0,0,1,0,Neutral
game,Not Recommended,24,257.1 hrs on record,Posted: September 25,en,0,0,1,0,Neutral
another year,Not Recommended,24,46.7 hrs on record,Posted: September 25,en,0,0,1,0,Neutral
game,Not Recommended,14,114.2 hrs on record,Posted: September 25,en,0,0,1,0,Neutral
hour trial probably spent relaunching constant crashingfreezing load screen do not buy yet fix pc issue exact game last year yet another cash grab,Not Recommended,210,9.3 hrs on record,Posted: September 25,en,0,0,1,0,Negative
cannot even open gameit get frozen open itand i have tried everythingevery update driver restart pc run adminstrator nothing work i am do,Not Recommended,142,66.9 hrs on record,Posted: September 25,en,0,0,1,0,Negative
full bug,Not Recommended,10,178.3 hrs on record,Posted: September 24,en,0,0,1,0,Negative
overall gameplay goodbut controller issue badd,Recommended,54,117.3 hrs on record,Posted: September 24,en,0,0,1,0,Neutral
steam controller possible,Not Recommended,29,0.2 hrs on record,Posted: September 24,en,0,0,1,0,Negative
nthing,Recommended,6,224.2 hrs on record,Posted: September 24,en,0,0,1,0,Neutral
everytime back lobby friend need restart game order join example pro club back use skill point try go back lobby stick loading screen work around really is not need force quit game relaunch annoy waste time,Not Recommended,278,156.0 hrs on record,Posted: September 24,en,0.176,0.132,0.693,-0.0258,Negative
server actually game still terrible save money get ufl instead,Not Recommended,80,136.9 hrs on record,Posted: September 24,en,0.224,0.217,0.559,0.0258,Negative
game,Not Recommended,14,100.6 hrs on record,Posted: September 24,en,0,0,1,0,Neutral
perfectoo,Recommended,10,203.6 hrs on record,Posted: September 24,en,0,0,1,0,Neutral
nice game many bug did not get hero pre order,Recommended,47,115.3 hrs on record,Posted: September 23,en,0.204,0.213,0.583,-0.032,Neutral
as game,Not Recommended,7,539.1 hrs on record,Posted: September 23,en,0,0,1,0,Neutral
hey i have find bug assign player purchase himher freezez game happen build sbc squadthey still fix mbappe atleast coin compensation,Not Recommended,182,323.5 hrs on record,Posted: September 23,en,0,0,1,0,Negative
neither feets ball,Recommended,20,82.7 hrs on record,Posted: September 23,en,0,0,1,0,Neutral
trash game do not buy itfk game,Not Recommended,33,37.2 hrs on record,Posted: September 22,en,0,0,1,0,Negative
buy ultimate editionthis ea account restrict access online featuresedit currently talk support know go happen many game forum message,Not Recommended,311,8.0 hrs on record,Posted: September 22,en,0.121,0.117,0.762,0.0258,Negative
fifa,Recommended,7,196.3 hrs on record,Posted: September 22,en,0,0,1,0,Neutral
new game,Not Recommended,17,9.8 hrs on record,Posted: September 22,en,0,0,1,0,Neutral
yk chippy chip,Recommended,14,80.9 hrs on record,Posted: September 22,en,0,0,1,0,Neutral
game,Recommended,16,128.1 hrs on record,Posted: September 22,en,0,0,1,0,Neutral
buggy controller does not work pc,Not Recommended,37,51.2 hrs on record,Posted: September 22,en,0,0,1,0,Negative
euro,Not Recommended,18,33.8 hrs on record,Posted: September 22,en,0,0,1,0,Neutral
ball does not kick properly player do not football script unreal game brocken,Recommended,67,206.2 hrs on record,Posted: September 22,en,0,0,1,0,Neutral
thumb,Recommended,10,462.1 hrs on record,Posted: September 22,en,0,0,1,0,Neutral
literally fc dlc,Not Recommended,20,9.2 hrs on record,Posted: September 22,en,0,0,1,0,Negative
think somtimes live i am competitiv jou,Recommended,43,63.2 hrs on record,Posted: September 22,en,0,0,1,0,Neutral
controller work properly random thing i am press button,Not Recommended,75,2.5 hrs on record,Posted: September 21,en,0,0,1,0,Negative
trash game,Not Recommended,10,13.9 hrs on record,Posted: September 21,en,0,0,1,0,Negative
scripted game,Not Recommended,19,197.1 hrs on record,Posted: September 21,en,0,0,1,0,Negative
controller does not work game time game hang splash screen expensive preorder launch little work basically expensive trash,Not Recommended,153,438.1 hrs on record,Posted: September 21,en,0,0,1,0,Negative
game heavy,Not Recommended,14,145.9 hrs on record,Posted: September 21,en,0,0,1,0,Negative
game with rizz,Recommended,16,60.1 hrs on record,Posted: September 21,en,0,0,1,0,Neutral
trash game bharely work pc do not get game bye bye,Not Recommended,52,122.8 hrs on record,Posted: September 21,en,0,0,1,0,Negative
amaze consistently put product many bug i have encountered random crash inescapable menu click item everything disappear reset tonight i am learning menus avoidupdate fix menu still get stick,Not Recommended,242,271.0 hrs on record,Posted: September 21,en,0.109,0.143,0.748,-0.0258,Negative
football,Recommended,10,127.8 hrs on record,Posted: September 21,en,0,0,1,0,Neutral
badfull script,Not Recommended,19,108.3 hrs on record,Posted: September 21,en,0,0,1,0,Negative
literally issue eafc randomly get stick ut menu force quit game restart,Not Recommended,102,83.0 hrs on record,Posted: September 21,en,0,0,1,0,Negative
menu crashesfreezes actually game playedthis issue last year across platform way clearly do not care,Not Recommended,117,214.7 hrs on record,Posted: September 21,en,0.147,0.143,0.709,0.0186,Negative
preety,Recommended,6,364.3 hrs on record,Posted: September 21,en,0,0,1,0,Neutral
ever try flick ball press are game pause self,Not Recommended,56,204.4 hrs on record,Posted: September 21,en,0,0,1,0,Negative
hate say you release game do not even test controller work game you cannot function without controller your doom pay one week early you hope compensation,Not Recommended,218,26.9 hrs on record,Posted: September 21,en,0.16,0.158,0.682,0.015,Negative
cannot buy point normal,Not Recommended,26,402.5 hrs on record,Posted: September 21,en,0,0,1,0,Negative
everything,Recommended,10,174.2 hrs on record,Posted: September 21,en,0,0,1,0,Neutral
copy paste fc add new mode call daynot even ui change normally change every year least show somethingthe audacity ask euro astonish,Not Recommended,183,10.7 hrs on record,Posted: September 21,en,0,0,1,0,Negative
live breath sv werder bremen,Not Recommended,28,5.0 hrs on record,Posted: September 21,en,0,0,1,0,Negative
cannot even use controller,Not Recommended,24,165.6 hrs on record,Posted: September 21,en,0,0,1,0,Negative
game fuel addiction every year,Recommended,33,27.4 hrs on record,Posted: September 20,en,0,0,1,0,Neutral
thumbs standard edition price,Recommended,37,9.6 hrs on record,Posted: September 20,en,0,0,1,0,Neutral
want say ea two game row disconnect i have squad battle give zero point fight win end rob win much,Not Recommended,206,94.9 hrs on record,Posted: September 20,en,0.29,0.287,0.423,0.0258,Negative
never write reviewsim make exception fc though first game i have ever buy will not start get preparing game nothingdoesnt work pc steam decktells i have log seventeen minute gameplay though,Not Recommended,215,36.2 hrs on record,Posted: September 20,en,0,0,1,0,Negative
still cannot sex,Not Recommended,13,130.5 hrs on record,Posted: September 20,en,0,0,1,0,Negative
controller does not work start company test game launch,Not Recommended,89,665.2 hrs on record,Posted: September 20,en,0,0,1,0,Negative
mint,Recommended,4,222.4 hrs on record,Posted: September 20,en,0,0,1,0,Neutral
really hop card decline,Not Recommended,34,55.4 hrs on record,Posted: September 20,en,0,0,1,0,Negative
lot bug lot change,Not Recommended,30,199.5 hrs on record,Posted: September 20,en,0,0,1,0,Negative
waste money laughing refund speak last time buy fc would rather wait okay drop fifa play crap game forget controller does not work hahaha sad funny time possible company worth billion did not optimize controller game,Not Recommended,281,214.9 hrs on record,Posted: September 20,en,0.276,0.278,0.446,-0.0253,Negative
controller do not work,Not Recommended,18,520.8 hrs on record,Posted: September 20,en,0,0,1,0,Negative
control input bug trash fix,Not Recommended,37,163.4 hrs on record,Posted: September 20,en,0,0,1,0,Negative
game full bug controller work,Not Recommended,45,39.3 hrs on record,Posted: September 20,en,0,0,1,0,Negative
f ea fr game trash,Not Recommended,18,203.4 hrs on record,Posted: September 20,en,0,0,1,0,Negative
one week later still get stick ultimate team menu reason xdd,Not Recommended,90,83.2 hrs on record,Posted: September 20,en,0,0,1,0,Negative
want type much might ban love mental health buy game,Not Recommended,91,46.5 hrs on record,Posted: 21 November,en,0.342,0.224,0.435,0.2263,Negative
great way kill time,Recommended,25,44.6 hrs on record,Posted: 21 November,en,0.38,0.435,0.185,-0.1531,Positive
quality good play,Recommended,30,3.4 hrs on record,Posted: November 22,en,0.841,0,0.159,0.6486,Positive
you are look review game you have come wrong place you are look outstanding pie recipe you have come right placeingredients tablespoon unsalted butter cup white sugar cup brown sugar cup water teaspoon cinnamon pinch salt apple peel cored sliced pastry doublecrust piedirections preheat oven degree f degree c combine butter white sugar brown sugar water cinnamon salt saucepan medium heat bring boil remove heat set aside roll half pastry fit inch pie plate place bottom crust pie plate pour apple slice roll top crust inch circle cut inch wide strip sharp paring knife pastry wheel weave pastry strip one time lattice pattern fold end lattice strip edge bottom crust crimp seal pour buttersugar mixture top pie coat lattice allow remain sauce drizzle crust bake preheated oven minute reduce heat degree f degree c bake crust golden brown caramel top crust set apple filling bubble minute allow cool completely slice,Recommended,1123,18.3 hrs on record,Posted: November 22,en,0.12,0.033,0.847,0.875,Positive
try good everything,Recommended,31,10.7 hrs on record,Posted: November 22,en,0.592,0,0.408,0.4404,Positive
fun,Recommended,7,16.7 hrs on record,Posted: November 22,en,1,0,0,0.5106,Positive
great game,Recommended,9,38.2 hrs on record,Posted: November 22,en,0.804,0,0.196,0.6249,Positive
good price,Recommended,23,8.1 hrs on record,Posted: November 21,en,0.744,0,0.256,0.4404,Positive
fact sequel multiplayer gamemodes become useless year since everybody go ahead upgrade new game play multiplayer career three additional feature frustrate get point start become pointless spend money new sequel retain multiplayernot multiplayer does not remain pimp fest play pro club striker play forward position way backill give credit though resolve many optimization issue fc old fifa,Not Recommended,492,20.7 hrs on record,Posted: November 21,en,0.215,0.083,0.702,0.802,Neutral
bought game fun friend coop actually,Recommended,61,6.8 hrs on record,Posted: November 20,en,0.619,0,0.381,0.7579,Positive
good,Recommended,7,19.6 hrs on record,Posted: November 20,en,1,0,0,0.4404,Positive
game fine want live past should not play ut play kick friend pro club career mode thats fun script ut,Recommended,130,200.5 hrs on record,Posted: November 20,en,0.347,0.147,0.506,0.6734,Positive
really nice step fc avid enjoyer fifa game past decade add much depth realism animation really fluid furthermore nice see make platform stability change bug free initial launch patch especially since fc really buggy compare fc first buy i am say does not bug definitely lot less new player career mode new gui interface much appeasing eye would say career mode best change fifa aside rush v mode have not try manager career mode yet look really fun content watch consider buy discount since make value money people fc fifa upgrade would not say vast difference though since fundamental new addition like tactic human error pas shooting might annoy adjust,Recommended,854,22.2 hrs on record,Posted: November 20,en,0.223,0.059,0.717,0.9671,Positive
milano fc lombardia fc bergamo calcio latium fc napoli rom back seria lombardia fc geniusnewold match intros tatoos major part hairstyle celebration newold match intro player career mode game really cost recomend itea sport goat,Not Recommended,294,37.0 hrs on record,Posted: November 20,en,0,0,1,0,Negative
hella good,Recommended,11,4.2 hrs on record,Posted: November 20,en,0.762,0,0.238,0.4927,Positive
play fifa game year load yup football game good enough memost complaint people take game way seriously addict hate want sit play sport game get,Recommended,220,53.3 hrs on record,Posted: November 20,en,0.26,0.22,0.52,0.1027,Positive
cool game,Recommended,8,18.5 hrs on record,Posted: November 20,en,0.697,0,0.303,0.3182,Positive
game horrible player thatg actually good game completly dominate one game winning first half player become slow player ever pass do not complete shot go way player get clear run defender either give fouls ever play complety let player run past,Not Recommended,290,219.1 hrs on record,Posted: November 20,en,0.246,0.097,0.658,0.7717,Negative
make go debt good playing indian team beat real madrid time,Recommended,88,72.1 hrs on record,Posted: November 20,en,0.309,0.164,0.526,0.296,Positive
incredible piece feel bad look bad last do not buy overprice theres good chance diddy innocent ea make good game least last two fun play high,Recommended,205,25.8 hrs on record,Posted: November 20,en,0.389,0.171,0.44,0.7845,Positive
sometimes get touch inappropriately card sometimes do not do not recommend,Recommended,77,25.1 hrs on record,Posted: November 19,en,0.154,0,0.846,0.2075,Positive
you are offline player like enjoy play career mode go online mode horrible today release impact fifa problem career mode fun updated compare last year game worth do not play online much price drop,Recommended,273,33.0 hrs on record,Posted: November 19,en,0.317,0.198,0.485,0.7096,Positive
tactical breakdown good,Recommended,28,4.2 hrs on record,Posted: November 19,en,0.592,0,0.408,0.4404,Positive
really good game compare fc career mode academy legend rush,Recommended,88,14.9 hrs on record,Posted: November 19,en,0.262,0,0.738,0.4927,Positive
bug far play carrer mode manager example yesterday could sell player end loan due consideer budget instead buy team also sometimes mouse cursor stickies general great,Recommended,204,63.9 hrs on record,Posted: November 19,en,0.213,0,0.787,0.7579,Positive
say yes get pack luck,Recommended,26,179.1 hrs on record,Posted: November 19,en,0.655,0,0.345,0.6908,Positive
goated pricey game super fun pricey,Recommended,47,9.0 hrs on record,Posted: November 19,en,0.643,0,0.357,0.802,Positive
people say want would say improvement compare last generationsgameplay much smooth artificial intelligent initially retard first within update huge improvement typical weird sprout typical ea micro transaction occasion player randomly pas opposition goalkeeper hit towards opponent rather catch ball,Recommended,373,109.2 hrs on record,Posted: November 19,en,0.254,0.103,0.644,0.7579,Positive
great around game lot fun,Recommended,31,51.8 hrs on record,Posted: November 19,en,0.712,0,0.288,0.8126,Positive
okay game play hour week love soccer,Recommended,53,69.3 hrs on record,Posted: November 19,en,0.68,0,0.32,0.8176,Positive
still football game deserve best get moment menues godawful navigate everything focus cash cow ultimate team online stuff career mode still bareboned competitor konamis efootball get well update taste still long way away fcs gameplay positive,Recommended,322,5.0 hrs on record,Posted: November 19,en,0.231,0,0.769,0.872,Positive
recommend game exactly like every fifa make every fifa make rule referee suck team ball something,Not Recommended,187,14.5 hrs on record,Posted: November 19,en,0.239,0.139,0.622,0.2732,Negative
career modefc iq tactic do not buy game fc iq suck bad previous custom tacticspro good marketing new fc iq tacticsfc iq tactic might good new football game fc iq oversimplifies tacticscons actually much less tactic custom option strict iq tacticsfirst fc iq tactic mean set one formation possession another formation defence one formation possession defenceyou cannot adjust position player use preset formation limit varietyif want play cam cdm sorry cannot formation midfield combinationif want make asymmetric formation like lw rm sorry cannot preset formation provide symmetric standard formationsif want make adjustment match sorry cannot adjust position player player position cannot adjust like make cm cam lose limited attacking instruction overall formation changedif defence great pressure sorry lmrmcmcam will not help defence stand still watch ball midfield iq think job midfield player midfield option defend behavioursif clear potential chance oneonone opportunity sorry even camcm next may stand still belong midfieldinconsistent gameplay possible scripting play min half time experience frequently match score speed player movement ball well action every player boost suddenly slider longer apply artificial intelligent pass ball quickly score easily defender stand still without trace attacker gk dive ground without save even easy saveunfair game aiwhen artificial intelligent defend many team midfielders defender compact defence shape may even get speed boost tackle team defender defend even sometimes stand still watch ball attack similar scenario kind intentional design gameit also easy end abuse onetwo passdribbling player will not movestrikers frequently end stupid position box like move slowly far behind youdot appear empty spacei also experience lot bugscrashesscreen freeze especially half timebetween end match start press conference cannot anything close game directly lose progress problem play aa game high settingsdisclaimer try apply sliderspreset ingame slider provide many popular slider provide online community play career mode game legendary difficulty hear world class might provide realistic experience easy win might experience differentfc iq tactic good trystarting point opinion far finish product mimic realistic tactic real life football,Not Recommended,2890,51.4 hrs on record,Posted: November 19,en,0.21,0.136,0.653,0.9716,Negative
nice game specially add womens league career mode,Recommended,55,8.4 hrs on record,Posted: November 18,en,0.286,0,0.714,0.4215,Positive
nice game improve lot lot bug fix far,Recommended,42,47.8 hrs on record,Posted: November 18,en,0.487,0,0.513,0.6908,Positive
game full predatory fp tactic different promo pack store time write review remember fifa okay pack super rare consequential every pack discard fodder untradeablesea need competition space theyve truly give try year bad example unwillingness improve,Not Recommended,316,212.2 hrs on record,Posted: November 18,en,0.246,0.117,0.637,0.7269,Negative
ea one bad game company harvest soccer fan yearly game little updates full mistake daily content take responsible action afterward rate game point okay sport come soccer game wish buy ea game do not want waste time,Not Recommended,261,401.7 hrs on record,Posted: November 18,en,0.243,0.145,0.612,0.5681,Negative
mean year get game play locally friend come weekend fun blast laugh thing two matchi play online season anything local friendless super fundo think game worth dollar notam going to still get next yearyeah likely friend come play would bother game allwith say still suck game though,Recommended,405,28.0 hrs on record,Posted: November 18,en,0.381,0.113,0.507,0.9552,Positive
game fun,Recommended,13,18.6 hrs on record,Posted: November 18,en,0.767,0,0.233,0.5106,Positive
literally never purchase soccer game perspective really enjoy game great splitscreen coop career mode fun recommend never buy soccer game burn get someone play couch buy buck,Recommended,258,6.0 hrs on record,Posted: November 18,en,0.422,0,0.578,0.9438,Positive
even want like game cannot get average fps massive dip random fps game terribly optimize i have see thing happen people type computer set ups,Not Recommended,190,0.8 hrs on record,Posted: November 18,en,0.229,0.118,0.654,0.34,Negative
fifa player since fifa sad far worse game become do not care say game realistic game fun defence simulator player defend one get tire forgets press tackleit break heart game love much ruin year someone ea really take responsible call fotball game angry first throw controller wall simulatori play hour already game unfortunately say sure do not buy game gameplay unless play career mode please do not buy game honest something fun instead like watch paint dry something similar,Not Recommended,676,131.8 hrs on record,Posted: November 18,en,0.243,0.192,0.565,0.5645,Negative
edit tacitcs way want gameplay accurate,Recommended,58,18.6 hrs on record,Posted: November 18,en,0.206,0,0.794,0.0772,Positive
do not buy game complete matchmaking super as,Not Recommended,57,30.9 hrs on record,Posted: November 18,en,0.358,0,0.642,0.5994,Negative
good game anything ultimate team,Recommended,41,189.5 hrs on record,Posted: November 18,en,0.42,0,0.58,0.4404,Positive
dementia simulator your player forget you click button remember second dribble you insane amount ping great player move like ton rock strap onto,Not Recommended,170,8.4 hrs on record,Posted: November 18,en,0.219,0.152,0.629,0.4588,Negative
want buy game pro club pc do not bother full bug constantly relaunching game every match play theres fix incoming ea console game port pc i have never play fifa fc game bad cannot recommend anyone full price,Not Recommended,286,70.7 hrs on record,Posted: November 18,en,0.182,0.125,0.693,0.1346,Negative
pro club rush crazy good cheer,Recommended,30,39.2 hrs on record,Posted: November 17,en,0.534,0.207,0.259,0.5859,Positive
good,Recommended,7,5.3 hrs on record,Posted: November 17,en,1,0,0,0.4404,Positive
good,Recommended,7,29.6 hrs on record,Posted: November 17,en,1,0,0,0.4404,Positive
stutter framedrops poorly optimise,Not Recommended,34,5.4 hrs on record,Posted: November 17,en,0.42,0.29,0.29,0.2263,Negative
game create company gamers,Not Recommended,42,213.9 hrs on record,Posted: November 17,en,0.412,0,0.588,0.2732,Neutral
terrible game well would not know hundred attempt fix follow guide still cannot launch game ea steam will not give refund say use dlc pack would nice never even launch game would stay far away game ea game honest sad fifa franchise come nobody care help,Not Recommended,335,1.1 hrs on record,Posted: November 17,en,0.238,0.105,0.658,0.7845,Negative
fun friend,Recommended,16,55.6 hrs on record,Posted: November 17,en,1,0,0,0.7579,Positive
company make game many decade would think would good make expensive game basic know like game actually run properly issue fc sometimes half time full time match screen go black cannot see anything apart menu option select option nothing change game literally unplayable cannot refund officially last ea fc game ever buy,Not Recommended,461,20.0 hrs on record,Posted: November 17,en,0.097,0,0.903,0.6597,Negative
game latency issue play online take sec player react command problem solve your buying play online do not,Not Recommended,152,0.2 hrs on record,Posted: November 17,en,0.283,0.116,0.601,0.4404,Negative
play least wl without cheatersea sport company good job idiot,Not Recommended,91,156.5 hrs on record,Posted: November 17,en,0.34,0.212,0.449,0.25,Negative
lot different thing good different,Recommended,37,10.7 hrs on record,Posted: November 17,en,0.42,0,0.58,0.4404,Positive
do not buy fix hacker problem play fut champ high div rival unplayable,Not Recommended,96,289.5 hrs on record,Posted: November 17,en,0.302,0.148,0.549,0.4215,Negative
love game,Recommended,16,23.4 hrs on record,Posted: November 17,en,0.808,0,0.192,0.6369,Positive
first annoy make controller support do play match learn basic game cause never play fifa work great rush squad battle decide try training rival controller support waste amount time look clue net find one finally controller support rivalobjectives unlock transfer market objective unlock transfer market take time think could easy take time learn sbc others make objective much easy,Not Recommended,501,20.7 hrs on record,Posted: November 17,en,0.288,0.105,0.607,0.926,Negative
fifa well one play anymore,Recommended,38,32.5 hrs on record,Posted: November 17,en,0.6,0,0.4,0.5423,Positive
hey wait server availablesince buy do not acces play online somone please help,Recommended,105,42.5 hrs on record,Posted: November 17,en,0.293,0.12,0.587,0.4523,Positive
want year fun entertaining gameplay interesting card affordable easy grindwhat give you terrible gameplay across entire pitch bad input delay ever conceive server run potato thousand pack store supply awful gamble addiction attack defend artificial intelligent bad ever do not think call fc iq actually mean anything must play meta do not is not win meta player unobtainable ever unless spend special rat player pack new promo useless sits okay coin release game great mechanic make good player lose do not know manage play game watch rage ensuenot sure keep buying gamecant wait buy next year,Not Recommended,734,247.5 hrs on record,Posted: November 17,en,0.271,0.2,0.529,0.7739,Negative
running animation bad unplayable guy id stick fc lot fluid does not feel clunky like gamei press rt button feel like player get slow ball control game feel terrible artificial intelligent good ball control artificial intelligent pass ball make perfect touch player try make similar play ball almost feel like make helium bounce player foot bounce every play franchise mode buy game sale still was not worth manage make game bad previous couldve stick animation change menu ea,Not Recommended,607,20.6 hrs on record,Posted: November 17,en,0.173,0.18,0.647,0.0783,Negative
someone play career mode frequently really appreciate game realistic structure however various issue pc version frustrate instance game often does not start restart ea anticheat believe optimization problem like should not exist crucial factor,Recommended,282,30.4 hrs on record,Posted: November 17,en,0.237,0.129,0.634,0.5849,Positive
love new feature,Recommended,20,6.5 hrs on record,Posted: November 17,en,0.677,0,0.323,0.6369,Positive
relog every league match play pro club say problem get online information nonsense point fc care get money player pocket fix bug bot pro club either drop league match bunch absolute idiotic moron please do not buy game look play pro club stick fc hope help,Not Recommended,354,78.7 hrs on record,Posted: November 16,en,0.244,0.219,0.537,0.1531,Negative
game previous year play hour half close game next day ea app is not work cannot play game also game bug glitch last game greedy company without idea,Not Recommended,200,8.2 hrs on record,Posted: November 16,en,0.15,0.072,0.779,0.3612,Negative
script even funny,Not Recommended,25,49.9 hrs on record,Posted: November 16,en,0.592,0,0.408,0.4404,Negative
ui bug random crash sometimes stick menu way move quit restart game cause forfeit good job ea,Not Recommended,122,60.4 hrs on record,Posted: November 16,en,0.141,0.131,0.728,0.0516,Negative
resolution fix x p i have rtx hp victus laptop full screen happen also grass appear please fix issue early,Not Recommended,149,2.4 hrs on record,Posted: November 16,en,0.126,0,0.874,0.3182,Negative
good last one laughing,Recommended,23,42.6 hrs on record,Posted: November 16,en,0.753,0,0.247,0.7269,Positive
gameplayed minute uninstalledanother yealry cashgrab ea focus gender equality pack open rather gameplay itselfwomen play men squad stupid make sense triple company nonsenseif want play real football game fifa fifa best choice,Not Recommended,284,1.1 hrs on record,Posted: November 16,en,0.253,0.084,0.663,0.7096,Negative
best game ever,Recommended,15,28.3 hrs on record,Posted: November 16,en,0.677,0,0.323,0.6369,Positive
lot good think would i am honest glad wait sale buy game instead drop game series i have never play,Recommended,128,36.2 hrs on record,Posted: November 16,en,0.349,0.157,0.494,0.7239,Positive
sick game toxic noot play pay win,Not Recommended,41,261.1 hrs on record,Posted: November 16,en,0.446,0.338,0.216,0.3612,Negative
good fifa,Recommended,20,72.4 hrs on record,Posted: November 16,en,0.744,0,0.256,0.4404,Positive
game practically identical last one run exceptionally smoothly system okay configuration feature gb ddr ram tb ssd rtx gb memory confidently say deliver impressive gaming experience,Recommended,236,5.3 hrs on record,Posted: November 16,en,0.271,0,0.729,0.8207,Positive
play career mode do not buy itai bad cannot score goal start career mode brescia league defeat concede something like goal play ultimate difficulty pass ball around back always possesion run around minute eventually steal ball scoreand do not get start player face youth academy like brother,Not Recommended,383,135.6 hrs on record,Posted: November 15,en,0.21,0.143,0.647,0.4678,Negative
nice recommend,Recommended,23,17.3 hrs on record,Posted: November 15,en,1,0,0,0.6486,Positive
love buy copy paste buggy game every year good game review would negative reason whole industry cannot manage make functional game without bug inconvincienceto sum upgood concept poor execution,Recommended,223,69.6 hrs on record,Posted: November 15,en,0.183,0.175,0.643,0.0772,Positive
game release two month ago already discountthat tell everything need know quality producti give chance refund couple game nothing new see,Not Recommended,187,0.6 hrs on record,Posted: November 15,en,0.091,0,0.909,0.25,Negative
fifa far best soccerfootball game world soccer fan would recommend soccer fan want collect play win favourite soccer player fifa amazing detail great gameplay worth play compete friend,Recommended,233,139.9 hrs on record,Posted: November 15,en,0.681,0,0.319,0.9851,Positive
like mechanic game pc,Recommended,29,33.5 hrs on record,Posted: November 15,en,0.455,0,0.545,0.3612,Positive
good game controller pc still pretty good,Recommended,47,34.0 hrs on record,Posted: November 15,en,0.692,0,0.308,0.8402,Positive
one bad fifa oops mean fc game ever playedand play since choppy gameplay bad version fc also optimization horrendousi x well spec reccomended one still lag fact cannot change hz doesent help automatically set do not monitor exactly hz another cash grab favorite game company ea,Not Recommended,352,2.9 hrs on record,Posted: November 15,en,0.216,0.159,0.625,0.34,Negative
career mode player game full bug though get fix gradually probably main save fine start around tu tu bug mostly fix new feature kinda work intend ultimate team player fc iq mean player movement rely heavily artificial intelligent artificial intelligent really nerfed last year feel like lot manual input require promos boring reward grind decent however still pack luck another factor overall seem like grind pay rush mode fun really fun without bastard sabotage others course overall really great game could get sale rather full price modding optional suggest career mode ultimate team best advice play unless want go mental,Not Recommended,707,71.5 hrs on record,Posted: November 15,en,0.357,0.028,0.616,0.9917,Neutral
fifa review solid football experience fan worth full pricefifa impressive football experience caters well fan sport overall game lot go especially passionate football seek thrill manage compete favorite team player however question remain worth full price without discountgameplay optimizationone first thing notice fifa feel smooth optimized compare previous version whether you are play highend midrange hardware game run efficiently provide good experience overall thats big improvement welcome change past version often performance issue frustrate playerslearning curveif you are new fifa series brace initial stage tough there lot learn master control tactic require time practice do not let discourage training mode welldesigned bit patience you will find progress soon enough you will start pull satisfy goal clever play expect invest time practicemonetization luck factorone aspect fc face mixed review monetization previous game buy pack may give advantage land strong player luck draw mean could get toptier player provide big edge gameplay feel bit unfair time player willing spend extra pack clear advantage however game still playable without spend though may require lot grinding strategic playcomparison previous versionswhile fifa make stride certain area still part feel like hasnt evolve much expect gameplay mechanic definitely smooth theres bit polish may feel huge leap forward you are come fifa longtime player difference may bit subtle positive negative depending perspectivefinal verdictso fc worth get advice grab sale like improvement notable full price feel bit steep especially player are not deeply invest series discount solid buy provide countless hour fun even quirk balance issue monetization you are diehard football fan theres lot enjoy you will likely appreciate gameplay tweak improved optimization prepare challenge especially you are new keep mind player may gain advantage additional purchasesoverall rating worth sale maybe full price,Recommended,2461,29.4 hrs on record,Posted: November 15,en,0.326,0.031,0.643,0.9983,Positive
game good controller plug one use xbox one good time graphic well powerful pc however bug trophy cutscenes wrong trophy,Recommended,176,45.3 hrs on record,Posted: November 15,en,0.372,0.108,0.521,0.765,Positive
product refundednot worth even half price,Not Recommended,46,0.2 hrs on record,Posted: November 15,en,0.275,0,0.725,0.2263,Negative
even begini love play game always probably always honest toxic relationship trauma bond pointthe ultimate team experience horrendous even play squad battle feel like waste play full game right finish minute ea server cannot reach lose win legendary difficulty would secure around okay point game try play squad battle get week crash may may give point wish end rival even worsethe ea server similar ford pinto mediocre best get rear end dumpster fire hand rip many controller people destroy ea server connect buy game many undoubtedly follow miss many thing like best win snip meta card cheap even try painlessly navigate menu server felt like die right you are enjoy gameplayi wish could like game try like career mode experience enjoy alas really hasnt change much last year admit since fifa start play change honestly enough recall really gamechanging experience ea does not need change much really feel need listen community idea change theyll sell million copy fill gap make mistake ea really does not desire make best game want make game people pay every year forso fork cash enjoy mediocre experience best go mental judo whether willing pay next year you are go skip year know you are go buy okay togetherdo recommend game absolutely notare go buy year year magic ball either say reply hazy try oor sign point yesjust remember together,Not Recommended,1813,247.6 hrs on record,Posted: November 15,en,0.279,0.161,0.56,0.9886,Negative
copy paste ea fc sluggish gameplay want play careermanger mode would recommend ea fc get sale,Not Recommended,123,1.1 hrs on record,Posted: November 14,en,0.297,0.129,0.574,0.3612,Negative
really good upgrade compare eafc still get controller issue far meet hacker ingame,Recommended,100,25.3 hrs on record,Posted: November 14,en,0.21,0,0.79,0.4927,Positive
want sadness lifeu definitely play game like toxic,Recommended,73,68.2 hrs on record,Posted: November 14,en,0.601,0.196,0.203,0.6124,Positive
great game best graphic use midrange pc do not worry work computer,Recommended,98,73.2 hrs on record,Posted: November 14,en,0.543,0,0.457,0.8935,Positive
bought game sale honestly pretty good fifa come lot upgrade whole game ultimate team club ps controller work great connection issue game run great do not understand bad review give game try refund bad would definitely recommend fifa sale low,Recommended,323,16.3 hrs on record,Posted: November 14,en,0.468,0.035,0.498,0.9779,Positive
trash game ever every single year fact bad lot bug glitchesthe ball always bounce defender opponent striker marcus thuram god even though cannot touch ball real life cdm position useless since artificial intelligent does not even follow ball ea surprise you masterpiece every freaking year amaze job eabtw still pay win hope get something footbal game end forever still miss fifa fifa,Not Recommended,463,87.9 hrs on record,Posted: November 14,en,0.273,0.144,0.583,0.8957,Negative
do not buy game bad thing could ever bad optimization fps always crash casual player allow paywin ea fc ever fked career mode menu add useless feature dog server bore ahh game play everytime rig f game bad reward ever rival squad battle champion addiction variety sbcs bad repetitive promos much b player campos gk mascherano giuly etc overpower player like ginola mbappe never come team do not spend money release first repeatable pp moth game release lame matchmaking mental llnss people play game,Not Recommended,605,64.8 hrs on record,Posted: November 14,en,0.291,0.146,0.562,0.9451,Negative
always bad football game play altho opinion good last year,Not Recommended,88,65.0 hrs on record,Posted: November 14,en,0.335,0.222,0.443,0.2023,Negative
game glitches time game play bad year ultimate team win game game say game review get nothing sometimes get dnf get blame itthis happen year sort ea,Not Recommended,219,161.2 hrs on record,Posted: November 14,en,0.177,0.168,0.655,0.0772,Negative
cost game amount controller go muchbut still play,Recommended,73,9.6 hrs on record,Posted: November 13,en,0.255,0,0.745,0.34,Positive
garbage fifafc lover completely turn create fun game people play profit maximization game rebound simulator game futbol pitch bunch player animation jam,Not Recommended,209,275.7 hrs on record,Posted: November 13,en,0.469,0,0.531,0.933,Negative
listen euros waste buy really like fifa game cause play carrear much online anymore cause timethe game get positive review cause like game play online lot buy play career ofline mode priviews one do not consider buy minor carrear mode change strict do not money waste worth mei buy cause i am stupid like game,Recommended,369,72.2 hrs on record,Posted: November 13,en,0.263,0.146,0.59,0.8183,Positive
waste money i have play fifa since fifa honestly would rather spend buck pack ea really make money grab game imagine money year dev team cannot even fix menu bug like reallyif want to play game wish luck firstly do not spend money pack trust chance get something gold pack promo fifa point okay packnow do not get start rat strats gameplay many animation tackle bath probably ball bounce back player score goalk bid pc last year saw million show maybe instead think money think continue like one play your gameoh do not forget div rival play two player like fairthe game lose original gangster fifa player great work maybe check black ops see better game,Not Recommended,822,163.8 hrs on record,Posted: November 13,en,0.311,0.038,0.652,0.987,Negative
game gamebreaking bug ea money grub greediness expect youd expect functional producti personally cannot speak fut occasion manager career mode open team management menu game bug know bug report ea forums month ago theyve mark fix definitely instance bug occur claim fixedits shame co i have enjoy game would otherwise recommend ittheyve revamp tactic part improvement annoyingly longer customize formation role important something mean want man midfield amc profile playmaker cm profile bbm cdm profile hold midfielder way actually play player together without retrain least one play cm significantly troublesome right,Not Recommended,903,20.6 hrs on record,Posted: November 13,en,0.18,0.085,0.736,0.802,Negative
game suck worth year get sale maybe itll easy ignore glitch bug laughing,Not Recommended,105,9.5 hrs on record,Posted: November 13,en,0.374,0.252,0.374,0.3818,Negative
like game much,Recommended,20,29.0 hrs on record,Posted: November 12,en,0.556,0,0.444,0.3612,Positive
play mainly ultimate team company does not care player does not want fun want dissapointed reward overpriced sbcs want pay pack simply value time hand shtrewards bad packweight year will not pack expensive promo card will not make profit market ea make sure,Not Recommended,333,402.0 hrs on record,Posted: November 12,en,0.232,0.27,0.497,0.1774,Negative
great game overall really addictive bug probably fix time also really cool different style different player like vinis penalty others,Recommended,163,124.2 hrs on record,Posted: November 12,en,0.326,0.106,0.568,0.7346,Positive
good game fc,Recommended,15,39.7 hrs on record,Posted: November 12,en,0.592,0,0.408,0.4404,Positive
thank fifa lord vini win balon dor,Recommended,41,4.2 hrs on record,Posted: November 12,en,0.558,0,0.442,0.743,Positive
game riddle bug moment would ok since ea cannot even open every time try open open close fast startup silicon valley open like time get main menu also another bug keep happen try change player especially easy cacth carrer mode sim game change player middle game happen like everytime does not change player cannot get team management menu solution altf would accaptable damn thing was not keep crash launch everytime do not buy atleast next six month get discount something,Not Recommended,652,52.1 hrs on record,Posted: November 12,en,0.165,0.03,0.805,0.8821,Negative
first fifafc i have actually buy since like wii demo previously like because thats need mate infinitely well efootball reason actually buy boy beggin hour far none major concern i have see online besides input lag relate issue online thats telstra problem sure passing direction is not perfect god much good efootball,Recommended,387,36.6 hrs on record,Posted: November 12,en,0.195,0.157,0.649,0.3374,Positive
cannot even comprehend bad video game thought mostly ultimate team proscons listconsnontent every day cannot remember last time add quality sbc was not either overprice right bad microtransactions pack cost new pack add daily assume thats call content there always least one afk player rush game since quick way complete evolution cannot anything carry struggle tryhards oppose team wonder theyll ever add option kick afk player option mute commentator rush mode finally add recent patch cpu defense strong you will end pass ball around minute hop opponent get impatient rush defender finally score issue exist squad battlessometimes you will easily win legendary difficulty time you will struggle score lose nonexistent dda even opponent halftime still high chance make comeback ea course claim theres thing dynamic difficulty adjustment dda player intelligence poor pass go offtarget end lose possession defensive attack artificial intelligent lack well game demand huge time commitment good reward you will need play game week division rival fut champion squad battle qualifier last around minute thats hour week is not terrible realistically youd need play game achieve win division rival reward well theyre still worth time seem intend push player toward store pack many player nothing spam skill move fake shot roulette repeatedly lose possession repetitive frustrate run edge field cut back scoring easy goalkeeper artificial intelligent does not react well game crash often redeem sbc every game theres popup show objective completioneven nothing actually complete sometimes playstyle icon turn large white triangle cover screen require restart game disappear invite friend lobby unreliable overlay button frequently disappear force restart game draft hasnt update eight year have not even adjust offline match length match squad battle lack highly advertise cosmetic evospros create goodlooking player club mode manager mode relatively wellrounded enjoyable role roles ultimate team mode update rewardssummarywhile gameplay feel smooth fc experience remain disappointing especially push microtransactions overall do not recommend buy game spend money pack,Not Recommended,2628,200.6 hrs on record,Posted: November 12,en,0.228,0.135,0.637,0.9861,Negative
hello everyone hope help purchase share experience game let put mind ease beginning fc like dlc fc gameplay almost copy gameplay fc nothing change add game new tactic team let skip gameplay fc fair game ultimate team section play situation opponent team condition may much bad good opponent guarantee strong team without spend money term optimize game good condition get frames right graphic setting friend graphic card like hear game optimization problem sure short want say game worth dollar much good buy title discount follow news day involve ten hour hundred hour realize condition opponent many thing mention text general fan ultimate team do not recommend fc wait title release ea play worth much spending dollar hope able help make good purchase,Not Recommended,1201,50.3 hrs on record,Posted: November 12,en,0.383,0.05,0.567,0.9933,Neutral
do not buy bad iteration everlegendary unplayabledefending artificial intelligent oppace nerfsglitchesyou cannot even adjust player position also ref logic atleast red card gamethey child baiting utrush good part i have found wish sell separately honestetc etc waste money fr do not buy like something wait ufl nov,Not Recommended,351,97.9 hrs on record,Posted: November 12,en,0.203,0.087,0.71,0.7608,Negative
do not normally leave review game one year definitely leave bad taste mouth i am sure i am even go bother get next year sick people like killian mbappe absolutely untouchable every time hit ball score ball magnet foot little wiggle analogue stick untouchable game absolute joke nothing pace abuse year year let talk year compare last year like tactic cannot even narrow width ball even like ball ball get ball ball thats literally online experience little wiggle analogue stick ands high pace possible passing year ohh god do not get start bad ever like weve go backwards get player tackle did not tackle ball you are try fight ball player boot pass back opponent goalie even week squad battle every single team play killian mbappe i am say i am best fifa play squad battle legendary theres diversity play player every single game boring tiresome i am sick bias certain player fifa like theyre untouchable magnet foot could go backwards purchase game would heartbeat rant really cannot ask go,Not Recommended,1302,160.3 hrs on record,Posted: November 11,en,0.197,0.144,0.659,0.7943,Negative
game play fifa year piece shi last,Not Recommended,53,501.7 hrs on record,Posted: November 11,en,0.286,0,0.714,0.34,Negative
player tell feel like game work good chunk timedo buy fence save money play ea fc since practically game camouflage behind paywall,Not Recommended,208,4.2 hrs on record,Posted: November 11,en,0.379,0,0.621,0.875,Negative
game good ea absolutely horrible handle game server bad among pc football game sure game do not look good least player move like human being top game manage stupid companyedit game use good i do not know absolutely buy game save money mental health pay rebound simulator football game football nothing like advertise reason pro scene mud since launch series something,Recommended,473,361.0 hrs on record,Posted: November 11,en,0.261,0.149,0.59,0.8004,Positive
rush mode good career mode add rush gamemode young player player develop instead eafc overall rat,Recommended,146,9.7 hrs on record,Posted: November 11,en,0.162,0,0.838,0.4404,Positive
game suck crash pay win reward bug script hack,Not Recommended,58,305.3 hrs on record,Posted: November 11,en,0.405,0.378,0.216,0.3612,Negative
play like career mode game game freezescrashes i am unable anything menus game get bad every year different bug,Not Recommended,143,65.0 hrs on record,Posted: November 11,en,0.209,0.15,0.641,0.1027,Negative
year difference buy nonsense play pro club friend,Not Recommended,96,36.6 hrs on record,Posted: November 11,en,0.421,0.203,0.376,0.4404,Negative
unlike previous fifa game match end unrealistic amount scored goal great see finally developer understand football score goal tactic,Recommended,180,43.0 hrs on record,Posted: November 10,en,0.186,0,0.814,0.6249,Positive
good football lover,Recommended,21,6.0 hrs on record,Posted: November 10,en,0.87,0,0.13,0.7717,Positive
restart game multiple time every time want play match do not buy crap,Not Recommended,74,56.0 hrs on record,Posted: November 10,en,0.37,0,0.63,0.5972,Negative
good,Recommended,10,70.8 hrs on record,Posted: November 10,en,1,0,0,0.4404,Positive
first game ut full guess team i am play nothing player week member like ok ea dump pack somewhat decent chance win game make hate day,Not Recommended,225,3.3 hrs on record,Posted: November 10,en,0.337,0.172,0.491,0.6197,Negative
want game hasnt fundamental change last year also want spend dollar get free gamebreaking bug well look controller stop work minute game character run screen course artificial intelligent pass anyway seemingly reason controller magically start work wow fun oops speak soon controller go you will run cycle search internet possible fix watch dozen youtube video read hundred forum post right start overpriced version fc overpriced version fifa also overpriced version fifa want refund game trash,Not Recommended,677,43.2 hrs on record,Posted: November 10,en,0.221,0.025,0.753,0.9349,Negative
buggy constant controller issue every update update infrequent seem create issue every time,Not Recommended,109,67.2 hrs on record,Posted: November 10,en,0.149,0,0.851,0.2732,Negative
game fill bug example get stick tunnel load screen pro club every game fix restart fix available ea seem blind matter see report issue month ago yet nothing quid game would expect perfect issue previous game top ea please hire testing team,Not Recommended,335,100.5 hrs on record,Posted: November 10,en,0.183,0.056,0.761,0.6369,Negative
wait sale see you game still glitchy unless you play ut maybe buy soon cus your miss,Not Recommended,81,152.7 hrs on record,Posted: November 10,en,0.126,0.084,0.789,0.2023,Negative
nice skibidi toilet game many different bug thats okay,Recommended,62,44.2 hrs on record,Posted: November 10,en,0.402,0,0.598,0.5719,Positive
bad game ever play lag script hacker cs good trash canprosno anticheatscriptlaglast good fifa you want buy game money well go buy pistol shoot random people street,Not Recommended,196,28.9 hrs on record,Posted: November 10,en,0.298,0.213,0.488,0.3182,Negative
cost much joystick do not work,Not Recommended,39,77.2 hrs on record,Posted: November 9,en,0.254,0,0.746,0.1779,Negative
career mode menu horrible even though new idea career mode awesome struggle fun game also feel slow stiff understand youtube career video make look fun horrible,Not Recommended,187,1.3 hrs on record,Posted: November 10,en,0.267,0.233,0.5,0.34,Negative
server pack weight opponent always perfect auto defense unlike game always force buy fc point pack sth good summary bad fifa ever play since fifa do not waste time money,Not Recommended,198,178.6 hrs on record,Posted: November 9,en,0.318,0.087,0.595,0.8091,Negative
i have play every fifa since always play career mode do not care modesthis far bad fifa ever play slow fun does not perform well even music something look game sucksdont buy,Not Recommended,223,10.0 hrs on record,Posted: November 9,en,0.247,0.187,0.565,0.3732,Negative
gameplay everything way good handle,Recommended,49,48.4 hrs on record,Posted: November 9,en,0.42,0,0.58,0.4404,Positive
absolute garbage nothing work properly stay away save money sanity,Not Recommended,68,23.6 hrs on record,Posted: November 9,en,0.262,0,0.738,0.4939,Negative
sht every year really hope ufl going to good game ea smth game,Not Recommended,78,179.9 hrs on record,Posted: November 9,en,0.356,0,0.644,0.7264,Negative
overall game okay gameplay much slow previous year usually frustrate mechanic triceps finesse mile expect football simulation look elsewhere enjoyable,Recommended,204,211.5 hrs on record,Posted: November 9,en,0.194,0.121,0.685,0.2023,Positive
alright,Recommended,11,54.0 hrs on record,Posted: November 9,en,1,0,0,0.25,Positive
really good game,Recommended,18,34.2 hrs on record,Posted: November 8,en,0.615,0,0.385,0.4927,Positive
straight garbage half game player feel like theyre mud half make tackle ball ping around time end net also new artificial intelligent system suck matter formation tactic try artificial intelligent does not feel fluid either make many pointless run do not move attack static game play never felt inconsistent year play fifa buy,Not Recommended,359,250.0 hrs on record,Posted: November 8,en,0.287,0.044,0.669,0.9178,Negative
else say ea does not give f game make money fut model hasnt single good fifa game year skip year game finally get fc able play newer player everything still suck do not care single player experience try add lot bell whistle gameplay phsyics like gimmick do not work well core gameplay essentially fifa should not bad thing fifa last good fifa game however somehow make strictly bad gameplay year ago lot worse especially artificial intelligent even world class difficulty teammate make nonsensical run start run towards space stop inexplicably defender stay ball watch unless control striker pace dribbling neymarmbappe time showboating suddenly burst past literally nothing literally nothing auto jockeying you are leave dust manual sprint cannot react direction change fast enough star player moment thats ok time time fking morata pull gareth bale overtake yearold rat youngster showboat like neymar destroy virgil antony dribble does not spin absolute horse sht cannot count many time control defender cover someone ball perfectly clear positional play swap cbfullback position whatever artificial intelligent cb cover player ball star opponent dribble past without make single step keep jockey game inexcusably horrible ea executive go eat same here,Not Recommended,1543,37.9 hrs on record,Posted: November 8,en,0.147,0.121,0.732,0.7006,Negative
never ever play fifa life do not buy crap regret,Not Recommended,79,22.6 hrs on record,Posted: November 8,en,0.333,0.15,0.517,0.357,Negative
rush mode infest afk people farm xp coin,Not Recommended,51,50.6 hrs on record,Posted: November 8,en,0.271,0,0.729,0.3818,Negative
game definitely worth money patch bring lot new glitch totally were not game ea care ad microtransactions put feature shouldve game like live start point miss rd kit ea fix game already for freaks sake,Not Recommended,260,149.6 hrs on record,Posted: November 7,en,0.17,0.135,0.695,0.3553,Negative
scripting obvious always concede last minute half even work favour question lead goal love football hate cannot find happiness eafc ultimate team thing keep game afloat,Not Recommended,218,140.7 hrs on record,Posted: November 7,en,0.199,0.185,0.616,0.122,Negative
ok,Recommended,6,66.4 hrs on record,Posted: November 7,en,1,0,0,0.296,Positive
script game new year save money time theres point play unless like watch simulator hold controller,Not Recommended,125,196.4 hrs on record,Posted: November 7,en,0.384,0,0.616,0.7964,Negative
fifa gamechanger football fan graphic stun deliver realistic immersive experience ever gameplay feel smoother make match thrill overall game set new standard sport game blend innovation classic fifa magic,Recommended,260,17.3 hrs on record,Posted: November 7,en,0.222,0,0.778,0.7506,Positive
year version way many bug casual player run every bug forum post restart career mode time would recommend broken product anyone want casually play match career fut player maybe do not play mode familiar run fc definitely probably bad purchase thus far game,Not Recommended,343,55.1 hrs on record,Posted: November 7,en,0.267,0.119,0.614,0.6369,Negative
career mode player last version play do not think bad people make yes skip play fc notice big difference however overall find gameplay realistic enjoyable addition customise experience huge benefiti would definitely recommend fan career mode,Recommended,293,34.5 hrs on record,Posted: November 7,en,0.461,0,0.539,0.964,Positive
i have different problem launch game hour wait hour twice fix problem receive founder reward despite play game required time fun actually work though,Not Recommended,188,7.9 hrs on record,Posted: November 7,en,0.216,0.229,0.555,0.1441,Neutral
never regret buy anything,Not Recommended,46,45.4 hrs on record,Posted: November 7,en,0.437,0,0.563,0.3252,Negative
play another football game please,Not Recommended,30,93.7 hrs on record,Posted: November 7,en,0.61,0,0.39,0.5719,Negative
confirm match intro apply normal match manager career player career waste money people like laughing,Not Recommended,126,101.2 hrs on record,Posted: November 6,en,0.278,0.137,0.585,0.4404,Negative
play steampc lot problem bug do not game xboxps tell pc experience game bunch bug crash every time past week cannot play game cannot see game option game like ut career club wait next update still nothing change do not play pc,Not Recommended,307,79.6 hrs on record,Posted: November 7,en,0.19,0.106,0.705,0.5106,Negative
diehard fan ea football series ea sport fc nothing short letdown ea hype game fresh start yet riddled clunky animation glitch recycle mechanic make feel like cheap reskin last year game wheres socalled innovation rebranding might look nice cover beneath stale game theyve sell you year do not even get start ultimate team practically impossible compete unless you are dump real money eas obsession squeeze every last dollar player base beyond frustrate you are pc good luck deal hacker ruin match match eas lack effort address issue feel lazy game cost is not disappointment bad entry series yet,Not Recommended,743,291.3 hrs on record,Posted: November 6,en,0.194,0.134,0.672,0.747,Negative
ea sport fc solid step forward especially improve player realism new animation make match feel dynamic ultimate team mode addictive ever love experiment different lineup however player movement still feel clunky time lack fresh content career mode make feel like overall fun you are fan series theres definitely room improvement,Recommended,389,127.5 hrs on record,Posted: November 6,en,0.401,0.033,0.565,0.9732,Positive
best game planet,Recommended,19,194.8 hrs on record,Posted: November 6,en,0.677,0,0.323,0.6369,Positive
play hour longer play ultimate team sure ea issue steam issue cannot connect server try uninstalling reinstalling fix find online nothing work network good play cod issue have not able find solution anyone idea id love try i have read online steam issue i do not know sure id like play game,Not Recommended,380,30.3 hrs on record,Posted: November 6,en,0.32,0.067,0.613,0.9386,Negative
play every single fifa title begin safely say many hour game bad experience fifafc title i have ever play come back ground someone salty i have lose match come player play ultimate team mode every single year problem menu game play bad date many problem within game play play mainly rival squad battle do not touch weekend league due know connection effect game play weekend slow player slow reaction worth time avoid cost rival admit keep low division get get many game break mechanic drive mad squad battle always enjoy year year riddled problem artificial intelligent matter level play strong player push easily ball artificial intelligent run around back line anything keep ball game cod try stop cost score th goal do not get max point could actually continue write many flaw problem year game i am go leave uninstall rest cycle honestly guy do not bother year go play something else mental health game honestly put padded cell,Not Recommended,1234,244.6 hrs on record,Posted: November 6,en,0.25,0.174,0.576,0.9175,Negative
game like always devs paywin like always full bug cheater,Not Recommended,71,81.5 hrs on record,Posted: November 6,en,0.323,0.226,0.452,0.128,Negative
win time row prepare feel player movement suddenly slow downwant win buy pack get good player feels responsive another time win row feel sluggishness player cycle repeat,Not Recommended,217,97.7 hrs on record,Posted: November 6,en,0.433,0,0.567,0.9501,Negative
graphic forget reality beautiful good decent bad do not look long msdos gameplay good good gameplay mehh watch paint dry instead do not audio eargasm good good bad bad i am deaf audience kid teens adult grandma pc requirement check run paint potato decent fast rich boi ask nasa spare computer game size floppy disk old fashion workable big eat tb hard drive want entire hard drive hold need invest black hole hold data difficulty press with easy easy learn hard master significant brain usage difficult dark soul grind nothing grind you care leaderboardsranks is not necessary progress average grind level much grind you will need second life grind story story lore average good lovely itll replace life game time long enough cup coffee short average long infinity beyond price free worth price sale you spare money leave recommend could also burn money bug never hear minor bug get annoying ark survival evolve game big terrarium bug,Recommended,1215,48.6 hrs on record,Posted: November 6,en,0.224,0.15,0.627,0.9512,Positive
youtube video battle titan real madrid v borussia dortmund view curious ea sport fc watch video discover truth behind hype surround popular game,Recommended,166,47.3 hrs on record,Posted: November 6,en,0.264,0.093,0.643,0.5859,Positive
good game every year bug fix love shake my head,Recommended,51,69.8 hrs on record,Posted: November 6,en,0.449,0.108,0.443,0.7506,Positive
do not waste money buy ea product,Not Recommended,34,149.6 hrs on record,Posted: November 5,en,0.28,0,0.72,0.3252,Negative
fun friend fun artificial intelligent player movement still weird unpredictable insanely frustrate play attack defense,Not Recommended,136,36.9 hrs on record,Posted: November 5,en,0.548,0.256,0.197,0.836,Negative
use dualsense controller gameturn steam input fcturn bluetooth disconnect controller start gamestart gameafter prepare game turn bluetooth connect dualsense controllernow use dualsense without problem mode,Not Recommended,273,360.5 hrs on record,Posted: November 5,en,0.086,0,0.914,0.3089,Neutral
nice dda game,Recommended,11,266.8 hrs on record,Posted: November 5,en,0.583,0,0.417,0.4215,Positive
trash game do not waste money,Not Recommended,28,152.1 hrs on record,Posted: November 5,en,0.318,0,0.682,0.3252,Negative
have not play year do not play online manager player careerits pretty decent learn certain mechanic work feel could present betterstill pretty jank really is not excuse come company bottomless pocket,Recommended,254,135.2 hrs on record,Posted: November 5,en,0.218,0.142,0.64,0.6049,Positive
save do not buy garbage,Not Recommended,34,112.7 hrs on record,Posted: November 4,en,0.444,0,0.556,0.4939,Negative
hey guy hope everyone well buy fc play ultimate bit play hour npc amateur learn basic like objective first play next time log see account ban cheat open ticket say close account good reason cheat v amateur npc win do not even move do not care customer player ton people issue scamming sport fc,Not Recommended,431,5.4 hrs on record,Posted: November 5,en,0.287,0.164,0.549,0.8004,Negative
would rather gender reassignment rusty butter knife hope contract aid hope cure fifa addiction please help,Not Recommended,119,257.7 hrs on record,Posted: November 4,en,0.474,0,0.526,0.8689,Negative
ea treat player player career mode utter contempt know fotball player name yet cannot commentator use name list name update since fifa new commentator aside usual one sound bore everythingthings could do improve experience make team proactive try recruit player well injury mean team try get rid player use artificial intelligent generate chant team home field want hear supporter choice numbersbut ea simply care career mode past year long remain generation console graphic likely improve eitherdo well,Not Recommended,708,18.1 hrs on record,Posted: November 4,en,0.257,0.088,0.655,0.926,Negative
you want bad mental health perfect game,Recommended,48,285.7 hrs on record,Posted: November 4,en,0.4,0.28,0.32,0.128,Positive
best game,Recommended,17,212.6 hrs on record,Posted: November 4,en,0.808,0,0.192,0.6369,Positive
play online mode game automatically turn guy teach fix,Not Recommended,71,51.1 hrs on record,Posted: November 4,en,0.231,0,0.769,0.34,Negative
game great thing complaint bug,Not Recommended,66,52.3 hrs on record,Posted: November 4,en,0.441,0.237,0.323,0.4404,Neutral
alright pay win,Recommended,29,32.5 hrs on record,Posted: November 4,en,0.806,0.194,0,0.6597,Positive
gameplay fun game everyone toxic as freak,Not Recommended,52,56.0 hrs on record,Posted: November 4,en,0.295,0.259,0.446,0.1027,Neutral
like wish pack cheap to be honest theyre way overprice i have alot bug especially play pro club get bad delay controller stop work except navigate setting character stand still miss volta rush absoloute garbage hope stay away next year bring back voltaa,Recommended,270,60.0 hrs on record,Posted: November 4,en,0.249,0.169,0.582,0.6697,Positive
since meat grinder play game ew,Not Recommended,35,71.5 hrs on record,Posted: November 4,en,0.324,0,0.676,0.34,Negative
try give go step away fifaea fc series year safe say i am step away gameplay fun inconsistent mode play almost every gamemode ut career club season coop sadly none enjoyable gameplay artificial intelligent need serious change save franchise hope itll happen get another enjoyable rewarding football game near future never come back unfinished product game,Not Recommended,447,212.7 hrs on record,Posted: November 4,en,0.285,0.12,0.594,0.9215,Negative
tatics do not save gk fumbling mess clunky slow game play hey ultimate team transaction work flawlessly joke game,Not Recommended,108,25.0 hrs on record,Posted: November 4,en,0.251,0.201,0.548,0.0701,Negative
great game except ultimate team mode player slow play could connection server something dunno everything stuttery gameplay worst fifa game do not follow formation meta player meta stuff lose game non stop etc overall good game cool stuff ultimate team ultimate trash,Not Recommended,315,207.7 hrs on record,Posted: November 3,en,0.21,0.162,0.628,0.4019,Neutral
ruminate whether gameplay actually sophisticated poorly optimize decide indeed badly design past year ea make many aspect game highly manual specialize extent shoot effectively require three button trigger run mostly manually do dribbling complicate pressing mostly manual may seem like sophisticated gameplay first glance mechanic figure result gameplay look extremely unnatural often reliable take finesse long shots basic pass playsthen course issue player funnel highly exploitative ultimate team fun concept ea amped cost get player useful game force mindnumbing squad building challenge get advanced player neglected highly unrealistic career mode also frustrate play due inane onedimensional objective need progress avoid beratedi concede rush fun game mode reward fairly distribute compare mode like squad battle rush mode course vulnerable griefers selfish tendency present online gameplay particularly reward require performance afked frustration player match moreso fault basic humanity test worryingly large amount people seem failthe menu ui also great take feel like age cycle myriad different page also laggy due unnecessary highfi player background main menu pagesit make nostalgic time game consistently fun addictive frustrating overly sweaty lamentable video game industry cease true free market game investment design extract much revenue playerbase possible rather deliver quality product miss pre capitalism,Not Recommended,1808,46.7 hrs on record,Posted: November 3,en,0.234,0.133,0.632,0.9783,Negative
buy game like last year buy friend never play buy well play something new like space marine black myth wukong much good thisi hate buy,Not Recommended,221,11.1 hrs on record,Posted: November 3,en,0.295,0.254,0.451,0.3641,Negative
fifa good always seem speed one year slow back next one feel little slow stable i am overall happy would expect fifa title overall think feel good play,Recommended,211,46.6 hrs on record,Posted: November 3,en,0.386,0,0.614,0.9156,Positive
would highly recommend game however default passing way sensitive change setting make semi instead assist freekick camera skill game does not work properly,Recommended,192,56.2 hrs on record,Posted: November 3,en,0.113,0,0.887,0.4201,Positive
far bad fcfifa game ea make date scripting bad year even try use find joy win match fc fifa year i am even fun i am win ever since cod come i have played less feel much happier i have even pull good icon couple good hero sbcs scripting bad player feel unplayable time probably time hang boot franchise,Not Recommended,421,143.9 hrs on record,Posted: November 3,en,0.356,0.126,0.517,0.9592,Negative
lot faster ps good,Recommended,23,23.3 hrs on record,Posted: November 3,en,0.492,0,0.508,0.4404,Positive
fc good fc,Not Recommended,18,46.6 hrs on record,Posted: November 3,en,0.592,0,0.408,0.4404,Positive
game alot good last year,Recommended,34,9.3 hrs on record,Posted: November 3,en,0.42,0,0.58,0.4404,Positive
super laggy twitchy also game script whenever game want opponent win player become bunch idiot run field ball keep bounce back opponent tackle like time exaggerate by the way  try refund piece garbage steam would not let please do not get scammed rush commentator make get game also hope whomever get money purchase game spend money hospital medical bill thats frustrated i am pledge buy anymore fc get different sport,Not Recommended,521,150.4 hrs on record,Posted: November 3,en,0.17,0.121,0.709,0.6295,Negative
game way month ea still have not fix crossplay issue pc cannot keep restart game every match moment mu friend console leave lobby fine absolute game,Not Recommended,202,39.8 hrs on record,Posted: November 2,en,0.208,0.041,0.751,0.5994,Negative
product refundedthe change menu break straw mebefore get stuff want easy like trunsfer hub whatevernow messythe game b gameplay usual play licensed club gameplay wise efootball konami realisticthe visuals still cartoonic look do not likewhatever ask refund minutesits simply worth itstop give easy money eamake work itthe game sux as,Not Recommended,433,30.2 hrs on record,Posted: November 2,en,0.281,0.041,0.678,0.91,Negative
game set automatically adjust gpu perfect entertainment much,Recommended,77,3.1 hrs on record,Posted: November 2,en,0.52,0,0.48,0.7579,Positive
first week game was not bad crash squad battle rival easy sweat squadbattles worldclass dif high still lose team tactic yeah may game suppose casual fun type thing make hate life,Not Recommended,281,208.2 hrs on record,Posted: November 2,en,0.331,0.194,0.475,0.6495,Negative
intend buy full game decide try first ea play launch game find set thing outside game next time try launch error many computer access occured cannot play typical ea,Not Recommended,223,45.5 hrs on record,Posted: November 2,en,0.143,0.081,0.776,0.2732,Negative
worst football game ever create many bug pass does not work rebound game player seem like play negative iq cannot function like proper human much good fifa instead ea fc utterly garbage game would recommend,Not Recommended,242,165.3 hrs on record,Posted: November 2,en,0.3,0.157,0.543,0.6249,Negative
sometimes game funny normally game big dawgshit really need full recode,Not Recommended,92,74.0 hrs on record,Posted: November 2,en,0.225,0,0.775,0.4404,Negative
let begin say i have play fifa game decade game is not bad last year game update team add good tactic system career mode good really feel make career mode depth deep fm give you control aspect club incremental upgrade is not go work need rework,Recommended,319,50.7 hrs on record,Posted: November 2,en,0.212,0,0.788,0.8765,Positive
game play heavy bad game play ever see life game,Not Recommended,72,405.8 hrs on record,Posted: November 1,en,0.314,0.229,0.458,0.0772,Negative
game absolute piece trash feel sluggish defender practically nothing watch ball enemy ball good luck steal back reward feel less good previous one does not worth anything still go get clapped pace nothing couple number convince good go get good pay lucky enough even enemy silver card team still dribble like ronaldhinho slide defender like slice hot knife butter,Not Recommended,494,24.8 hrs on record,Posted: November 1,en,0.4,0.138,0.462,0.9708,Negative
good game recommend,Recommended,20,68.5 hrs on record,Posted: November 1,en,0.844,0,0.156,0.6597,Positive
amazing game internet bad play ultimate team,Recommended,51,123.9 hrs on record,Posted: November 1,en,0.453,0.255,0.292,0.4019,Positive
full bug glitch opponent always ff win will not count win stupid glitch hack always shoot green time shot time single mistake use device today match win opponent leave game did not count win opponent green time shot time fut champ unbelievable unplayable pc,Not Recommended,348,168.9 hrs on record,Posted: November 1,en,0.397,0.093,0.51,0.9669,Negative
ball physic amaze ball collapse pressure kick animation dynamic allow quick movement player look amaze even less known player,Recommended,175,20.0 hrs on record,Posted: November 1,en,0.385,0.181,0.435,0.7269,Positive
stick load screen time restart game every time play playstation friend game take long start crash awfully lot every game need launch seperate launcher,Not Recommended,187,89.0 hrs on record,Posted: November 1,en,0.191,0.092,0.717,0.4404,Negative
wouidnt recommend noone buy fifa bring game even hour say play hour have not say carnt money back carnt play game does not work joy pad thats bring say carnt refund bad ea sport good luck,Not Recommended,290,5.4 hrs on record,Posted: November 1,en,0.271,0.135,0.595,0.6836,Negative
football fan want play football game think is not much option market stick game another year totally bad ever play entire life unplayable,Not Recommended,213,116.6 hrs on record,Posted: October 31,en,0.278,0.126,0.596,0.3832,Negative
review ultimate team mode specifically despite improvement slow pace gameplay welcome remain deeply broken game combine increasingly revolting time sink cash grab even ping m delay execution player animation appal time you have ask situation completely change player artificial intelligent also terrible player routinely put cannot pas ground passing break even semiassisted directionality random pace ball precision passing make almost unusable player switch even use ballrelative rightstick switching require three attempt get player want could go get idea respect anyone good game regardless utter jank change reward system make get win maximum reward rival think play game life job even offline squad battle turn sweat fest game count towards weekly reward design get spend money store best possible player way people able compensate terrible gameplay cheese opponent power shot outside box use haaland bicycle kick corner avoid crap cost unless absolutely must play licensed football game longtime onwards player never great game high ever division rival fifa see gradually get bad bad,Not Recommended,1453,70.8 hrs on record,Posted: October 31,en,0.179,0.162,0.659,0.6841,Negative
love give money ea,Recommended,22,85.3 hrs on record,Posted: October 31,en,0.583,0,0.417,0.6369,Positive
finally good carrer,Recommended,17,42.6 hrs on record,Posted: October 31,en,0.592,0,0.408,0.4404,Positive
though nothing change since last year updation regard team player graphic visuals enhance version want play realistic football simulation best game you will ever see thing fc wait fc release ill buy wouldve fc would not buy next year go thing would not purchase fc know nothing goona change updations,Recommended,433,66.7 hrs on record,Posted: October 31,en,0.139,0.049,0.811,0.6249,Positive
expect though must say year theres big jump usual gameplay gamemodes typically abandon hate pay full price theres really alternative soccer need smarter wait sale enjoy one lot previous two would reluctantly recommend,Recommended,297,31.6 hrs on record,Posted: October 31,en,0.197,0.213,0.59,0.0772,Positive
game buggy mess major input lag defend become easy hardly score fun,Not Recommended,81,201.9 hrs on record,Posted: October 31,en,0.315,0.26,0.425,0.2551,Negative
game become even disqusting year game run slow as freak cannot score without bug player every second rat play back skill move do not work deal do not purchase disqusting ass thing,Not Recommended,191,233.4 hrs on record,Posted: October 31,en,0.141,0.078,0.781,0.3291,Negative
bad support controller support month preorder,Not Recommended,64,3.5 hrs on record,Posted: October 31,en,0.454,0.294,0.252,0.2263,Negative
thrash game do not waste money,Not Recommended,29,439.8 hrs on record,Posted: October 31,en,0.318,0,0.682,0.3252,Negative
bug new upgraded worthy feature,Not Recommended,34,36.3 hrs on record,Posted: October 30,en,0.42,0,0.58,0.4404,Negative
play one nation glory play people call france absolutely true africa,Recommended,93,69.1 hrs on record,Posted: October 30,en,0.619,0,0.381,0.8858,Positive
game pass garbage player pass ball pitch want pass back someone next defend f mystery idea people defend game absolutely garbage waist money,Not Recommended,211,43.3 hrs on record,Posted: October 31,en,0.058,0,0.942,0.0772,Negative
i have play franchise year far bad game theyve ever release fut say like play team tactic every match yes fut game break point count one finger many tactic formation work game certain player op player card worth purchase time save coin pack get rival sb trash defense constant pressure oppose team call extra defender ball game stamen barely dwindle yet team stamina dry saharamore month since release ea do nothing fix issue either fully aware bug refuse fix majority player base abuse longer keep number people second option aware bug game knowledge fix cause game die publisher forever,Not Recommended,868,283.4 hrs on record,Posted: October 30,en,0.194,0.133,0.673,0.3262,Negative
review need help laptop rtx ryzen h still lot framedrops try lowering setting everything someone help,Not Recommended,132,17.6 hrs on record,Posted: October 30,en,0.278,0.103,0.619,0.5267,Negative
prefer fifa unable edit formation game choose position player would nice edit name football club badge like ac milan inter milan etchas crash time i have lose commentary match reasonjust charity shield video show lift prem league cupwon super cup i am lifting thin air video glitch even second season career mode overall,Not Recommended,398,120.2 hrs on record,Posted: October 30,en,0.192,0.087,0.721,0.765,Negative
knee ask buy gamein year fifa far bad one ever play many problem address cannot bother write one hate game enjoyable artificial intelligent defending stand tackle way strong get essentially defender auto tackle skill move nowhere near effective point feel like theyre useless way dribble use rbmolest left stick pass think initially go great i am much skiller finesse shottrivela green time abuser passing hurrendous every time yell thats pass cured one terminal cancer patient id win nobel peace prize time one get terminal cancer play game fact abuse broken mechanic trivela green speedboost finesse green kick glitch kick glitch even exist mean devs play game able consistently generate goalscoring opportunity absolute run artificial intelligent make stupidfciq fc zero iq vini jr role make run fat blind man feel like pace run directly behind defender does not make sense occasional objectively speak good run make are not good run game play ball defender tackle side behind clean fairly consistently get win every week rival reward play qualify champ put game torturous experience fut champ year formally elite player fifa take break i am hard stuck div go best fut champ main gripe consistency skill gap small amount game play week people work people study player much bad jam way infinite rebound take hand controller defend player make rival game close force play upwards game maybe even get rival winsthe game feel like chore fault i am play cannot let go fact spend ultimate edition,Not Recommended,2086,136.8 hrs on record,Posted: October 30,en,0.283,0.151,0.566,0.9894,Negative
write review right game crash th minute crash ingame yearsi play fc find fun enjoyable extent great per se terrible either get game think would least game significantly slow significantly bug crash massive hacking problem top communication ea player base address bug glitch almost nonexistentultimate teamrush game redeemable factor ruin selfish andor afk player ruin fun others punishment mention fact encounter unrewarding gameplay mechanic plague game mode across titleevolutions revolutionary concept last year riddle bug block valid evolution chain remove stat upgrade reason separate note one pay evolution particular extremely absurd requirement require win limited game modesquad battle become much difficult compare previous title search player experience online play game find play world class difficulty example much difficult last year reach goal wc difficulty artificial intelligent use easy even offchem silver team artificial intelligent play significantly high pressing much possessive manner aicontrolled slow defender also seem catch pacey winger much even neither ballhas bad update ut game modes previously reward level win unless division much weak take quite time reach win even good reward insane next reward upgrade win qualification require win compare previous final consists game new qualification requirement force many player would make final previous title result much sweatier final experience make pc particular near impossible reach top reward even pro due absurdly high number hackersis riddle bug well transfer rating nonsensical weak footskill move upgrade reflect game modding may necessary make mode enjoyable objective player career mode give season point also bug allow get point objective objective group wholeshares issue ut notably rush matchmaking also quite poor record instance player load game player teamin general opponent experience following win ball make good tackle win ball make good tackle immediately lose get red card concede penalty make good tackle player visibly obviously offside pas player flag offside goalkeeper look away ball concede comically absurd power shot disconnect game win tell ea look result determine goalkeeper save shot ball bounce straight foot another opponent player easy goal game freeze menu rush teammate afk game play every opponent onside player miss easy goal despite green time shot pas misdirect another player pas intercept lose game despite significantly xg opponentif want play football game recommend stick previous rendition game already wait release ea something drastic game enjoyable reason people still play game fear of missing out fact pay dollar,Not Recommended,3599,159.0 hrs on record,Posted: October 30,en,0.258,0.148,0.595,0.9946,Negative
please do not buy game make go insane every time play rival,Not Recommended,57,154.1 hrs on record,Posted: October 30,en,0.287,0.165,0.549,0.25,Negative
pretty cheek not going to lie,Not Recommended,15,125.5 hrs on record,Posted: October 30,en,0.39,0,0.61,0.4939,Negative
farcical little ea care quality greedy game somehow issue ever would list issue neither care motivate list myriad problem game save sanity do not buy game i have enough goalie dribble net,Not Recommended,284,54.6 hrs on record,Posted: October 30,en,0.219,0.174,0.606,0.4328,Negative
arguably bad fifaeafc title datei concede content best ever countless player choose never see many stack team previous title game still push buy pack rarely reward player playingbeen avid player since fifa think last game stand game basically play punish player input skill gap basically nonexistent play football longer even really possibleevery single game play delay plug straight router watch player swim grass ignore command second third button press passing mess player basically hop ball go aim run manually trigger otherwise support attackdefending year let back line sit place allow auto offside trap opponent fut mess player spamming back seem like way prevents silly buildup goal attacker press opposition half effective method defensei win player last ten year exclude wl era do not even care push past win game straight slot machine child addict recommend anyone enjoy fun football experience find eafc,Not Recommended,1213,144.1 hrs on record,Posted: October 30,en,0.242,0.183,0.575,0.8509,Negative
honestly bad fifa last ultimate team gameplay bad especially scripting make want break monitor goal th minute opponent square ball box men mark one attacker somehow manage get ball score goal also get good div rival reward need play win insane amount game weekly dunno bout people actually life cannot afford torture play hour crap week do not buy,Not Recommended,463,81.7 hrs on record,Posted: October 30,en,0.27,0.188,0.542,0.7104,Negative
game good overpriced know ea work,Recommended,54,156.5 hrs on record,Posted: October 30,en,0.367,0,0.633,0.4404,Positive
game pretty good fun mechanic etc online multiplayer experience awful uninstalling never play fc unless ea come good serversconnection whatever necessary by the way  use good pc excellent wire ethernet connection,Not Recommended,225,133.8 hrs on record,Posted: October 30,en,0.403,0.107,0.49,0.9308,Neutral
game casuals people want fun game rival win you want sit day everyday get win,Not Recommended,109,174.2 hrs on record,Posted: October 29,en,0.574,0,0.426,0.91,Negative
great game good addition rush,Recommended,33,31.4 hrs on record,Posted: October 29,en,0.7,0,0.3,0.7906,Positive
good game thumb,Recommended,16,89.2 hrs on record,Posted: October 29,en,0.592,0,0.408,0.4404,Positive
good,Recommended,13,80.9 hrs on record,Posted: October 29,en,1,0,0,0.4404,Positive
good i do not know else say,Recommended,27,132.8 hrs on record,Posted: October 29,en,0.367,0,0.633,0.4404,Positive
honestly cliche say version fifa play bad remember last year cannot tell change passing horrific artificial intelligent response time play say what the freak lot bros mainly play club sure fut play well game right pure annoyance buy spare controller,Not Recommended,297,55.2 hrs on record,Posted: October 29,en,0.327,0.214,0.458,0.5994,Negative
game weak world big atrocity holocaust to be honest i am addict nobody going to pull tight,Recommended,116,330.8 hrs on record,Posted: October 29,en,0.163,0.144,0.693,0.1027,Positive
pay aud half baked game game crash time controller suddenly disable play ut cannot even move player watch button work pause button force quit game get dns real tactical game self problem server problem worth aud ever want play game wait discount sale believe save money ea fix,Not Recommended,369,191.2 hrs on record,Posted: October 29,en,0.188,0.159,0.653,0.1779,Negative
defender faster pace attacker degree finesse shot finesse trait player goalie like get megged reason player keep pass wrong person kevin de bruyne move like truck kyle walker score two freekicks row penalty impossible save nerf griezmann ea decide give everyone easy opportunity get rat thuram first week game boring game run poorly,Not Recommended,403,78.3 hrs on record,Posted: October 29,en,0.217,0.172,0.611,0.296,Negative
pay win scripted as game,Not Recommended,30,125.8 hrs on record,Posted: October 29,en,0.463,0.171,0.366,0.5267,Negative
game great pace play always enjoy play fifa play one past see much change bad cannot play single game without lag promise wifi either ea bad server ever see fifa madden well play cs cod dbd are etc issue connection ea server make game unplayable,Not Recommended,317,53.5 hrs on record,Posted: October 29,en,0.358,0.137,0.505,0.9095,Negative
great graphic gameplay realistic career mode v rush mode great additon bring academy player,Recommended,101,61.3 hrs on record,Posted: October 29,en,0.427,0,0.573,0.8481,Positive
top,Recommended,3,114.0 hrs on record,Posted: October 29,en,1,0,0,0.2023,Positive
script yeswaste money yeswhy buy ideaonly positive optimised pc comparing whole garbage pileoffline probably save sanity artificial intelligent mentally deficient soo like play russian roulette,Not Recommended,211,65.4 hrs on record,Posted: October 28,en,0.478,0,0.522,0.9468,Negative
want happy life do not play game,Not Recommended,43,189.3 hrs on record,Posted: October 28,en,0.453,0.184,0.362,0.4523,Negative
best,Recommended,7,20.6 hrs on record,Posted: October 28,en,1,0,0,0.6369,Positive
fifa fan since fifa even though bad mile still enjoy,Recommended,67,15.0 hrs on record,Posted: October 28,en,0.344,0.219,0.438,0.25,Positive
quite possibly bad game i have ever play fc much good do not play game,Not Recommended,76,105.1 hrs on record,Posted: October 28,en,0.359,0.176,0.466,0.4445,Negative
game fill bug year year year cannot add anything hasnt already saidupdate crash time season career mode judge online forum persistent wellknown issue,Not Recommended,191,109.4 hrs on record,Posted: October 28,en,0.093,0,0.907,0.3089,Negative
bad fotball game ganna best you are good even trash player win easy thats shame,Not Recommended,111,411.1 hrs on record,Posted: October 27,en,0.469,0.224,0.306,0.802,Negative
game work fine wl great,Not Recommended,39,65.8 hrs on record,Posted: October 27,en,0.663,0,0.337,0.7096,Positive
able use rt substitution game please fix play pay gamei never problem fc early please fix asap,Recommended,146,15.9 hrs on record,Posted: October 27,en,0.409,0.062,0.53,0.7819,Positive
break everything room get hatrick score antony woul reccommed super realistic,Recommended,88,211.0 hrs on record,Posted: October 27,en,0.281,0,0.719,0.5994,Positive
game full dda script even last year marketing company central asia ensure nobody buy game next year kill nerve past month encourage folk region buy harmful nervous systempeople love football fall trap ea urge player spend money win match game skill help win,Not Recommended,386,106.8 hrs on record,Posted: October 27,en,0.321,0.143,0.535,0.9062,Negative
improvement last year,Not Recommended,25,9.0 hrs on record,Posted: October 27,en,0.6,0,0.4,0.4588,Positive
freeze half time,Not Recommended,17,208.7 hrs on record,Posted: October 26,en,0.375,0,0.625,0.0516,Negative
kid like blood pressure does not take game keep crash midgame online friend mode online offline multiplayer except local cannot play career league together artificial intelligent game decide script loss will not avoid high difficulty especially final derby also happen win much regardless opponent always use multiple save career might break lose progress non ut player ea does not care play old version fifa,Not Recommended,468,90.3 hrs on record,Posted: October 26,en,0.253,0.204,0.542,0.7449,Negative
great game,Recommended,9,48.3 hrs on record,Posted: October 26,en,0.804,0,0.196,0.6249,Positive
really fun game press altf,Not Recommended,29,150.2 hrs on record,Posted: October 26,en,0.473,0,0.527,0.5563,Negative
support small indie company ea,Recommended,29,26.5 hrs on record,Posted: October 26,en,0.403,0,0.597,0.4019,Positive
ec fc new dlc drop thanks ea,Not Recommended,27,165.6 hrs on record,Posted: October 26,en,0.29,0.21,0.5,0.2023,Negative
buy game full price wait least go sale seriously worth game different name,Not Recommended,101,0.7 hrs on record,Posted: October 26,en,0.13,0.116,0.753,0.0516,Negative
straight point do not buy game wish did not cannot put way far bad release series mile grant game issue tolerable however version game would advise look ufl goal mechanic clunky best finishing awful passing absolutely atrocious artificial intelligent horrendous artificial intelligent probably best defender game does not matter artificial intelligent grant speed boost physicality boost defensive boost attack seem render inactive possibly minimal use apt description due amount time move player offside position ask run make pc port also extremely temperamental lag game freeze cause forcefully close game restart back upi genuinely expect people read primarily vent frustration unfinished product show ea go game unless game improve next release series likely die especially company make game unless vast improvement mechanic especially passingshooting tackle hope ea do not go usual backwards think decide make even bad nowea get actual game developer understand gamers one surely,Not Recommended,1263,148.1 hrs on record,Posted: October 26,en,0.25,0.153,0.598,0.9427,Negative
bad game love,Recommended,20,333.0 hrs on record,Posted: October 26,en,0.483,0.402,0.115,0.1779,Positive
game force keyboard control even unplug keyboard month go still controller problem exist fix nothing totally waste money timeupdatethe controller issue fix game playable need patch properly fix year gameplay good,Not Recommended,254,44.3 hrs on record,Posted: October 26,en,0.151,0.075,0.775,0.4115,Neutral
pay win gamei buy ultimate edition untill receive rodrigotonight spend okay rival reward rush reward do not get playable player,Not Recommended,137,237.9 hrs on record,Posted: October 26,en,0.444,0.047,0.508,0.9136,Negative
nice grass mate laugh,Not Recommended,16,39.1 hrs on record,Posted: October 25,en,0.762,0,0.238,0.7506,Positive
cannot recommend current state player like kevin de bruyne martin odegaard cannot play proper one touch pass passing break gameai defending phenomenally op make lot game extremely bore would not big problem player could pass ball well spastic,Not Recommended,272,123.2 hrs on record,Posted: October 25,en,0.151,0.142,0.706,0.1076,Negative
want save health do not buy game,Not Recommended,40,68.1 hrs on record,Posted: October 25,en,0.474,0,0.526,0.5423,Negative
beautiful game keep bug make unable control player play online,Not Recommended,80,172.7 hrs on record,Posted: October 25,en,0.441,0,0.559,0.743,Negative
physic engine feel outdated player movement often look clunky unnaturall look like i am play robot behave artificial intelligent look like player another dimmension,Not Recommended,168,134.9 hrs on record,Posted: October 25,en,0.354,0,0.646,0.8555,Negative
freeze wankest fifa yet felt like last fifas wait till you play scripted b i have ever play ball bounce back oponent fifty time you cannot defend cause your screen freeze loose last min champ put minute you concede goal like,Not Recommended,323,228.6 hrs on record,Posted: October 25,en,0.315,0.047,0.638,0.875,Negative
game full glitch recommend anyone play add credit buy fc point store glitched missclicked work end buy wrong thingthis game piece frustration,Not Recommended,181,288.2 hrs on record,Posted: October 25,en,0.244,0.202,0.554,0.0772,Negative
ba baga mi pula n pizda matii cate carti curse castigate artificial intelligent maeu baga mi pula n gura ta de prost sa mi bagce artificial intelligent de faci asacel mai bun castiga cel mai bun castigala momentul actualla momentul actual imi sugi pula ba la momentul actualnu mai injura asa terminatulesa mi sugi pulanu vreau nu mersi,Not Recommended,252,111.7 hrs on record,Posted: October 25,en,0.096,0.056,0.848,0.3612,Negative
game like smoke start hard give thing every year i have never many error menu point freeze get stick even friend call restart simulator big company terrible live tweak make game absolute garbage change team round fit gameplay one moment slow pass physical play next day rapid like everyone ice dribble pace need find balance stop change constantly rate gameplay change bloody time scripting always th th minute goal time match tackle someone time ball still bounce back every attempt defender round one player low physical player chest ball shoot space somehow rival point per week get top tier reward perspective thats win top squad battle rush objectives literally find life attempt alli say time do not know keep play game old bug glitch old scripting old pack opening waste life good card worthless within month even less change meta game multiple time lose everything start yearso far hour life wish get back life know i am going to end waste do not,Not Recommended,1365,354.2 hrs on record,Posted: October 25,en,0.185,0.14,0.675,0.7997,Negative
basicly you want get game full hacers script play buy big ea scumbags,Not Recommended,88,171.4 hrs on record,Posted: October 25,en,0.252,0,0.748,0.4019,Negative
game mode play pro club play lot friendliesfor last week i have bug restart game match order get back club lobby imagine make friend opposition team wait minute every match,Not Recommended,238,81.1 hrs on record,Posted: October 25,en,0.267,0,0.733,0.7964,Negative
graphic good card design cool guesspls nike promo,Recommended,74,262.0 hrs on record,Posted: October 24,en,0.464,0,0.536,0.6369,Positive
fun game play,Recommended,17,61.5 hrs on record,Posted: October 24,en,0.851,0,0.149,0.6908,Positive
unable play due amount bug ea cannot fix menu get stick beforemidafter ultimate online game music keep playing greatalt f good friend fc edit still fix ultimate rival mode game get frozenit look like ea lack qaquality tester employee ea raise hand trouble find qa worker ill gladly help find,Not Recommended,349,141.2 hrs on record,Posted: October 24,en,0.315,0.117,0.568,0.9062,Negative
disclaimer review someone play fut primarilyrecommendationi have not play fcfifa yr never great game find able achieve style play thats work since release play average h day cook recommened game people bore look addicting game waste time yes game play fun have not play great singleplayer game do not want spend time game gameplayfut overallcontent come good pacegameplay frustrate since many abusable shot trick right nowgetting slowly fix thomarket seem good feeling impact start actually coinsmany people almost team thuramgriezmannetcand get frustrating always play cardsyou nice team low amount coin since add woman combination new chemistry systemalot content really bad whatever take card coinsi bought do not regret since have not anything else playtldr game crazy high low insane amount thing actual feel like progressing,Recommended,2598,455.1 hrs on record,Posted: October 24,en,0.227,0.197,0.576,0.6032,Positive
nice graphic,Recommended,12,91.6 hrs on record,Posted: October 24,en,0.737,0,0.263,0.4215,Positive
far bad fifa game ever play i have play since fifa arguably might bad video game ever play life genre roblox good soccer game division weekend league player previous fifas even make division cannot qualify weekend anyone say skill issue let explain defender game like defend make tackle fall straight attacker foot wide open goal sometimes defender do not even move play defense everytime try attack team defender make tackle keep ball team leave team wide open counter attack defender even go defend goalie basically useless do not like defend either way win game want everytime get chance goal somehow goalie save shot hit post use shot every fifa score thousand goal way win game choose let win good team yet way bad team keep team game wish someone would release competitor soccer game switch also pack weight ultimate absolute would rather drag ball broken glass play as game buy even go sale save sanity,Not Recommended,1237,71.8 hrs on record,Posted: October 24,en,0.269,0.152,0.58,0.9531,Negative
good last edition still many bud plauge ea shame amount money ea bring stability bug fix top priorty does not seem case club option choice game mode artificial intelligent unpredictable lob pass unreal base point upgrade does not mean much difference pro game excels graphic let artificial intelligent unpredicability game general also know fifa aid,Recommended,412,87.6 hrs on record,Posted: October 24,en,0.214,0.047,0.739,0.8779,Positive
aspect find enjoyable game net animation ball hit back net cool realistic everything else fall shortfifa ea sport huge letdown last played fifa hop improvement instead find game poorly thoughtout mechanic responsiveness fluidity enjoy fifa replace clunky awkward control player longer move react naturally even simple maneuver feel cumbersome feel like game lose touch make great,Not Recommended,497,173.3 hrs on record,Posted: October 24,en,0.311,0.059,0.63,0.9545,Neutral
good,Recommended,12,20.3 hrs on record,Posted: October 23,en,1,0,0,0.4404,Positive
game need play drop back pressure time fun part attack artificial intelligent whatsoever cannot play football way score corner chance score cross pray like play like headless chicken please buy game also bonus get gamble addiction,Not Recommended,290,221.3 hrs on record,Posted: October 23,en,0.493,0.128,0.379,0.9595,Negative
like every year suck reason you buy still did not passing bug around since start cannot use controller online game okay main screen etc reason make fun gamemode like rush cannot report anyone who bother rest love,Not Recommended,285,66.5 hrs on record,Posted: October 23,en,0.29,0.107,0.604,0.8442,Negative
wonderful gameplay,Recommended,17,306.3 hrs on record,Posted: October 23,en,0.787,0,0.213,0.5719,Positive
want play game twice online keyboard mouse does not work system change cannot use mouse game learn play option learn play keyboard mouse soon match mouse switch longer know play bad unclear game play many game life never experience anything like game poorly put together appear many bug do not want buy controller push game poorly put together,Not Recommended,464,8.1 hrs on record,Posted: October 23,en,0.208,0.108,0.684,0.6111,Negative
good game favorite game realistic cool alot gamemodes much fun price high football game deserve max recommandation buy reasonable discount,Not Recommended,191,23.8 hrs on record,Posted: October 23,en,0.418,0,0.582,0.8885,Positive
good,Recommended,7,22.8 hrs on record,Posted: October 23,en,1,0,0,0.4404,Positive
gameplay good,Recommended,17,47.9 hrs on record,Posted: October 23,en,0.744,0,0.256,0.4404,Positive
literally cannot turn announcer rush mode ultimate team announcer genuinely scream ear entire game mode legitimately unplayable play sound turn asap ea please thanks,Not Recommended,188,18.1 hrs on record,Posted: October 23,en,0.251,0.089,0.66,0.5994,Negative
script good game make every doo doo player play like prime are,Not Recommended,68,27.3 hrs on record,Posted: October 23,en,0.464,0,0.536,0.7783,Negative
first time buy fifa full pricetbh get discount own ea play does not countthe new rush play really fun play friendbut somehow ea cannot get license ac milan really dissapointment game,Recommended,203,104.3 hrs on record,Posted: October 23,en,0.286,0,0.714,0.8687,Positive
like football human soccer would like,Recommended,56,111.0 hrs on record,Posted: October 22,en,0.556,0,0.444,0.6124,Positive
active strategic game lot detail,Recommended,35,58.1 hrs on record,Posted: October 22,en,0.403,0,0.597,0.4019,Positive
nothing change poor game please make good football game,Not Recommended,57,202.6 hrs on record,Posted: October 22,en,0.564,0,0.436,0.7753,Negative
like game graphic stay,Recommended,39,57.4 hrs on record,Posted: October 22,en,0.455,0,0.545,0.3612,Positive
like previous version guess passing feel worsenew mode call rush really fun play friend though suppose make career mode feel lot well well i am sure modders would enjoy year version overall okay slightly betterlooking version compare fc new gamemode thats enjoyable,Recommended,305,113.9 hrs on record,Posted: October 22,en,0.463,0,0.537,0.9743,Positive
cool,Recommended,4,8.7 hrs on record,Posted: October 22,en,1,0,0,0.3182,Positive
excellent graphic smooth gameplay tactic setting interesting play year,Recommended,93,31.4 hrs on record,Posted: October 22,en,0.595,0,0.405,0.8316,Positive
great game game time,Recommended,35,51.9 hrs on record,Posted: October 21,en,0.577,0,0.423,0.6249,Positive
bit well fc pretty similar do not really like rush gamemode since reward are bad time you spent still big improvment last year,Recommended,140,146.5 hrs on record,Posted: October 21,en,0.274,0.178,0.548,0.4893,Positive
game every year game crash even file validate maybe play hour without crash file maybe minutes driver update yet game does not like run properly good part year career fun previous year well new rush mode even crash half way try objective,Not Recommended,332,29.1 hrs on record,Posted: October 21,en,0.234,0.181,0.585,0.457,Neutral
good game play boriong thge rush mode vbery nice,Recommended,55,153.9 hrs on record,Posted: October 21,en,0.574,0,0.426,0.7964,Positive
open game rd time problem eaanticheat pay full price cannt even play game know tutorial bypass tf need buy fk you ea capitalize football game market something like pe year ago come people will not ea ever,Not Recommended,307,824.1 hrs on record,Posted: October 21,en,0.117,0.098,0.786,0.2023,Negative
fix game rivalsoppernet player leave match showing row play,Not Recommended,87,136.5 hrs on record,Posted: October 21,en,0.226,0.113,0.66,0.296,Negative
cool,Recommended,7,61.7 hrs on record,Posted: October 21,en,1,0,0,0.3182,Positive
top,Recommended,3,64.8 hrs on record,Posted: October 20,en,1,0,0,0.2023,Positive
love game player career player career reason play game since fifa however game buggy ea release title update player career pc remove several celebration game confuse training hub try train player input mouse keyboard despite controller connect play say controller actual match new update something bind go awry you are passionate type football simulation do not attempt,Not Recommended,514,318.0 hrs on record,Posted: October 20,en,0.187,0.029,0.784,0.8885,Neutral
someone play career mode frequently really appreciate game realistic structure however various issue pc version frustrate instance game often does not start restart ea anticheat believe optimization problem like should not exist crucial factor,Recommended,282,36.8 hrs on record,Posted: October 20,en,0.237,0.129,0.634,0.5849,Positive
massively buggy recycle game since main innovation focus take advantage weak people transform bet addictsea soulless company care gamers grossly profit orient care damage inflict usersuninstalled piece crap make big mistake try yearsdo buy,Not Recommended,340,211.9 hrs on record,Posted: October 20,en,0.273,0.255,0.472,0.2263,Negative
fc fire like co op squad battle rush game mode con gameplay main issue passing your pass get intercepted hard make perfect pas overall recommend play single multiplayer,Recommended,223,148.7 hrs on record,Posted: October 20,en,0.288,0.166,0.545,0.6908,Positive
feel like i am gameso realistic i am always sweatin ballslike i am play fieldbut love game sweatin,Recommended,107,38.6 hrs on record,Posted: October 19,en,0.431,0,0.569,0.8442,Positive
really good,Recommended,10,13.7 hrs on record,Posted: October 19,en,0.762,0,0.238,0.4927,Positive
play fifa since fifa far bad game ever release release early access even generous buy,Not Recommended,137,20.4 hrs on record,Posted: October 19,en,0.269,0.165,0.566,0.296,Negative
still cannot properly program game pc freeze game goal bruh worth,Not Recommended,93,94.0 hrs on record,Posted: October 19,en,0.256,0,0.744,0.2732,Negative
best football game,Recommended,16,27.1 hrs on record,Posted: October 19,en,0.677,0,0.323,0.6369,Positive
great game,Recommended,9,141.1 hrs on record,Posted: October 19,en,0.804,0,0.196,0.6249,Positive
game ea realiy good,Recommended,28,105.4 hrs on record,Posted: October 18,en,0.492,0,0.508,0.4404,Positive
gameplay fc much good maybe thats new tactic system really do not like ea give player choose let play old system switch new fc well graphic physic do not know decide change gameplay much defnders always faster winger striker even defender stats pace much lowernot bad game fc good,Recommended,343,24.9 hrs on record,Posted: October 18,en,0.196,0.099,0.705,0.5895,Positive
total trash pay win game sell game competitiondont buy save precious time something else,Not Recommended,131,141.6 hrs on record,Posted: October 18,en,0.484,0.063,0.452,0.8834,Negative
best game ever give icon please,Recommended,31,305.4 hrs on record,Posted: October 18,en,0.619,0,0.381,0.7579,Positive
love game pc issue play fc fc run smooth,Recommended,53,14.5 hrs on record,Posted: October 18,en,0.485,0,0.515,0.765,Positive
game trash cannot even pass ball also keep freeze every time sbc claim reward,Not Recommended,91,116.5 hrs on record,Posted: October 18,en,0.29,0,0.71,0.5994,Negative
play fifa franchise since fifa game graphic get way good since overall state game player base unmatched game many issue make unbearable play consistent bounce back make challenge oppose team player ridiculous finesse shot goal developer mention go realistic turn opposite worth money spend purchase next edition upcoming year,Not Recommended,466,91.5 hrs on record,Posted: October 18,en,0.192,0.067,0.741,0.7269,Negative
crossing lob ball badtakes skill play game ea hand goal bad player do not buy game,Not Recommended,111,402.1 hrs on record,Posted: October 17,en,0.253,0.158,0.588,0.2732,Negative
good fc,Recommended,14,106.9 hrs on record,Posted: October 17,en,0.744,0,0.256,0.4404,Positive
bad gameplaypc lot hackersbad gameplayslow menubad gameplaybad serversnot fun play,Not Recommended,81,255.9 hrs on record,Posted: October 17,en,0.352,0.216,0.432,0.296,Negative
menu complicate many sweat ut pay win gameplay incredibly slow bumpy script th minute goal guirassy metre away smalling manage catch guirassy smalling pull back like wwe was not foul pope collect end game opponent sorry yap session buy winter sale,Not Recommended,350,127.8 hrs on record,Posted: October 17,en,0.137,0.059,0.804,0.6808,Negative
per usual another year exact game price do not even know ui menu new camera angle awful i am sure one play defend awful hold rrb make artificial intelligent defend force current player control run one direction change direction unless let go rrb defend dog shii glitch stupid literally close set piece deflect ball cornersgoal kick free kick point blank range taker even move ops goalkeeper set piece like what the freak even play test game get bunch monkey save money free kick literally easy goal unless know glitch counter mention previous glitch make game go real time glitches whole game ball go ball stay play career mode oh wait play icon wow do not buy game stick fc unless wait come game pas greedy money hungry c ea fix piece st game,Not Recommended,983,75.8 hrs on record,Posted: October 17,en,0.209,0.09,0.702,0.9538,Negative
last fifa play thinkgameplay wise similar player move well however sometimes pas player stop run irritatingalso defensive play weird might something wrong sometimes run ball enemy want tackle teleport order get right distance opponent run ball tackle literally nothing happen even animation player push i am treat weak gust windother mainly play ultimate team earn little ingame money watch streamer previous fifas though spend thousand open dozen pack get nothing worth yeah building team hardbug wise gameplay seem fine except tackle thing however often get menu bug switch tab finish match menu do not load background screen music play open close social menu nothing elsewhen start game fc logo pixelated actually kinda sad p image upscaled p resolutionalso alt f work really well fast,Recommended,987,123.3 hrs on record,Posted: October 17,en,0.183,0.135,0.682,0.6296,Positive
game turn experienced drinker ask anyone time classic would like new desk though ea please,Recommended,106,153.2 hrs on record,Posted: October 17,en,0.27,0,0.73,0.5859,Positive
top,Recommended,3,85.2 hrs on record,Posted: October 17,en,1,0,0,0.2023,Positive
have not play football game since good old pe day think id give shot offline playerat first really enjoy play pro win nil bump wc struggle bit manage find foot great gameslots small detail really make enjoyable like body movement pass take shot resemble reallife body movement presentation best toothen four tough game career mode get win loss something change go rivalderby match god mode activate player twice fast turn quickly look robotic watch replay pivot degree without move foot every pas make super sluggish goalkeeper suddenly resemble nan could not even string one pas like blood cell attack germ rapid does not even justicenow expect derby super tough i am happy lose game already pure hell horrible factso testing bump speed passing shoot several game test reload change anything still faster score every shot end concede two goal nil within minutesi check cpu setting bump try game setting lower change say okay i am ready wc go back pro nothing change game brutal still goal withing min proi much testing result scream cod thats force overwritten matter setting arei go write good review ruin mean win game aigame anything make sure see many year stuff still happen obvious do not gaf,Not Recommended,1746,28.4 hrs on record,Posted: October 17,en,0.233,0.153,0.614,0.9764,Negative
good game need urgenty fix bug,Recommended,36,67.9 hrs on record,Posted: October 17,en,0.367,0,0.633,0.4404,Positive
game extremely clunky seem take lot element eafc actually work properly revamp break game hard enjoy ultimate team laggy choppy ever do not high expectation game feel like yet another unfinished product,Not Recommended,262,46.8 hrs on record,Posted: October 17,en,0.158,0.039,0.803,0.6486,Negative
ea fc major disappointment possibly one bad entry series gameplay feel clunky sluggish player movement unresponsive control make hard enjoy even basic match artificial intelligent downright terribleteammates stand around nothing oppose team performs superhuman move unrealistic frustratingthe new feature hype feel halfbaked barely change experience career mode staple stale lack real innovation ultimate team even big cash grab push player spend money stay competitive bug glitch also rampant break immersion make seem like game release rush without proper testingto top graphic have not improve much previous year despite promise enhanced realism feel like ea slap new name last year game call day overall waste time money anyone hoping fresh enjoyable football experience,Not Recommended,898,9.6 hrs on record,Posted: October 17,en,0.179,0.157,0.664,0.4836,Negative
recommend football game,Recommended,22,54.3 hrs on record,Posted: October 17,en,0.556,0,0.444,0.3612,Positive
gameplay booky alright career mode improve menu change need get use tis everything expect fifa game champ dodgy ever div rival reward requirement double is not great squad battle reduce game solid ti fun game play,Recommended,290,151.3 hrs on record,Posted: October 17,en,0.404,0.099,0.496,0.9324,Positive
almost every competitve online game i have play quite easy tell someone good deserve win case game play rulesea fc rigged russian presidential election know scriptingdda exists understand sort invisible momentum mechanic game do not think fair least sort accept grind teeth move someone clearly bad get lucky iswhat cannot accept ball magically teleport opponent player head torso knee hit sweet volley land net one thing subtly make player worse whole story pull physic break goofy ahh doctor type last straw medo favour unistall pile gargabe mental health improve immensly,Not Recommended,775,79.6 hrs on record,Posted: October 17,en,0.289,0.094,0.617,0.9688,Negative
please come,Recommended,10,17.1 hrs on record,Posted: October 17,en,0.697,0,0.303,0.3182,Positive
want end second launch game,Not Recommended,39,183.0 hrs on record,Posted: October 17,en,0.245,0,0.755,0.0772,Negative
recommend you have play old title game credit card merchant will not win unless expensive player tactic system copy football manager useless cannot control game without ball period,Not Recommended,236,199.5 hrs on record,Posted: October 17,en,0.206,0.161,0.632,0.1601,Negative
trash game ever every single year fact bad lot bug glitchesthe ball always bounce defender opponent striker marcus thuram god even though cannot touch ball real life cdm position useless since artificial intelligent does not even follow ball ea surprise you masterpiece every freaking year amaze job ea,Not Recommended,327,96.1 hrs on record,Posted: October 17,en,0.252,0.142,0.607,0.7269,Negative
lot buugssfreeze evry fxkingg min you tap menu fut fix shht cannot play normally sick closing reopen fkiing game cuz fkiing bug,Not Recommended,253,213.3 hrs on record,Posted: October 17,en,0.109,0.082,0.808,0.1695,Negative
get good game enjoy,Recommended,40,201.8 hrs on record,Posted: October 16,en,0.753,0,0.247,0.7269,Positive
nice fut server,Not Recommended,13,64.2 hrs on record,Posted: October 16,en,0.583,0,0.417,0.4215,Negative
fix luck clip please year old win luck fck,Not Recommended,50,58.2 hrs on record,Posted: October 16,en,0.708,0,0.292,0.9022,Negative
love buy game dolars deal bug do not buy buy console less bug week still update bug fix lazy,Not Recommended,126,147.5 hrs on record,Posted: October 16,en,0.177,0.105,0.717,0.4019,Negative
stop play fps game laughing,Recommended,37,227.0 hrs on record,Posted: October 16,en,0.571,0.224,0.204,0.5267,Positive
ea expect anything remarkable still buggy always hey is not go stop get next onesi may issue,Not Recommended,127,286.3 hrs on record,Posted: October 16,en,0.268,0,0.732,0.6692,Negative
jammiest fifa ever create hard ea make simple gamethe amount take tackle let alone simple pas horrifici want money back really want money backlets start petition get everyones money back get new game developer fix franchise,Not Recommended,279,169.9 hrs on record,Posted: October 16,en,0.12,0.087,0.793,0.0772,Negative
need fix delay pc good game,Recommended,59,133.1 hrs on record,Posted: October 16,en,0.315,0.25,0.435,0.1531,Positive
alright,Recommended,9,46.7 hrs on record,Posted: October 16,en,1,0,0,0.25,Positive
really depend lot thing say like team shirt stadium sadly like serie etc game probleme logic team pass wich almost humanly impossible,Recommended,198,211.1 hrs on record,Posted: October 16,en,0.187,0.104,0.709,0.296,Positive
game might bad coded game know man want play pinball like good old day play worth every penny you are main goal unalive ultimate team fun ever great pack weight great opportunity get try new card long spare dollar spend overall would recommend game anyone hat piece mind fun,Not Recommended,347,254.6 hrs on record,Posted: October 16,en,0.459,0.048,0.493,0.9799,Neutral
veteran get fifa cuz friend make move away uni want try something diffrent i have fifa far bad launch gameplay bad get game could play pro club chelsea fan cole palmer one want celebraition cannot singleplayer like cr calma celebration fifa least say celebratin singleplayer tho bad you friend play actually honest last one buy something does not change,Not Recommended,499,38.8 hrs on record,Posted: October 16,en,0.249,0.162,0.59,0.5845,Negative
many bug play hour restart time,Not Recommended,44,123.9 hrs on record,Posted: October 16,en,0.324,0,0.676,0.34,Negative
honestly much good fc rn,Recommended,35,14.3 hrs on record,Posted: October 15,en,0.663,0,0.337,0.7096,Positive
game crash want recive reward cannot enter game write ea server unavailable hacker gameplay bugged trash play full game winning match end disconct imdeatly count lost,Not Recommended,226,188.8 hrs on record,Posted: October 15,en,0.302,0.14,0.559,0.7003,Negative
many hacker game play,Not Recommended,29,50.4 hrs on record,Posted: October 15,en,0.444,0,0.556,0.34,Negative
menu pretty buggy point get hardstuck every hour restart game id generally expect less bugs have not buy soccer game year like might worth get already old version do not see point buy,Not Recommended,253,67.4 hrs on record,Posted: October 15,en,0.202,0,0.798,0.765,Negative
hr controller worsk well middle match min totally random big controller lag delay i have ever see like try tackle tackle sec ore barely round literaly ea let basic thing like escape understand feel like every update new challange cuz face new bug,Not Recommended,304,180.3 hrs on record,Posted: October 15,en,0.222,0.092,0.686,0.6808,Negative
fun,Recommended,10,97.7 hrs on record,Posted: October 15,en,1,0,0,0.5106,Positive
game way many bug right idea behind new feature great execution seriously lack still somewhat fun sheer number bug make really frustrate play,Not Recommended,178,65.2 hrs on record,Posted: October 15,en,0.317,0.214,0.469,0.5467,Neutral
bug annoy should not ever first place company size ea gameplay pretty fun think improvement last year addition rush also good know you will play get you are fine old game wait sale get one do not,Recommended,286,60.5 hrs on record,Posted: October 15,en,0.335,0.059,0.606,0.9136,Positive
best trash game,Not Recommended,22,791.9 hrs on record,Posted: October 15,en,0.677,0,0.323,0.6369,Negative
uninstalled less month i have play game decade finally find one frustrating keep play do not give ea money,Not Recommended,139,125.3 hrs on record,Posted: October 15,en,0.193,0.131,0.677,0.0958,Negative
great eafc game quick question ever go get filter matchmaking region i am you tire encounter overseas player laggy match incredibly frustrate,Recommended,169,27.5 hrs on record,Posted: October 15,en,0.155,0.125,0.72,0.204,Positive
bad series idiot full bug gameopponent move goalie pro club leave net empty chance win promotion match bot become super imbecile ask teammate press ball make run straight direction like brainless robot ball suddenly rocket random direction many apparent bug fix ggwp fkers,Not Recommended,307,97.9 hrs on record,Posted: October 15,en,0.235,0.216,0.549,0.2732,Negative
price ask even worth tryingthe upside game rush thats embarrass consider career mode ut pro improve banter company,Not Recommended,160,26.2 hrs on record,Posted: October 14,en,0.218,0.1,0.682,0.3818,Negative
top,Recommended,3,373.1 hrs on record,Posted: October 14,en,1,0,0,0.2023,Positive
imagine prematch intros actually work cool ea sure do not seem able hey atleast put non functional menu option game see next year option mayormay actually work time around,Not Recommended,204,20.9 hrs on record,Posted: October 14,en,0.146,0,0.854,0.5574,Negative
ea fc is not second game ea world gamethe game realistic fc completely overwork tactic management different stylesyou need search matching player certain play style player roleshere plus minus point ea fc realistic fc iq well tactical management rush rush replace former volta football mode v mode perfect play friend new walkout animation new gk play style include gk play style volta football get sadly remove funny former mode career mode still miss announced feature allow start career current game week slight overworked icon card icon would not rate high icon comparisonplease note entire comment oppinion chance high experience game completely different amshould buy itif already own ea fc fifa game would course recommend fc already get experience playing mechanicsif you are new ea fc want buy would also recommend ea fc great game cool graphic make lot fun moreover ea fc pretty nice career manager mode prefer play offline new transfersif decide stop play fifa ea fc could understand one popular reason game competitive play onlineif like play friend like competition would totally recommend ea fc variety different cool online mode like club prefer play one player team artificial intelligent friend rush v mode get min win team course division rival ultimate team playing club try score many win point move divisionsi like personally like play friend rush big competition try rank division new game mechanic nice would recommend try game even are not football,Recommended,1829,189.7 hrs on record,Posted: October 14,en,0.37,0.034,0.596,0.9983,Positive
two main innovation fc namely rush mode fc iq system really hit mark however significant change count finger one hand like fc certainly like fc fan previous installment probably good time,Recommended,264,346.0 hrs on record,Posted: October 14,en,0.468,0,0.532,0.9531,Positive
steam deck support game hamstring denuvo physic ui glitch career mode ever slightly improve could much good alternative football game sadly,Not Recommended,165,43.3 hrs on record,Posted: October 14,en,0.293,0.1,0.607,0.6605,Negative
feel like question soccer full glitch game is not badits masterpiece frustration hop polished experience think againthis one hold together duct tape sheer luckbugs oh theyre bugstheyre feature player phase like ghost goalkeeper wander field like theyre lose ball move physic never exist truly immersive stuffthe artificial intelligent real mvp teammate act like theyre ignore purpose referee make call random flip coin try plan strategy artificial intelligent mess way did not think possibleea fc is not soccer gameits test patience yell screen question love soccer sound like fun game bright side least consistently terriblerating enjoy bit suffer,Not Recommended,786,46.7 hrs on record,Posted: October 14,en,0.263,0.146,0.592,0.9377,Negative
pay win gameplay terrible,Not Recommended,28,67.0 hrs on record,Posted: October 14,en,0.409,0.484,0.108,0.0772,Negative
good fc,Recommended,14,313.9 hrs on record,Posted: October 14,en,0.744,0,0.256,0.4404,Positive
game terrible save money do not buy waste space hopefully ea go,Not Recommended,73,58.1 hrs on record,Posted: October 14,en,0.426,0.16,0.414,0.6288,Negative
cool,Recommended,6,144.8 hrs on record,Posted: October 14,en,1,0,0,0.3182,Positive
do not care menu stop change playstyle trash stop making garbage stop change thing make graphic thats know fix server please release game part playable slow thats random even realistic game play as version difficulty high make cry able play game buy,Not Recommended,368,105.9 hrs on record,Posted: October 14,en,0.237,0.151,0.612,0.3891,Negative
insane many bug use competitive play pc server extremely laggy ingame whole game rush,Not Recommended,105,76.8 hrs on record,Posted: October 14,en,0.23,0.152,0.618,0.1027,Negative
good game break sometimes tho,Recommended,26,102.3 hrs on record,Posted: October 14,en,0.42,0,0.58,0.4404,Positive
script fine,Not Recommended,17,150.1 hrs on record,Posted: October 14,en,0.643,0,0.357,0.2023,Neutral
buggy issue controller take week fix ea claim fix first week launch bug game collect reward freeze restart game reslove unfinnished product even tho game least year,Not Recommended,232,139.7 hrs on record,Posted: October 14,en,0.164,0,0.836,0.5994,Negative
old fifa slightly bad gameplay boring offline either extremely easy impossibly hard professional world class level mile apart addition gimmick fut unplayable fully play win model reward are not worth unless spend week grind hour every day even you will take forever unlock new player is not worth play casuals,Not Recommended,357,25.4 hrs on record,Posted: October 14,en,0.244,0.175,0.581,0.8233,Negative
even fifa mechanic x good thisno proper passingno proper touch game,Not Recommended,101,91.3 hrs on record,Posted: October 14,en,0.244,0,0.756,0.4404,Negative
bit expensive still good game,Recommended,29,62.8 hrs on record,Posted: October 13,en,0.42,0,0.58,0.4404,Positive
fun do not lose,Recommended,19,39.1 hrs on record,Posted: October 13,en,0.735,0,0.265,0.6765,Positive
piece was not dollar demo would recommend,Not Recommended,63,382.6 hrs on record,Posted: October 13,en,0.294,0,0.706,0.3612,Negative
gameplay best since around fifa ish last year start felt similar patch time get worse far year pretty solidsome bug fix need freeze menu audio still play nothing happens fifa jank still remain although slow pace game feel less janky match big big bonusalmost feel like fm title year term tactic,Recommended,389,64.7 hrs on record,Posted: October 13,en,0.219,0.05,0.731,0.8555,Positive
h playingi confirm everyone worldthat bad game everthis last game buyi love play football simulatorbut one gladly quit play ufldont buy do not play do not even think,Not Recommended,220,290.2 hrs on record,Posted: October 13,en,0.36,0.091,0.548,0.8519,Negative
product fine careful account connects properly ea,Not Recommended,71,2.6 hrs on record,Posted: October 13,en,0.405,0,0.595,0.34,Neutral
wacky game time buy game going to pay money mental sanitythe game sense physic pace defender faster paced forward do not give flick rught stick you want to enjoy offline mode wait discount priceaound purchase would still say is not worth itthe matchup bad see match team get garnacho mbappe rodrygovan dijkluciomendylbfrimpong special card schemical goal best team isak foden right wing grealish left sobozlaievo mac allistareze trent gvardiol akanji mendyonly good player does not even matter edersonmf always give ball away oponent open goal first save smart goalkeeping foot game disgrace zero consistency,Not Recommended,736,233.6 hrs on record,Posted: October 13,en,0.19,0.108,0.702,0.8823,Negative
do not waste money shhtt,Not Recommended,30,38.6 hrs on record,Posted: October 13,en,0.368,0,0.632,0.3252,Negative
inconsistent game play ques get online random disconnection,Not Recommended,61,699.4 hrs on record,Posted: October 13,en,0.255,0,0.745,0.34,Negative
unless want to play non stop hacker like legit hack code player constantly benefit report ea want detail ban account hacker buy game want to sanity actually value life mental state stay away game,Not Recommended,266,260.9 hrs on record,Posted: October 13,en,0.316,0.129,0.556,0.6597,Negative
buy game make want enditall,Not Recommended,45,71.2 hrs on record,Posted: October 13,en,0.245,0,0.755,0.0772,Negative
pro club game script referee real game infinite paradox wise word adam hogg tuah,Not Recommended,103,16.4 hrs on record,Posted: October 13,en,0.188,0.085,0.727,0.4019,Negative
fix server ea thats need say fine long you ask money future,Recommended,86,55.7 hrs on record,Posted: October 13,en,0.141,0,0.859,0.2023,Positive
nice game want buy conntrollers,Recommended,46,58.7 hrs on record,Posted: October 13,en,0.577,0,0.423,0.4767,Positive
like game uno problemo iso thato ea sport end day,Recommended,61,63.2 hrs on record,Posted: October 13,en,0.217,0,0.783,0.3612,Positive
dribbling fact try change game something new good hope game complete fc,Recommended,105,254.7 hrs on record,Posted: October 13,en,0.367,0,0.633,0.7003,Positive
gameplay server do not buy you regret,Not Recommended,47,75.0 hrs on record,Posted: October 13,en,0.28,0,0.72,0.3252,Negative
little change make previous football game enjoy moment,Recommended,88,254.4 hrs on record,Posted: October 13,en,0.314,0,0.686,0.4939,Positive
bad game love,Recommended,23,95.0 hrs on record,Posted: October 13,en,0.483,0.402,0.115,0.1779,Positive
fun bug glitch like objective count progress ult team thus give reward tend fix quite quickly overall pretty fun enjoy,Recommended,181,132.6 hrs on record,Posted: October 13,en,0.631,0,0.369,0.9693,Positive
game competitor extinct bad fifa ever play wait sale get game worth dollar hope competitor actually care gameplay would hurry game bad,Not Recommended,220,51.9 hrs on record,Posted: October 12,en,0.311,0.21,0.479,0.34,Negative
fun not going to lie hate people rush stand nothing plus cannot even report suck,Recommended,94,35.9 hrs on record,Posted: October 12,en,0.267,0.173,0.561,0.2514,Positive
career mode send youth staff scout click report say null cannot see thing basically unplayable career good job ea personally do not think going to fix ultimate team nice price increase,Not Recommended,223,87.8 hrs on record,Posted: October 12,en,0.222,0,0.778,0.7906,Negative
would rather shave bollock razor sharp katana play heap gameplay poor game physic server old copy paste year year pro club lobby glitch force restart every game player cannot pas yard opponent win every ref controller never get recognised force reboot,Not Recommended,294,83.7 hrs on record,Posted: October 12,en,0.154,0.065,0.781,0.4939,Negative
would reccomend wait till november since game buggy rn ovveral game good,Recommended,78,53.4 hrs on record,Posted: October 12,en,0.209,0,0.791,0.4404,Positive
manager career menu terrible take something simple easy navigate complicate reason game play feel bad last year artificial intelligent team never seem anything right actively try make life difficult clear pass lane run opportunity player pace get beat player pace defence defender seem drop soon even slightly behind attacker game play feel like artificial intelligent real madrid i am use local team player stats feel like drop use themvery positive added content hindrance enhance change game youth system really baffle significantly hard set require time invest good long term career want shorter season feel pointlessi honestly go hour every little detail think id rather get back play might reconsider game sale overall feel like idea delivery terrible really want like game want buy go watch content youtube twitch really see,Not Recommended,1102,196.6 hrs on record,Posted: October 12,en,0.289,0.14,0.572,0.9629,Negative
want fm,Recommended,11,14.0 hrs on record,Posted: October 12,en,0.565,0,0.435,0.0772,Positive
deflection simulator go crazybut genuinely game bad game barely work honestly lot menu copy paste last game bunch slow turn audio game sporadically turn really high drop super low ultimate team extremely paytowin make correct decision still punish relentlessly entire game skill gap online go glitchjammy gameplay pass mechanic do not make sense questionable finishing artificial intelligent defense club fun,Not Recommended,471,169.9 hrs on record,Posted: October 12,en,0.213,0.146,0.641,0.6364,Negative
buy game play every game since fifa yes issue game actually unplayable controller input lag unbearable move stick take almost second move game try new driver xbox ps p controller none work get fps mention connection every game lag even though gbps internet connection hardwired router,Not Recommended,380,35.1 hrs on record,Posted: October 12,en,0.1,0.094,0.806,0.0772,Negative
hope ea read big piece game buggy anything unfinished upon release game crash every hour slow delayed server okay though fifa point pack private message thats care,Not Recommended,213,170.2 hrs on record,Posted: October 12,en,0.231,0.133,0.636,0.5267,Negative
game trash half time feel great really responsive user input half time think controller break much run diagnostics test signal quality controller sure enough game also artificial intelligent dumb always make absolute bad decision defense,Not Recommended,284,210.3 hrs on record,Posted: October 12,en,0.282,0.14,0.577,0.7089,Negative
count loss opponent quits i am winning happen last week week weekend league kick ut say connection problem clearly opponent cheating need even restart game get ut good job ea good job fc good job plus nobodyisgoingtoreply online ea help customer service good job,Not Recommended,321,150.7 hrs on record,Posted: October 12,en,0.329,0.139,0.532,0.8957,Negative
ooh boy game okay major flaw make want to break monitor heat moment bad thing game pass try make realistic instead make terrible thirty degree player want pass pretty much quarter power accuracy second bad thing inconsistency slowness attacking artificial intelligent reason gain possession attack artificial intelligent does not activate unless last quarter pitch bad part sometimes neither does not work rare work need clutch last thing want pretty much force wait player arrive really bad opponent defend pretty much make impossible shoot goal reason is not complete dealbreaker are l trigger yeah sure take lot time master probably learn use formation know going to call noob probably opinion trigger replace good artificial intelligent mean come obvious space none player choose run thats problem play match legendary team try use tactic first game beat artificial intelligent next match artificial intelligent beat skill happen friend play game year ea refuse acknowledge problem artificial intelligent let alone know fix mean come pay dollar game atleast expect important part game attack decent opinion hot take feel free roast comment,Not Recommended,1531,181.2 hrs on record,Posted: October 12,en,0.243,0.173,0.584,0.9246,Negative
like,Recommended,13,294.4 hrs on record,Posted: October 12,en,1,0,0,0.3612,Positive
every year woohoo,Recommended,24,15.3 hrs on record,Posted: October 12,en,0.623,0,0.377,0.5106,Positive
opinion would say game much different last year version do not feel significant change game aside user interface additional rush mode ut quite nice addictivei enjoy rush mode first two week early access launch people exploit game stand still run pitch put ball pitch team get possession time get frequent search match rush mode hope ea find way penalize people least fun part fc take away,Not Recommended,551,153.9 hrs on record,Posted: October 12,en,0.126,0.076,0.798,0.6968,Neutral
feel different yup feel new barely good reallytheres shiny new ui broken make attempt forget button suppose function fresh animation yes youd want watch football match resemble oscar audition people love sim vibe miss fun arcadey chaos slow thoughtful move perfect strategy class football matchproceed cautionproceed cautionproceed caution,Not Recommended,440,82.2 hrs on record,Posted: October 12,en,0.329,0.149,0.522,0.9083,Neutral
anything football game team jerky play glitch someone explain game year year keep bug yet manageds even bad would not recommend game even pay play save money hair,Not Recommended,219,101.9 hrs on record,Posted: October 12,en,0.216,0.189,0.594,0.2477,Negative
career manager ui great previous one actually good still bug need fix,Recommended,104,75.1 hrs on record,Posted: October 11,en,0.412,0,0.588,0.7906,Positive
nice gameplay graphic,Recommended,22,43.6 hrs on record,Posted: October 11,en,0.583,0,0.417,0.4215,Positive
sht game like last year ea make game g shrooms,Not Recommended,55,102.3 hrs on record,Posted: October 11,en,0.238,0,0.762,0.3612,Negative
enjoy overall game,Recommended,26,109.6 hrs on record,Posted: October 11,en,0.615,0,0.385,0.4939,Positive
game actually make want play another eafc game ever super buggy game play super script artificial intelligent make obvious want team opposite team score stay faar away,Not Recommended,191,85.3 hrs on record,Posted: October 11,en,0.476,0,0.524,0.9451,Negative
please do not mistake buy game steam version do not give fk you game anything else moneyplease go buy another game one,Not Recommended,144,252.2 hrs on record,Posted: October 11,en,0.178,0,0.822,0.5165,Negative
game break freeze frequently second speed time freeze make unable anything long time opponent easily score simple search google reveal issue exist since least everywhere forum happens people high end pc high speed connection ea never say anything happen online match offline match scam people tend play two hour try find fix impossible get money back ea stoppededit suggest try change temp folder big hdd game instal workedfor couple week honestly feel scammed,Not Recommended,641,36.5 hrs on record,Posted: October 11,en,0.125,0.064,0.811,0.4588,Negative
input lag make play kind online match career mode cool,Not Recommended,63,71.9 hrs on record,Posted: October 11,en,0.491,0.145,0.364,0.6908,Negative
ok,Recommended,5,245.6 hrs on record,Posted: October 11,en,1,0,0,0.296,Positive
lovehate relationship game steamcontroller issue like song come go player claim game script player skill make win lose code even claim code bias towards player spend money game i am sure yes game really frustrating good game even bug controller issue,Recommended,363,184.6 hrs on record,Posted: October 11,en,0.269,0.136,0.595,0.8012,Positive
rubbish game worth money,Not Recommended,25,14.9 hrs on record,Posted: October 11,en,0.388,0,0.612,0.2263,Negative
yes best football game ever,Recommended,23,322.5 hrs on record,Posted: October 11,en,0.697,0,0.303,0.7845,Positive
game game constantly review match i am play coop friendly need play challenge last hour end want complete something buggy scammy game,Not Recommended,218,184.9 hrs on record,Posted: October 11,en,0.398,0,0.602,0.8225,Negative
i am say recommend game actually enjoy whole rush game mode fact play beavo create pro properly jesus christ close open game crash i have actually score rival,Recommended,221,72.2 hrs on record,Posted: October 11,en,0.301,0.08,0.619,0.7579,Positive
yet experience change new season player career still first anxious see loan importantly able make decision real life should not tie one two choice,Recommended,196,8.7 hrs on record,Posted: October 11,en,0.087,0.076,0.837,0.0772,Positive
get game play versus potm thuram god know time pass speed boost glitch score gameplay clunky make go back fifa last time ever play game monkey company even pay,Not Recommended,206,41.2 hrs on record,Posted: October 11,en,0.274,0.04,0.686,0.802,Negative
career mode change offering think three different start point honestly game last year couple change i have play rush couple time fun someone afks would expect probably reason keep sell controller situation also annoy play p controller you will need disable steam output i have play last year game thats sure,Recommended,369,52.2 hrs on record,Posted: October 11,en,0.265,0.049,0.687,0.8979,Positive
simply awful game strip fun futbol,Not Recommended,42,196.5 hrs on record,Posted: October 10,en,0.32,0.291,0.388,0.0772,Negative
fun,Recommended,8,105.9 hrs on record,Posted: October 10,en,1,0,0,0.5106,Positive
good game,Recommended,12,204.2 hrs on record,Posted: October 10,en,0.744,0,0.256,0.4404,Positive
like open pack build team stick honest ultimate team experience terrible id recommend season club new rush mode someone interested give company money unpolished experience,Not Recommended,246,194.6 hrs on record,Posted: October 10,en,0.323,0.091,0.587,0.7845,Negative
good want full headloss timesgood increase blood pressure,Recommended,69,131.1 hrs on record,Posted: October 10,en,0.512,0.173,0.315,0.5106,Positive
great crash close itat least addition womens club football nicehate know ill play game much,Not Recommended,133,64.4 hrs on record,Posted: October 10,en,0.283,0.239,0.478,0.25,Neutral
far bad fifa game controller break player feel like ton whale passing slow dribbling non existent use speed boost actually beat someone game wish could refund,Not Recommended,182,101.4 hrs on record,Posted: October 10,en,0.237,0.105,0.659,0.5267,Negative
game great i have play year,Recommended,49,146.8 hrs on record,Posted: October 10,en,0.684,0,0.316,0.7579,Positive
like game thing get well opinion social medium incomplete part gamebetter performance previous one despite bug overall experience enjoyable,Recommended,200,65.9 hrs on record,Posted: October 10,en,0.319,0,0.681,0.7579,Positive
do not waste time money life,Not Recommended,33,143.5 hrs on record,Posted: October 10,en,0.318,0,0.682,0.3252,Negative
pro another year teambuilding comfortgaming rush funcons bug menu always even frequently sbc storage untradable card nice well cannot switch card club abug pay win pay win bug pay win bug still make game even bug,Not Recommended,294,225.3 hrs on record,Posted: October 10,en,0.336,0.087,0.577,0.9337,Neutral
please add new english commentry peter drury also add var gameply fifa realistic playing compare fifa,Recommended,107,134.3 hrs on record,Posted: October 10,en,0.227,0,0.773,0.4767,Positive
phenomenal game long hard day bricklaying job always nice know something look forward get excite ultimate adrenaline would say would say rush game play loss get blood boiling make sure get hand warm game perform x rep wife beat post game cool routine x rep newborn drop kick minimum yard see well result since,Recommended,390,35.8 hrs on record,Posted: October 10,en,0.3,0.087,0.613,0.9231,Positive
bad game thanks ea go beyond create game past couple year give ea go beyond make game,Not Recommended,166,6.7 hrs on record,Posted: October 10,en,0.222,0.156,0.622,0.128,Negative
alright,Recommended,7,141.4 hrs on record,Posted: October 10,en,1,0,0,0.25,Positive
pw trash pirt old one play game ranger thank later,Not Recommended,61,7.3 hrs on record,Posted: October 10,en,0.38,0,0.62,0.5994,Negative
use think game one good fifas seem like deveolpers do not listen never work improve game tackle horrible ball bounce back forth team team swear anger build game joy build game shove numerous controller as rag game game get since good fifas instagram,Not Recommended,359,118.6 hrs on record,Posted: October 10,en,0.209,0.187,0.604,0.3169,Negative
frankly game put suicde watch seem year year quality game deteriorate like schizophrenic grandfather condition pay dollar bad replica last year game every time play game make curious even put earth begin do not even get start bug developer ea hold gun point finish game release time think cyberpunk good launch piece sht game conclusion,Not Recommended,466,47.9 hrs on record,Posted: October 10,en,0.154,0.112,0.734,0.4215,Negative
play futchamps you want mental issue dollar,Recommended,44,73.0 hrs on record,Posted: October 10,en,0.425,0,0.575,0.4019,Positive
ping pong fc bad game franchise broken mechanic present start fc do not bother tackle opponent bounce back recommend play game pc turn much enjoyable experience titanic submarine less input lag play make wish actually,Not Recommended,300,81.0 hrs on record,Posted: October 10,en,0.301,0.176,0.524,0.6386,Negative
game bad word ea destroy football every year deliver unfinished game without evolution improvement yearsthe gameplay really bad overall fun people dribble contsantly hop miss defender animation rely speed trick rather play football bug year kick goal minute goal script help opponent etcthe artificial intelligent keeper place player stupid miss easy pass place behind oponnent player rather call ball space tactically nightmare like play bunch idiot field never see play football probably like people work gamesfut total rip realise pack reward untradable also take sale give credit game win loss absurd goshdo remember last time score header cross last time actually build chance actually play football rather rely quick player miss good football game one awefull make sad,Not Recommended,1080,52.4 hrs on record,Posted: October 10,en,0.263,0.189,0.548,0.9018,Negative
smooth good game guess never mind still player boost exists,Not Recommended,74,43.3 hrs on record,Posted: October 10,en,0.412,0,0.588,0.6808,Positive
fun football fav sport people say ea fc do not think like start menu sure takticks kick manger carear player carear much srry speling,Recommended,198,5.9 hrs on record,Posted: October 10,en,0.28,0.069,0.651,0.7572,Positive
l speed boost kick glitch back defender op game,Not Recommended,54,247.9 hrs on record,Posted: October 9,en,0.406,0,0.594,0.4767,Positive
play make question do not update game year year basis rather release new game theres nothing new improve enough game comparison fc justify money ask play ea trial thank god would refund otherwise,Not Recommended,258,8.2 hrs on record,Posted: October 10,en,0.236,0.06,0.703,0.7179,Neutral
call old fashion expect game actually launch pay itpoorly optimize yet pcso glad steam refund policy,Not Recommended,124,0.5 hrs on record,Posted: October 9,en,0.301,0.068,0.631,0.7003,Negative
start think social experiment see make bad purpose still make load money monopoly football license bug game rainforest unless you are like want football game play stay far away suck like last game,Not Recommended,288,103.1 hrs on record,Posted: October 9,en,0.207,0.152,0.641,0.0772,Negative
frustrating play game passing player switch custom tactic feature fc iq promising one trailer ea always give advantage another player play rival fut champ like opponent goalkeeper save shoot everywhere go goalkeeper always get one shot one goal ea does not care player good release promo card pay pack everyweek objective reward good give onlyh packcan you stop make ball bouching pass ball player goodd cannot play game anymore game hard playy mbappe ballon dor card pace get overlap konate pace you explain ea noo you do not caree gameplayy ea care make moneeyy release pay packk one thingg ea you are great ban d software pc player include use dualsense dualshock controller suffer you nice job ruin pc player,Not Recommended,874,176.5 hrs on record,Posted: October 9,en,0.197,0.206,0.598,0.1611,Negative
pro club build best part gameaside game different fifa except bug controller work half time mouse stay screen load something idea even i am playing controller,Not Recommended,220,46.9 hrs on record,Posted: October 9,en,0.207,0,0.793,0.7184,Negative
remember exact moment fully realise much money grab wish partake inwhen stop people grind sbcs starti use nation league sbc get free rare mega pack id would make enough coin next one able get half decent starter squadnow make untradeable whats worse do bought pack unless spend almost double currency get tradeable make coin unless match near impossiblethe way pw bad game pw know least pw game usually free loot box company make income literally pay almost ultimate charge you good team make pack weight impossible every year add much crap make cannot even sell player progressthen shut game month make you ea fc definition rent fun,Not Recommended,895,307.0 hrs on record,Posted: October 9,en,0.124,0.102,0.774,0.5719,Negative
artificial intelligent slider player stamina consumption dribble tackle mistake enemy side slow awkward aimless player side new system make casual player much hard play ut give reason finish daywork turn game watch ea team artificial intelligent behavior player play squadbattle fc bring way frustration pleasure,Not Recommended,351,176.3 hrs on record,Posted: October 9,en,0.291,0.189,0.52,0.7579,Negative
requirement stuff completely falseeven get requirement listedyoull still play like mud anticheat eat cpu like non stopthis game stick time think buy game fifa without anti cheat still get well gameplay thisim speechless,Not Recommended,262,109.8 hrs on record,Posted: October 9,en,0.341,0,0.659,0.8988,Negative
game fun however lag pc another level example strafe dribbling cause speed lag people basically guarantee concede goal play online ea fix bug game would one fun fifa game overall atm in my opinion,Recommended,253,164.8 hrs on record,Posted: October 9,en,0.251,0.11,0.639,0.7351,Positive
good last one,Recommended,21,58.4 hrs on record,Posted: October 9,en,0.592,0,0.408,0.4404,Positive
play player career mode manager career mode start player career mode long ago let tell player high light bug as freak itll say cross opportunity etc ball go straight insanly fast many bug get game mode make money one many enjoy please fix asap,Not Recommended,285,44.3 hrs on record,Posted: October 9,en,0.236,0.054,0.71,0.8271,Negative
ea is not ashamed release game million bug bad server paywin everywhere every freeplay game perform good one,Not Recommended,121,11.1 hrs on record,Posted: October 9,en,0.228,0.146,0.626,0.2392,Negative
expect leave positive review game yet,Recommended,61,109.9 hrs on record,Posted: October 9,en,0.409,0.136,0.455,0.5267,Positive
l speed boost back formation oh mama you rat please get life pookie,Recommended,66,186.7 hrs on record,Posted: October 9,en,0.333,0,0.667,0.6124,Positive
bad fifa i have ever playedplayers use l boost look cringy give really big advantagethis cringe boost make game playable handicap people cannot see world besides fifaas always pay win expensive pack like last year okay fifa point eachplaying game lose in real lifelife money,Not Recommended,293,100.9 hrs on record,Posted: October 9,en,0.242,0.135,0.623,0.7184,Negative
ea fix game everytime claim objective freeze restart,Not Recommended,80,57.5 hrs on record,Posted: October 9,en,0.146,0,0.854,0.0516,Negative
game mode i am playing piece kick,Not Recommended,52,125.6 hrs on record,Posted: October 9,en,0.265,0,0.735,0.2023,Positive
honestly gameplay somehow bad last year buy version able use p controller ea catch apply refund get money back get product remove acct ea basically stole money shill next week buy base version controller issue still present gameplay dribbling feel worse defensive artificial intelligent even smothering stifle offensive creativity may try employ cbs constantly pull position pray every night fifa give licensing another studio ea keep get away release pisspoor gamble simulator every year go year fifa buy buy friend want last fifa buy full price absolutely set buy game wait deep deep deep sale,Not Recommended,811,24.2 hrs on record,Posted: October 9,en,0.148,0.108,0.744,0.3612,Negative
buymaybe work great work fine however issue since purchase try simply launch game freeze eafc splash screen load bar appear try several fix solves none work degree consistency sometimes game launch attempt like today hasnt launch hour attempt verify game file repair ea game launcher fresh install launch adminstrator etc list go fix seem issue people last year steam reject refund request i am loss seem course leave advise people buy product must buy steam you have get issue theyll help awful experience start finish insult boot joke,Not Recommended,737,56.1 hrs on record,Posted: October 9,en,0.179,0.119,0.702,0.6597,Positive
allow release joke,Not Recommended,36,218.2 hrs on record,Posted: October 8,en,0.804,0,0.196,0.4767,Negative
sht ar game cannot even fix damn game collect objective get ready force close dumb ar game restart collect single objective pack best part player time will not even tackle even smash controllerlatest update did not thing still buggy game sure others still feed company money do not even bother fix issue player face,Not Recommended,367,52.5 hrs on record,Posted: October 8,en,0.206,0.051,0.743,0.8399,Negative
nothing work pc use storage sbc gameplay automatic ball recovery opponent much overall much bug game ask refund play game try,Not Recommended,192,395.4 hrs on record,Posted: October 8,en,0.107,0,0.893,0.34,Negative
nice career mode,Recommended,18,140.5 hrs on record,Posted: October 8,en,0.583,0,0.417,0.4215,Positive
someone play career have not buy game year theres quite improvement artificial intelligent harder difficulty relatively competent new simulation setting actually feel impactful squad building artificial intelligent also pretty decent still though itll either manage great job budget go absolutely wall find cheap though id highly suggest since ask price still high even decent bit polish add time around consider there still ton legacy bug club back feel like ea still reel lose main fifa deal,Recommended,581,6.8 hrs on record,Posted: October 8,en,0.255,0.053,0.692,0.9597,Positive
good previous game,Recommended,22,68.2 hrs on record,Posted: October 8,en,0.592,0,0.408,0.4404,Positive
play religiously since fifa wholeheartedly say game bad ea game i have ever play passing bad game control feel delay slow player feel even slow imagine try anything delayed control delay movement ingame you are ultimate team player recommend either give whole mortgage ea get squad people otherwise you are go use mortgage buy new controller since game heavily favour anyone god squad day try rtg bowen aspas striker come across people drogba ronaldinho division every tackle make fly back opposition every tackle make best tackle mankind ever see lunin let past easy shot courtois save everything throw skill anymore rather go full brain rot decide good idea make impossible anyone does not spend money ut get high division good thing game new game mode rush lot fun friend like every year neglect pro club bug issue club player face year even ut menu slow still glitch like last year you will restart game multiple time dayim actually disappoint ea increasingly stupid get every iteration game theyre even try hide fact copy game last year anymore keep design come flaw bug hold hope competition face new football game would force make game people actually enjoy far truthgame officially day already want uninstall see head lose entire player base keep theyll lie bed theyre makingandrewwilsonout,Not Recommended,1820,73.3 hrs on record,Posted: October 8,en,0.182,0.104,0.715,0.9601,Negative
worth,Not Recommended,11,83.9 hrs on record,Posted: October 8,en,1,0,0,0.2263,Positive
game constantly lag crash try join league matchcan play anything else except way play league match close game open afterwardswaste time money unfinished productea fix game,Not Recommended,210,16.2 hrs on record,Posted: October 8,en,0.211,0.154,0.634,0.2263,Negative
game ever play could would definitely refund payment beyond nothing work correctly server like ea gameplay like ea defending almost impossible spend real money buy new super pack,Not Recommended,261,256.0 hrs on record,Posted: October 8,en,0.378,0,0.622,0.9186,Negative
gameplay truly shocking player movement ball control unrealistic last title purchase make ea sport,Not Recommended,114,201.0 hrs on record,Posted: October 8,en,0.165,0.153,0.682,0.0516,Negative
improve gameplay nice football atmosphere many tournament realism,Recommended,67,19.6 hrs on record,Posted: October 8,en,0.487,0,0.513,0.6908,Positive
unplayable freeze every min play timejust buy sale month update,Not Recommended,93,0.5 hrs on record,Posted: October 8,en,0.31,0,0.69,0.3818,Negative
pay win game hit new level bsso let honest nobody play buy game career everyone buy fut least people dofut great fun concept holy fudge massive paywin scam people keep fall year year year year need spend even get top cardsunless you are ready spend lot you are never ever going to get good futi saw streamer spend fut point did not get good card yet spend another get really good onesgameplay wise even bad year year cannot even tackle soccer game like wth pass do not reach player even though player nationality leaguethis last time i am buying people need start boycott game ea actually make change thingsedit forgot add do not least ping adversary game extremely laggy awful playalso theres variant player like many player select everyone pick dude meta do not play meta you are fedalso game lot pixelated banner stuff i am play beefy computer should not see thatcant wait ufl come ea actually decent competition might make change,Not Recommended,1178,69.9 hrs on record,Posted: October 8,en,0.222,0.093,0.686,0.975,Negative
nice game much difficult previews one hard defence slow much realistic bug exist often,Recommended,136,149.4 hrs on record,Posted: October 8,en,0.232,0.215,0.552,0.0772,Positive
footballsoccer seem like continue right direction variety qualityoflife improvement balance normal ea jankrush vast improvement compare street still steam deck compatible without dualbooting hopefully get,Recommended,245,75.9 hrs on record,Posted: October 8,en,0.268,0.071,0.661,0.7385,Positive
good game fun alone friendsit nice graphic good player,Recommended,84,211.9 hrs on record,Posted: October 8,en,0.665,0.112,0.223,0.872,Positive
always play game come halftime black screen appear start second half game get stick black screen option restart fc,Not Recommended,157,63.3 hrs on record,Posted: October 8,en,0.118,0,0.882,0.34,Positive
gameplay basically new fc iq did not change anything lie make think theyve make change artificial intelligent devs way lazy thatui feel way clunky youth gks dive great game eayouth player look like alien like girl even though make man teamas always ea never cease disappoint come underperform game feel like upgrade last downgrade,Not Recommended,397,20.2 hrs on record,Posted: October 8,en,0.254,0.038,0.708,0.924,Positive
first review year play since fifa bad release yet do not buy go back play pe times well buggy game ever play setting change fix rip sweet football game,Not Recommended,227,105.1 hrs on record,Posted: October 7,en,0.317,0.09,0.593,0.7783,Negative
do not buy euro rip play online people abuse cpu control defender team every single game do not want break stuff near set wait patch big game self do not waste money bad fifa since next gen gaming do not even let start woke nonsence ft woman able push your ft striker weigh least three time much like diet male hormone like big olimpycs zoot locker room triple dose compound v ever game ass passing oh god could do good job copy code fifa passing game moment long story short go outside buy real football way good time,Not Recommended,734,96.3 hrs on record,Posted: October 7,en,0.189,0.077,0.734,0.8738,Negative
honestly gameplay exact fc really bad thing though solid fifa ut fun,Recommended,97,110.4 hrs on record,Posted: October 7,en,0.401,0.193,0.406,0.4779,Positive
game slow player are not able score goalkeeper op good defence play back almost sure win fun play year gameplay ea please fix menu nicegamplay trash,Not Recommended,202,74.8 hrs on record,Posted: October 7,en,0.526,0,0.474,0.9514,Negative
game play well fc injoy,Recommended,42,213.8 hrs on record,Posted: October 7,en,0.6,0,0.4,0.5423,Positive
was not allow name squad diddys party,Not Recommended,36,36.4 hrs on record,Posted: October 7,en,0.288,0.178,0.534,0.2579,Neutral
great game,Recommended,9,58.5 hrs on record,Posted: October 7,en,0.804,0,0.196,0.6249,Positive
vibration either xbox series x controller ps pro controller since late update controller work fine beforecannot understand ea much difficulty get controller work steam especially xbox controller usually full support steam like weird rd party controller eitherbesides game great cannot recommend moment since something basic controller function is not work properly,Not Recommended,421,74.8 hrs on record,Posted: October 7,en,0.223,0.1,0.677,0.822,Negative
great game,Recommended,9,78.0 hrs on record,Posted: October 7,en,0.804,0,0.196,0.6249,Positive
go away fifa game year friend say would buy one think football decent play ultimate team hour trial whole squad without spend penny include sub unlock two special player thoroughly enjoy movement motion defence penalty free kick rush mode decent please crossplay rate game think well worth time enjoy footballfootball game,Recommended,414,86.2 hrs on record,Posted: October 7,en,0.379,0.043,0.577,0.9652,Positive
hope malen take game,Not Recommended,29,143.4 hrs on record,Posted: October 7,en,0.492,0,0.508,0.4404,Negative
early access youth academy player stats brokenofficial release still brokentitleupdate still brokentitleupdate still brokentitleupdate yet probably still brokengotta love eas passion come career mode,Not Recommended,216,80.7 hrs on record,Posted: October 7,en,0.247,0,0.753,0.802,Negative
do not even bother game terrible movement janky bad fifa i have see number yearsstill pay win term ultimate team whole game general feel like layout graphic have not improve theyve add nothing yet againufl kill game sure mark word,Not Recommended,283,1.5 hrs on record,Posted: October 7,en,0.285,0.189,0.527,0.6449,Negative
verry fun good fc game mile ahead fifa,Recommended,53,151.6 hrs on record,Posted: October 7,en,0.508,0,0.492,0.7351,Positive
have not own fifa game since fifa expect lot change improvement change yes bad change improvements,Not Recommended,129,8.7 hrs on record,Posted: October 7,en,0.34,0.149,0.511,0.5423,Negative
constant ultimate team crashesea help help claim fix issue fact issue still persist actually get bad first affect play modes cannot compete sbcs squad change club controller issue still persist well time would recommend purchase,Not Recommended,278,33.1 hrs on record,Posted: October 7,en,0.276,0.078,0.646,0.7845,Negative
typical situation best game gamesdoes mean game great bad certainly notbut best one find thing thats frustrating people always find way take advantage game glitch advantage i have guy score goal mid field effort guy run like motorcycle cannot catch themvery annoy little thing realistic game suppose realistic simulation real football frustrating do not get start input lag play onlineanyway game fine guess lmao,Recommended,568,71.8 hrs on record,Posted: October 7,en,0.348,0.128,0.524,0.9596,Positive
stupid mechanic monkey button spamming meta people join fc recently play good year experience does not work wait patch review comment recommend,Not Recommended,195,144.1 hrs on record,Posted: October 7,en,0.308,0.2,0.492,0.3612,Negative
fun play sport online friend,Recommended,38,22.7 hrs on record,Posted: October 7,en,0.817,0,0.183,0.836,Positive
menu slow sometimes fully break claim reward objective screen sometimes game launch without proper controller support report system reasonably rampant pc cheater slow player instantly disconnect wincore gameplay also slow least fun ever time play fifa arcade like gameplay old game does not even trace leave,Not Recommended,389,198.2 hrs on record,Posted: October 7,en,0.174,0.147,0.679,0.141,Negative
game horrible buy try play gamemode ea help team bad even break leg penalty ea love get shove meter away ball ref say nothing try play imposible love buy game buy ucl pe please buy game,Not Recommended,316,92.7 hrs on record,Posted: October 7,en,0.33,0.181,0.489,0.802,Negative
product refundedthis game as hasnt good year look like run like barely game mode v artificial intelligent is not even good,Not Recommended,123,0.6 hrs on record,Posted: October 6,en,0.288,0.173,0.539,0.4919,Negative
best casino life,Recommended,18,88.0 hrs on record,Posted: October 6,en,0.677,0,0.323,0.6369,Positive
cross rig thats okay,Recommended,26,39.3 hrs on record,Posted: October 6,en,0.352,0.278,0.37,0.1027,Positive
ultimate team little hard lot work fun career mode decent kick pretty decent id say,Recommended,103,182.6 hrs on record,Posted: October 6,en,0.332,0.056,0.612,0.7501,Positive
id like ask refund latethe game nothing interest boring dull there story mode career awful fut st recommend,Not Recommended,158,10.5 hrs on record,Posted: October 6,en,0.345,0.205,0.449,0.4098,negative
good,Recommended,7,15.4 hrs on record,Posted: October 6,en,1,0,0,0.4404,Positive
product refundedafter year year play fifa decide give go go tutorial search friendly first go division first dude rate team bronze div dude ofcourse i am bad have not play year friendly full stack sorry thats refund best,Not Recommended,327,0.8 hrs on record,Posted: October 6,en,0.307,0.096,0.598,0.891,negative
have not own fifa game wait fc game since long time do current product much well still call fifawhat probably remain interview player feedback manager tactic much good develop assume previous title since mention way tactic system make play gameplay well need invest average time get understand itfor example train player roles desired spot gain experience become good particular position give control game title do normal game like football manager xx get introduction fcand player interaction also lot well tackle everything especially kind manager prefers play star team increase year play thats prefered way playingi play since patch do not controller issue maybe starting issue fix open ea app steam open steam thats really reason mix review personally cannot find reason need mixed review blatant price gameplay definitely get well thats matter,Recommended,1217,149.8 hrs on record,Posted: October 6,en,0.266,0,0.734,0.9878,Positive
whats point sell game day cannot play anymore every time try enter game make log app many computer access account cannot enter anymore theres probably easy fix i have lose motivation play i am happy get test trough ea play rather pay game does not work day later,Not Recommended,359,174.5 hrs on record,Posted: October 6,en,0.157,0.178,0.664,0.2003,negative
game good real annoying thing change commentary language menu languagelemme get ability change commentary language still keep menu language preferencelet option like console should not need jump thru several menu game order change,Recommended,301,71.7 hrs on record,Posted: October 6,en,0.195,0.069,0.736,0.6124,Positive
game glitch unbearably awful artificial intelligent bot ref able make good call save life club keep get bad bad nobody buy piece game hope everyone take heart do not even get start rating system,Not Recommended,290,71.1 hrs on record,Posted: October 6,en,0.245,0.204,0.551,0.25,negative
gameplay inconsistent aim implement reallife physic football greatso really matter good game sometimes even big club lose video game want promote rng competitive play cannot grind get top you are entitle good reward input delay really bad sometimes action react timing suppose mechanism call latency compensation compensate people bad connection awesome course get good would practice react good situation end go slow compensate get beatenin opinion want promote competitive play much grind make gameplay consistentif inconsistent gameplay give people lot room mistakesif want compensate handicap player connection spend money server build mechanism server side compensate player rather mess player gameplay spend dollar gamei always love fifa game football game keep away many year come thanksi love play football game fifa one game love play game hour one week last,Not Recommended,1175,136.0 hrs on record,Posted: October 6,en,0.323,0.095,0.582,0.9881,Negative
product refundedi buy game get issue error play game say update window new version funny part get rid update permantely computer thats sad supprt late window earlier one hope patch solve issue time buy,Not Recommended,271,0.6 hrs on record,Posted: October 6,en,0.228,0.132,0.639,0.4939,Negative
game always physic feel different need relearn buildup passing dribble yes many bug pop vein forehead always since fifa menu still bad must make firstyear intern rush mode volta rename evos do not mind listen annoying commentary spam gool ear every sec cannot turn ultimate team new facepacks you will finally able watch rat player greek league walkout pack intro play last eafc place high rival base getgo did not buy ultimate edition fifapoints you will instantly match halficons team first game pick country want bronze starterpack whenever claim something objective flash come paypass delay everyone review game yes do not worry still get claim every little stadium badge reward one one single pack fun open pack tifos manager pack pack goal net color do not even bother rename codingif you are still consider get game remember sweet torturing bonebreaking brainblowing scream get blast nearby pillow game decide you are suppose win magic buy game guy fun,Recommended,1320,109.9 hrs on record,Posted: October 6,en,0.173,0.092,0.736,0.9237,Positive
ultimate team ea make game bad bad every year add arcade mechanic ea do not know add end break game multiple way defensive artificial intelligent absolutely bust high end game good luck get goal is not scrappy ea actually idea real football look like game embarrass i am embarrass actually buy game expect something decent fut champ good reward year actually difficult get game way people play year back high defensive artificial intelligent forget eas server run hampsters gameplay first week weekend league actually bad go outside game ea put effort server game make much money actually blow mindpay win buy unless feel like spend thousand dollar try keep meta competative waste thousand hour still get best player gamerush kind fun to be honest game team mate mouth breathe ball hog do not know pas button controller waste minute half time get good game actually funother say ea make gameplay little good overall plan play competative game is not dependant server like manager career mode theres lot work ea probably will not even look atone last thing switch one talk broken does not work properly def cause lose goalsoverall would give game,Not Recommended,1455,274.5 hrs on record,Posted: October 6,en,0.24,0.123,0.637,0.9803,Negative
great game,Recommended,9,48.6 hrs on record,Posted: October 6,en,0.804,0,0.196,0.6249,Positive
uninstalled game speed glitch ea fc edit you are go play game addict do not play weekend league full rat metas like lob ball back also ping pong ball tackle someone defender go intercept ball bounce foot like rubber band ball rage inducing fifa i have ever play,Not Recommended,367,45.2 hrs on record,Posted: October 6,en,0.238,0.063,0.699,0.7906,Negative
trash game super laggy super delay recommend buy,Not Recommended,61,7.5 hrs on record,Posted: October 6,en,0.62,0.139,0.241,0.8402,Negative
good game buy especially you new,Recommended,39,242.4 hrs on record,Posted: October 6,en,0.367,0,0.633,0.4404,Positive
game quite good take multiple try start game mess price also bug make game freeze restart game insufferable wait cheaper right worth,Not Recommended,210,18.1 hrs on record,Posted: October 6,en,0.235,0.093,0.672,0.4201,Negative
nice try ea,Recommended,9,167.8 hrs on record,Posted: October 5,en,0.583,0,0.417,0.4215,Positive
scripted game ever play guy turn game first time set everything right youtube clown last time buy fifa feeling exhaust gameplay script cost hole wall,Not Recommended,217,184.8 hrs on record,Posted: October 5,en,0.139,0.078,0.783,0.1779,Negative
play every fifafc game since tell bad game i have play game play slow ping pong tackle awful attacker pace tactic terrible mention pay win bad ever game positive think somehow good console version oh ref somehow bad actual premier league ref laughing hopefully come major game play update asap let face server need major update especially champ weekend fact release game bad mind boggle especially make every year yet mostly copy paste fc,Not Recommended,587,251.3 hrs on record,Posted: October 5,en,0.267,0.23,0.503,0.4576,Negative
best version,Recommended,21,199.1 hrs on record,Posted: October 5,en,0.808,0,0.192,0.6369,Positive
developer play game one week many bug would fix,Not Recommended,68,60.8 hrs on record,Posted: October 5,en,0.231,0,0.769,0.34,Negative
honestly reason i am playing game football game budget team ea game piece garbage fc wil never improve does not competition,Not Recommended,172,31.2 hrs on record,Posted: October 5,en,0.198,0.099,0.702,0.3387,Negative
buy next one next yearthe ui slow laggy gameplay alright guessi hate career modeea see please give fifa point spend beloved packsupdate seem streak good game win good win streak game people time cannot defend pas shoot game terrible still reuse evos do not encourage creativity diversity card impossible pack good card make game make pull hair think get good card sbcs are not want want good player good pack company rush alright guess top amount hacker squad battle need dealt crash economy ui improve still around month game ea,Not Recommended,784,79.9 hrs on record,Posted: October 5,en,0.324,0.152,0.524,0.9679,Negative
career mode great time,Recommended,27,138.2 hrs on record,Posted: October 5,en,0.577,0,0.423,0.6249,Positive
well ea typical disappointment pace go cannot skill move blow pas defense pace lw go cb catch slide tackle yard make sense i am tire crap really high hope kfifa come way either okay well ea choice compete ea let wit apex agenda football game trash nhl is not pc along ncaa ea need go,Not Recommended,411,66.9 hrs on record,Posted: October 5,en,0.169,0.093,0.738,0.4364,Negative
good feature caeer mode set upplayer movement storyline career mode,Recommended,72,56.5 hrs on record,Posted: October 5,en,0.244,0,0.756,0.4404,Positive
game could cod well monkey syndrome ea point nothing new,Not Recommended,86,680.4 hrs on record,Posted: October 5,en,0.189,0,0.811,0.2732,Negative
game pile actual fact get play pro club coworkers none play piss game buy get fc good version game,Not Recommended,173,79.9 hrs on record,Posted: October 5,en,0.399,0,0.601,0.8384,Negative
start play ultimate team ea fc i am blow away smooth gameplay make every match feel immersive building squad never fun new chemistry system really add depth stunning animation make every goal feel epic cannot wait see team grow season,Recommended,265,306.0 hrs on record,Posted: October 5,en,0.12,0.061,0.819,0.374,Positive
yes ea yes suck part honestly you are look play soccer game updated kit team player game job however you have play fifa ea fc spending might feel like ripoff since update might seem significant enough get someone enjoy soccer work sure could add lot come kick back play game fifa job i am factor micro transaction ultimate team focus soccer gameplay simulation id say recommend also buy game complain you have play fifa know flaw complain buy make idiot waste money,Recommended,661,16.7 hrs on record,Posted: October 5,en,0.28,0.129,0.591,0.9231,Positive
i am glad part ea play physic well edition think artificial intelligent improve cannot recommend seem poorly execute bad optimization clunky menu miss team like ac milan bad graphic worth price guess would not worth even full price stick much good,Not Recommended,289,183.3 hrs on record,Posted: October 5,en,0.407,0.173,0.42,0.9098,Negative
player career mode usual litter bug feel hastily thrown together you are select international duty you will glitched completely undetermined amount time either game half season unable train gain point make torturous grind try advancesome training drill completely stupid unreasonably difficult compare others challenge incredibly easy cross scenario drill place small target box middle pass player specific location immediately surround defender you are even use create player drill i am force use player low stats ping header striker thats swarm three giant addition theres radar cannot even see who box who run camera angle skewedthe bonus randomly disappear never apply training session well make soulless singleplayer career mode even grind play get bombard message agent random notification constant reminder investmentspurchases complete dragyet another version career mode does not sub matter tire you are playing idle pitch ninety minute will not hook offai teammate random interval glitch hog ball middle park refuse pass advance ball you will run call ball ask clear game resume usually happen game mestill winter gloves player accessory cannot fathom use feature previous game miss past two release leastplayer rotation team selection artificial intelligent manager absolutely mindblowingly bad i am play crystal palace manager select ovr midfielders ebere eze adam wharton theres real genuine rotation either player bench pre make team sheet theyll stay way even theyre high rat start cannot resume past select training drill manually select every single time you are select international duty make even laborious drillsplease bring back ability request loan love thats holy new method choose next team does not even let try force way team january you are one high rated prospect game nobody bid ever pick constant oneyear deal boring use interesting see would try buy thats completely gonetheres rotation cup game friendly constantly run full strength xi point complete exhaustion play tough opponent every strong member team completely wear barely able play minutesless celebration year compare last do not even understand would take stuff reskin last year title even something minimal celebrationsyou cannot five star weak foot anymore offline experience randomly hamstring player take thing awaymanager career overly convolute fill crap bloat complete pain organise keep control youth tournament individual scout assignment player role like play football manager reality little actually affect player gameyouth player like goalkeeper dive similarly low stats attribute possess theyre genuine prospect position hell train seventeenyearold prospect get respectable level dive theyre old youth team anymorethe squad role tactic position selection manager career convoluted confuse reason conceal option hide behind option make mindbending chore new player work way around there review people refund game able understand operate think buggedteams get progressively bad never seem sign player position need season you will notice top team like bayern real madrid use player sub player starting eleven artificial intelligent model cpu transfer bollock eventually europes elite stop become elite despite overwhelming financial advantage low teamsthe training plan team horrible system even leave automate player eventually lose sharpness almost entirely would absolutely amazing completely unneeded add chore remove receive constant email player lack sharpness energy every two day constantly pull simmingi fell nonsense purchase fc hop single player experience would least tad bit enjoyable year around obviously,Not Recommended,4554,52.3 hrs on record,Posted: October 5,en,0.143,0.111,0.746,0.9629,Negative
far bad football game history ever make would rather stick good old fifa ea rush thing fc fc iq b unnecessary add fun play overtime feel bore do not get wrong love fifa do not make game original anymore,Not Recommended,270,7.1 hrs on record,Posted: October 5,en,0.215,0.208,0.577,0.0834,Negative
want play season ready lose real madrid people cannot get knee mbappe vini jr theyre player game seem like take touch is not blast foot front truly bad season fifas play always hill battle,Not Recommended,261,29.0 hrs on record,Posted: October 5,en,0.293,0.184,0.523,0.4939,Neutral
game best eafc yet,Recommended,26,34.5 hrs on record,Posted: October 5,en,0.583,0,0.417,0.6369,Positive
never addict game make want to kms much,Recommended,49,108.1 hrs on record,Posted: October 5,en,0.157,0,0.843,0.0772,Positive
good previous one defence well actually tackle still buggy training section instance try deliver cross strength bar go full way actually properly crossit frustrate game fully playable yet still full bug mean look like game test,Not Recommended,291,18.1 hrs on record,Posted: October 5,en,0.268,0.067,0.665,0.7964,Negative
brief review bad series ever ea ever develop since fifa trademarksstupid fking fc iq cannot anything improve ingame player smartness movement attack defend capabilitiesoverload require match weekly good reward subsequently game force player order play new useless mode call rush every week waste lot time energy nothing toxic game play ie lot afk player bot normal reward packsadditionally server garbage always lot hack kick win match subsequently get lose result ie imagine you are win hacker ut champ get instantly kick matchfor detail update later,Not Recommended,666,257.1 hrs on record,Posted: October 5,en,0.264,0.148,0.589,0.9273,Negative
game many bug set yout default team default opponent kickoff mathches profile setting choose mancity default team arsenal default opponent i am start kickoff default team city default oppenent somehow fulham custom tactic feature does not work least kickoff create tactic go restart game one bug tactic management try manage start squad match tab squad tactis do not cooperate correctly example swap haaland foden squad tab switch tactic tab somehow haaland still guess would happen youd try switch back squadtab yep substitute roll backi did not check bug appear game mode definitely impossiple play couple kickoff match nowmy advice do not buy wait couple month read fresh review see ea fix work cyberpunk,Not Recommended,924,20.0 hrs on record,Posted: October 5,en,0.099,0,0.901,0.8658,Negative
good artificial intelligent love game,Recommended,21,96.8 hrs on record,Posted: October 5,en,0.835,0,0.165,0.8779,Positive
poggers gameplay much slow strategic nice change pace,Recommended,57,110.5 hrs on record,Posted: October 5,en,0.286,0,0.714,0.4215,Positive
good,Recommended,10,262.9 hrs on record,Posted: October 5,en,1,0,0,0.4404,Positive
product refundedfull controller support dualsense controller big lie patch game fix still did not even restart reinstalling step recommend include disable steam input purchase get refund none dualsense controller fully work,Not Recommended,283,2.1 hrs on record,Posted: October 5,en,0.152,0,0.848,0.6369,Negative
spend time restart game due menu bug actually play,Not Recommended,66,97.6 hrs on record,Posted: October 4,en,0.231,0,0.769,0.34,Negative
mean think could make game eafc certainly congrats ea,Not Recommended,86,43.2 hrs on record,Posted: October 4,en,0.453,0,0.547,0.7003,Positive
have not play fifa since figure year innovation time get back series many bug game unplayable patch without mod good continue play waste time trash i am sure thing get well ea release patch community update best mod new edition sad excuse soccer game deserve positive rating,Not Recommended,394,24.4 hrs on record,Posted: October 4,en,0.254,0.195,0.551,0.575,Negative
was not fact id buy game friend could reconnect nostalgic memory play together wouldve refund minute playi still fifa play regularly gameplay fantastic theyve manage go backwards quality animation player movement pass character physic ball player react collision etc truly beyond say categorically game bag have not even mention god awful menusui disgusting,Not Recommended,488,141.6 hrs on record,Posted: October 4,en,0.209,0.155,0.636,0.584,Positive
recommend since pricing wait get cheap first time own fifa game pc thought modei also really play career kick club play ut start game get boring stalegameplay much good fc defending somewhat good input delay crazy massive frame drop corner free kick camera anglesultimate team good rush really fun love different mode feel smooth easy level rush good way get coin quick level defender scar near ball attacker run straight red yellow card wayy common easy get game make one substitution change entire formation change player position bring wrong player ask happen odd game thocareer youth academy actually something game unrealistic high score first game cannot youth academy rush training automatically put input keyboard actual game know use controller even slider artificial intelligent untouchable ui bad thing i have ever see weve see propose leeds united badge year back many hour still cannot figure ui many thing hiddenrush perfection smooth modeclubs lot new style option make character look like golu ea finally care need friend volta even still exist kill alreadykick slider fun lot simulation stuff without slider concede every shot artificial intelligent crackoverall well fc overprice ea buy cheap,Not Recommended,1523,43.7 hrs on record,Posted: October 4,en,0.268,0.104,0.628,0.9898,Positive
game unpolished feel rush aspect gameplay glitch lack update team game general development work clearly still go towards keep loot box profit alive via ultimate team coop mode like club rush season need way work attention detail future gaming togetherness random solo team game base probability are g last month year cost thousand currency play keep everyone else via loot box,Not Recommended,437,41.0 hrs on record,Posted: October 4,en,0.189,0.033,0.778,0.8689,Negative
good get stick load screen alot,Recommended,41,140.9 hrs on record,Posted: October 4,en,0.367,0,0.633,0.4404,Positive
play fifa series past decade fc enjoyable gameplay experience horrible unlike fc feel though control player cannot even give version one star,Not Recommended,197,83.1 hrs on record,Posted: October 4,en,0.191,0.126,0.683,0.2023,Negative
play windowed borderless make sure graphic card driver date game run perfectly first smooth fifa pc recommend,Recommended,132,126.1 hrs on record,Posted: October 4,en,0.467,0,0.533,0.886,Positive
good fc thats sure,Recommended,29,164.0 hrs on record,Posted: October 4,en,0.722,0,0.278,0.6369,Positive
overall good many feature disadvantage like change player role edit position etcbut many new feature want you explore theres plus minus game overall game good,Recommended,200,220.6 hrs on record,Posted: October 4,en,0.296,0.086,0.617,0.7003,Positive
buy game every year think product necessarily worth consistently get hour every year update play ultimate team kindly eat you are whats kill sport game genre play manager mode nice upgrade lot mechanic recycle previous game present tactic squad management way make feel like you are actually work rather adjust slider rush fun love implementation rush mode develop player youth system gameplay surprisingly solid have not experience anything was not fix altf graphic marginally well overall much polished product compare eafcfifa release pc say much eas abysmal track record game overall i am actually pleasantly surprise game,Recommended,783,53.7 hrs on record,Posted: October 4,en,0.279,0.039,0.682,0.9745,Positive
one best fifas,Recommended,16,45.0 hrs on record,Posted: October 4,en,0.677,0,0.323,0.6369,Positive
always grind get good pay win game,Not Recommended,37,69.6 hrs on record,Posted: October 4,en,0.554,0.116,0.331,0.743,Positive
pretty good game,Recommended,14,86.7 hrs on record,Posted: October 4,en,0.859,0,0.141,0.7269,Positive
cannot play ultimate team click ultimate team mode close game otherwise come ultimate team mode please help,Recommended,127,102.2 hrs on record,Posted: October 4,en,0.238,0.097,0.666,0.4523,Positive
do not bother anything career mode career mode definitly improve gameplays little clunky though worth,Recommended,110,688.1 hrs on record,Posted: October 4,en,0.354,0,0.646,0.678,Positive
great game great way find make friend none,Recommended,61,108.1 hrs on record,Posted: October 4,en,0.695,0,0.305,0.9081,Positive
sure would work something work disable steam input controller setting steam well ea app click top leave icon steam setting controller scroll way desktop layout click setting cog disable controller input desktop layout help mouse would move use controller,Recommended,355,27.4 hrs on record,Posted: October 4,en,0.202,0.027,0.771,0.7717,Positive
game make sense harry kane pace run around pace romero ruben dia ease pace winger cannot beat defender blind yard head start do not even get start apparently tackle someone does not take ball bounce defender someone else team even win ball try pass team ea think want to donate ball back team pass right,Not Recommended,458,488.7 hrs on record,Posted: October 4,en,0.16,0.042,0.797,0.8056,Negative
play cm fut player sure special bunchthis best cm maybe since therere goof gaff mostly fine get use fciq best ever,Recommended,165,30.4 hrs on record,Posted: October 4,en,0.54,0,0.46,0.9485,Positive
fix menualways get stick blank page claim objective award fut gamemodeedit update title update asuu game jancokk,Not Recommended,151,161.5 hrs on record,Posted: October 3,en,0.179,0,0.821,0.5423,Negative
great game versatile player like griezmann alternative position annoy overall feel like ea do good job game hope do not overdo promos do not need,Recommended,193,222.0 hrs on record,Posted: October 4,en,0.405,0.079,0.516,0.9001,Positive
unfortunately i am experience major issue fc steam game take long time log even manage get frequently get kick disrupt gameplay lot quite frustrating hope issue get address soon make hard enjoy game fully,Not Recommended,266,264.6 hrs on record,Posted: October 3,en,0.154,0.169,0.677,0.099,Negative
play addict,Recommended,28,106.8 hrs on record,Posted: October 3,en,0.706,0,0.294,0.34,Positive
best,Recommended,7,108.4 hrs on record,Posted: October 3,en,1,0,0,0.6369,Positive
nice gameimpossible enjoy okdont recommend,Not Recommended,45,62.6 hrs on record,Posted: October 3,en,0.81,0,0.19,0.8176,Negative
worth buy require extra money purchase game really enjoy fair game artificial intelligent experience game really stupid really healthy mind playing game,Not Recommended,177,423.3 hrs on record,Posted: October 3,en,0.466,0.106,0.429,0.8909,Positive
hour gameplay try see improve everything people write since play fifa last one want give game another chance fifa completely regret game worth euros honestly would pay game would dollar euro instead improve game theyve make year get bad shock leave much desire company i have never see many error game try realistic completely miss markthe pass instead poorly direct go straight oppose teamhorriblethe defense constantly open play ultimate team does not even make sense matter formation tryeveryone disengages playto play machine mean control player artificial intelligent useless sometimes mark sometimes donthow even workpacks ridiculously expensive something thats worth game repeat every yearthe game slow visuallybecause technically anyone run ahead cannot caughtthe woman oh god woman horrible cannot mix men none take ball away defense none win ball unless artificial intelligent ultimate modegoalkeepers still mental delayi do not know unplayableyou either win lot lose lot theres weird handicapthe rebound incoherent throughout entire matchthey mixed rating seem do not care game could go forever many detail horror are not error,Not Recommended,1529,141.5 hrs on record,Posted: October 3,en,0.207,0.181,0.612,0.1743,Positive
try like game cannot gameplay menu intuitivedont buy full price wait discount,Not Recommended,112,3.2 hrs on record,Posted: October 3,en,0.185,0,0.815,0.3612,Positive
play fifa long time year fc really bad ultimate team feel like pack good card joke unless content creator pack high end card alot red list gameplay consistent dumb stuff keep happen time normally keep play last straw,Not Recommended,283,291.8 hrs on record,Posted: October 3,en,0.246,0.14,0.614,0.5118,Negative
pay win tho,Recommended,11,257.8 hrs on record,Posted: October 3,en,0.613,0.226,0.161,0.5267,Positive
yea pretty good recommend fix anger issue get,Recommended,61,19.4 hrs on record,Posted: October 3,en,0.528,0.227,0.245,0.5994,Positive
full bug game freeze different menu tactical side still lot go player artificial intelligent still plant field reaction still watch wait pas ask maybe sleep seem good fc edit new patch bad ever definitely well issue input command game,Not Recommended,309,277.3 hrs on record,Posted: October 3,en,0.246,0.072,0.682,0.7506,Negative
pes player course game since become efootball utter rubbish first fifa game many many year i am get benefit new fresh gamewhat impress little real life touch game play tournament arsenal premiershipstill teething problem menu even last patch expect fix future patch,Recommended,344,43.1 hrs on record,Posted: October 3,en,0.215,0.055,0.73,0.7845,Positive
point i am really unimpressedgameplay buggy player do not function smoothly decision make artificial intelligent ball are not control make sense new ui feel unfinished lot feature are not user friendly seem really poorly think outif fence do not get yet lot iron near worth i have paid let see try fix fifa sorry ea,Not Recommended,381,263.8 hrs on record,Posted: October 3,en,0.085,0.068,0.847,0.2434,Negative
cannot open game whatever anticheat do not understand game will not launch stuck splash screen actually want play game ea fc thanks,Not Recommended,183,90.5 hrs on record,Posted: October 3,en,0.317,0,0.683,0.7461,Negative
unable play friend pro club always error reccomend ever download game developer absolute failure care money one play trash as game will not let play friend developer,Not Recommended,245,121.4 hrs on record,Posted: October 3,en,0.402,0.144,0.455,0.8689,Negative
game could well really play thats fine mainly get game play club enjoy game first ever since new update i am able create lobby friend able play club problem able create lobby play rush dropin match pro season anything involve cross platform possible also rush cannot mute commentator even put volume zero game load rush still hear commentator sound seem break hope get fix soon,Not Recommended,473,153.7 hrs on record,Posted: October 3,en,0.368,0.032,0.6,0.9717,Positive
optimization terrible i have spend several day try figure run pc without luck stutter horrible get fps top thats game playable otherwise i am force play fps unfortunately cannot get refund i have try test past day save headache do not buy game pcits week patch help still look help reddit ea chat solution find cannot get game play fps pc meet exceed min reqs,Not Recommended,465,46.0 hrs on record,Posted: October 3,en,0.302,0.098,0.6,0.9288,Negative
gameplay like new role nice nice realistic control ball good bad real lifecareer manager like amaze new option like youth tournament fact leave scouting give instant stats omgdisliked controller still work i am like play arrow controller work awful bad reaction jump ball every turn bad real bad need play left joystick do not like oh,Recommended,449,159.3 hrs on record,Posted: October 3,en,0.36,0.211,0.429,0.8689,Positive
good last fc,Recommended,16,31.9 hrs on record,Posted: October 3,en,0.592,0,0.408,0.4404,Positive
would disable crossplay think buy game pc fix dumbass brother guysw make fiaf orver take best do not fix deadass,Not Recommended,193,4.9 hrs on record,Posted: October 3,en,0.163,0.14,0.698,0.1531,Negative
good game acc one best fifas,Recommended,31,33.8 hrs on record,Posted: October 3,en,0.64,0,0.36,0.7964,Positive
ui drastically different sure feel yet otherwise game feel like expect disappointed graphic raytracing apply ambient occlusion full raytraced lighting shadowswhile game seem good optimize compare previous title release game dlss fsr supporthonestly dev team year title cannot even add dlssfsravoid pay full price get discount try football game,Not Recommended,485,3.8 hrs on record,Posted: October 3,en,0.187,0.077,0.736,0.7506,Negative
great gameplay,Recommended,18,10.2 hrs on record,Posted: October 3,en,0.804,0,0.196,0.6249,Positive
far good might end lack longevity far content hold bit hope hold good yearin term gameplay id say pretty decent aswell rush add lot although already feel bit forced sometimes point time i am happy buy fc,Recommended,251,174.6 hrs on record,Posted: October 3,en,0.313,0.106,0.581,0.8834,Positive
play career mode never bother online modeshonestly alot improvement do gameplay compare fifaanimations gameplay do betterlove defend timing keyeffort do pretty well career mode though would love add scenario postmatch interviewsa much well game previous one best version fifa stillid recommend there much competition eafc yearhoweverai still well would want theyre still pretty tough play time inconsistenti kinda hate cutscenes interview etc animation still retain much eafc lazy effort,Recommended,624,58.0 hrs on record,Posted: October 3,en,0.365,0.078,0.557,0.9759,Positive
good one,Recommended,22,73.2 hrs on record,Posted: October 3,en,0.744,0,0.256,0.4404,Positive
ignore gamble best footie year,Recommended,43,65.1 hrs on record,Posted: October 2,en,0.433,0.258,0.309,0.4019,Positive
pick game early access expect another year frustration due bad gameplay lot bug pleasantly surprise encounter couple minor bug gameplay least watch trailer game well thing add new game thinking ea try trick player order sell you another halfbaked product annoy you next year time everything saw trailer ea website actually game everything work would think great game bug previous year fix gameplay game gameplay really important thing satisfied much hard realistic play consider player longer turn around make accurate pas kick meter score goal important use new mechanic tactic game provide ie set tactic way suit you best set player roles ball realistic physic goalkeeper do not make mistake defend neither good bad right take day get use new game ea iq help lot believe get use fun play far single player mode concern option additional realism include effect wind ball effect pitch ball player impression like watch game tv nothing praise ea fc thank finally listen player hope case future well rating,Recommended,1522,296.6 hrs on record,Posted: October 2,en,0.23,0.101,0.668,0.974,Positive
decent j like every fifa really,Recommended,36,462.9 hrs on record,Posted: October 2,en,0.385,0,0.615,0.3612,Positive
great game lot like old one somenew feature really cool,Recommended,66,176.6 hrs on record,Posted: October 2,en,0.568,0,0.432,0.8479,Positive
game make want to thing i have never even ponder crainium prior exact moment,Recommended,92,41.4 hrs on record,Posted: October 2,en,0.098,0,0.902,0.0772,Positive
pure quality rush best addition last year well do ea,Recommended,62,74.4 hrs on record,Posted: October 2,en,0.441,0,0.559,0.743,Positive
fun,Recommended,8,267.7 hrs on record,Posted: October 2,en,1,0,0,0.5106,Positive
awesome game love ingame menu,Recommended,30,59.2 hrs on record,Posted: October 2,en,0.735,0,0.265,0.8519,Positive
cool,Recommended,4,214.0 hrs on record,Posted: October 2,en,1,0,0,0.3182,Positive
do not walk tuah penalty box score thang,Recommended,54,49.5 hrs on record,Posted: October 2,en,0.262,0,0.738,0.357,Positive
seem like pace matter schnitzel ultimate team game general fast winger starting get run ease bit like phillip schofield spot prey stay humble eh,Recommended,194,382.1 hrs on record,Posted: October 2,en,0.301,0,0.699,0.765,Positive
patch fix controller issue steam deckoverall polished football experience would expect level optimisation tweak gameplay good quality life change whilst buy game every year damn fun game,Recommended,233,9.9 hrs on record,Posted: October 2,en,0.255,0.078,0.667,0.7269,Positive
fun man swear,Recommended,14,99.3 hrs on record,Posted: October 2,en,0.6,0.218,0.182,0.4767,Positive
due respect could kindly consider release patch update p dualshock controller compatibility game id prefer spend extra money new xbox controller really helpful nice guy,Recommended,208,13.1 hrs on record,Posted: October 1,en,0.384,0,0.616,0.9095,Positive
yeah worth,Not Recommended,17,226.1 hrs on record,Posted: October 1,en,1,0,0,0.4767,Positive
like i am play souls game want to break controller,Recommended,59,323.7 hrs on record,Posted: October 1,en,0.508,0,0.492,0.6369,Positive
top,Recommended,3,184.8 hrs on record,Posted: October 1,en,1,0,0,0.2023,Positive
nice,Recommended,7,110.5 hrs on record,Posted: October 1,en,1,0,0,0.4215,Positive
buy game kdb,Recommended,18,143.0 hrs on record,Posted: October 1,en,0,0,1,0,Positive
think game fantastic,Recommended,28,67.5 hrs on record,Posted: October 1,en,0.643,0,0.357,0.5574,Positive
love,Recommended,8,178.1 hrs on record,Posted: October 1,en,1,0,0,0.6369,Positive
rush pretty cool,Recommended,16,7.8 hrs on record,Posted: October 1,en,0.846,0,0.154,0.6705,Positive
remind fc totally different gam every creative game play mechanic,Recommended,69,66.2 hrs on record,Posted: October 1,en,0.443,0,0.557,0.6771,Positive
fifa long hail one best sport video game largely due realism engage gameplay ability capture excitement global football iteration game deliver highly polished mechanic fluid animation cuttingedge graphic make player feel like theyre part real match precision ball control strategic depth positioning playmaking fifa simulate fastpaced complex nature football well game additionally game feature comprehensive roster team player league around world allow fan recreate dream football scenario favorite starsanother aspect set fifa apart broad range game mode offer something everyone whether competitive online ultimate team mode player build dream squad immersive career mode let user manage team play career individual footballer fifa provide endless replayability multiplayer experience online local topnotch make staple social gaming esports balance accessibility casual player complexity diehard football fan ensure fifa appeal wide audience maintain status best football game market year year,Recommended,1186,321.7 hrs on record,Posted: October 1,en,0.283,0,0.717,0.99,Positive
love one good one,Recommended,24,18.0 hrs on record,Posted: October 1,en,0.78,0,0.22,0.7964,Positive
fun many new thing worth fifa fan,Recommended,36,194.7 hrs on record,Posted: October 1,en,0.652,0,0.348,0.7579,Positive
nice game,Recommended,8,358.5 hrs on record,Posted: October 1,en,0.737,0,0.263,0.4215,Positive
i am win brother i am match win streak ultimate team with cameroon with nicholas jackson with with with with nick jackolas with,Not Recommended,92,88.2 hrs on record,Posted: October 1,en,0.286,0,0.714,0.8225,Neutral
think much well year,Recommended,27,31.3 hrs on record,Posted: October 1,en,0.412,0,0.588,0.2732,Positive
even tho break controller every year like game really love much change year l,Recommended,109,93.4 hrs on record,Posted: October 1,en,0.389,0,0.611,0.7902,Positive
goalkeeper boris johnson stand like absolute melon gameplay could ask,Recommended,99,32.8 hrs on record,Posted: October 1,en,0.217,0,0.783,0.3612,Positive
product refunded the game really good come fifa graphic gameplay improve career mode best ever been download rdbm ready change player age do not retire early add icon hero career mode,Recommended,222,202.0 hrs on record,Posted: October 1,en,0.406,0,0.594,0.9468,Positive
ea sport fc truly blow away graphic stun bring game life incredible detail player animation smooth realistic make overall experience feel immersivethe gameplay mechanic excellently finetuned offer perfect balance challenge reward engaging newcomer season player new feature like enhanced tactical option allow deep strategy control teamultimate team also see excite update make team management intrigue variety player card ensure every season feel unique freshthe sound design another highlight commentary lively add atmosphere matchoverall ea sport fc outstanding package football fan provide wealth option casual hardcore player alike ensure remain entertain throughout highly recommended,Recommended,813,32.9 hrs on record,Posted: September 30,en,0.412,0,0.588,0.9931,Positive
fun game time consume,Recommended,43,30.3 hrs on record,Posted: September 30,en,0.524,0,0.476,0.5106,Positive
well come ingame movement,Recommended,37,23.4 hrs on record,Posted: September 30,en,0.412,0,0.588,0.2732,Positive
great game passing wing good past part fifa,Recommended,82,574.6 hrs on record,Posted: September 30,en,0.538,0,0.462,0.7906,Positive
much good last year game,Recommended,28,42.2 hrs on record,Posted: September 30,en,0.42,0,0.58,0.4404,Positive
amazing game try,Recommended,25,655.3 hrs on record,Posted: September 30,en,0.655,0,0.345,0.5859,Positive
incredible piece feel bad look bad last do not buy overprice theres good chance diddy innocent ea make good game least last two fun play high,Not Recommended,205,89.4 hrs on record,Posted: September 30,en,0.389,0.171,0.44,0.7845,Negative
strictly offline career mode player game play well simulation setting play well fun ea game bug hopefully fix soon mostly presentation stuff effect gameplay,Recommended,195,64.3 hrs on record,Posted: September 30,en,0.448,0.045,0.507,0.91,Positive
way well though seem weak player play team online stop playing real madrid original god prove nothing constantly fee mbappe shoot time game take zero skill,Recommended,199,10.1 hrs on record,Posted: September 30,en,0.296,0.207,0.497,0.296,Positive
werry good mozzart game crvena zvezda partizan serbia carrier mode bore add,Recommended,92,93.9 hrs on record,Posted: September 30,en,0.195,0.134,0.671,0.2263,Positive
despite read poor review rating felt compel buy year iteration run asus rog ally odd online game end start great game maybe expectation low play almost every fifa fc game since i have get decent grasp,Recommended,267,70.9 hrs on record,Posted: September 30,en,0.208,0.101,0.69,0.6862,Positive
good fc in my opinion,Recommended,17,70.0 hrs on record,Posted: September 30,en,0.42,0,0.58,0.4404,Positive
pc version lot controller latency lot i do not know seem common issue also encounter bug one first rival match want play get black screen sound play background could not see anything score reset game game would say still need improve also similar past version nothing really different small good add ons,Not Recommended,372,235.9 hrs on record,Posted: September 30,en,0.209,0,0.791,0.8797,Negative
game like every year,Not Recommended,21,84.3 hrs on record,Posted: September 30,en,0.455,0,0.545,0.3612,Positive
absolutely incedible,Recommended,19,122.2 hrs on record,Posted: September 30,en,0,0,1,0,Positive
reaal good,Recommended,16,23.1 hrs on record,Posted: September 30,en,0.744,0,0.256,0.4404,Positive
great,Recommended,8,118.3 hrs on record,Posted: September 30,en,1,0,0,0.6249,Positive
yes indeed without job social life,Recommended,36,201.9 hrs on record,Posted: September 30,en,0.351,0,0.649,0.4019,Positive
first fifa game fifa p since kid keen football play dad v match mean did not know anything else kickoff mode year start get passionate football trade someone get fifa p first was not happy since give freenot part deal does not like football game give chance play lot brother girlfriend discover career mode make fifa lot fun know every year new fifa game launch decide would wait buy new one preordered fc standard editioni do not much money ultimate laughing launch first time day ago rarely stop play play fifa play fc hugee difference maybe way love game much finally play ut player career good graphic updated team playersmy country league was not fc like year ago think club rush gamemode love mosthowever several bug glitch think game lot fun even play friend do not game via steam remote playrating thank make inner child happy,Recommended,1124,116.9 hrs on record,Posted: September 30,en,0.291,0.056,0.654,0.9907,Positive
play game sleep wake controller work anymore dollar game every oneedit fix steam input problemthe new tactic system outright cannot customize formation prior version press squarex player change position cannot change player role meaning cannot say one cm one cdm cmcm cdmcdmdefenders artificial intelligent totall garbage defender position always midfilders help back line hit miss whatever tactic act random sometimes join defence sometimes watch oppose team attackcam position joke does not matter assignment set cam watch game happens bad version fifaeafc everits shame cause first time solid job control player gameplay feel good artificial intelligent tactic also feel like cpu artificial intelligent read controller input instead game tactic,Not Recommended,848,88.0 hrs on record,Posted: September 30,en,0.218,0.072,0.71,0.9435,Negative
act like special person rush funny,Not Recommended,45,32.4 hrs on record,Posted: September 30,en,0.73,0,0.27,0.7964,Positive
gameits become like iphone seriessmall modification do gameonce optimise pc like last editioneven use high spec system recommend sys reqsevere frame dropscreen tearingcut scene render etc etcjust waste money timenot recommend purchase atleast wait next month atleast wait update make feasible pc price drop atleast,Not Recommended,374,82.8 hrs on record,Posted: September 30,en,0.231,0.088,0.681,0.7906,Negative
server pc optimization,Not Recommended,34,51.0 hrs on record,Posted: September 30,en,0.565,0,0.435,0.3818,Neutral
best game,Recommended,11,45.3 hrs on record,Posted: September 29,en,0.808,0,0.192,0.6369,Positive
good money burn method,Recommended,23,115.7 hrs on record,Posted: September 29,en,0.492,0,0.508,0.4404,Positive
old rig game team either play insane run ball get butf artificial intelligent vs terrible player you are whole team stand still afk lose game pace give do game since yes ea server still trash allways enjoy career tho nothing newlast played version play fifa context,Not Recommended,342,59.8 hrs on record,Posted: September 29,en,0.222,0.195,0.583,0.3948,Negative
ea sport football know you are get buy you are okay assure fine,Recommended,107,28.8 hrs on record,Posted: September 29,en,0.379,0,0.621,0.6249,Positive
recommend controller issue apparently theyve problem several edition clear do not care enough fix game code community new mode seem decent people trash mode constantly pull goalkeeper goalhanging teamwork whatsoever set player failure gameplay still garbage manual pass exist time need master long average player automatic one random hard predict game choose guess choose best cannot predict game behalf animation gentleman never mind do not match never mind look bad matter say you have add something new economy course enough pack buy start right conclusion developer think shameful have not fix basic error year does not always mean well you are someone play fifa nonstop play year do not buy,Not Recommended,993,1.8 hrs on record,Posted: September 29,en,0.155,0.115,0.731,0.6447,Negative
new animation old fifa laggy menu input horrible connection issue rival friend cannot mute insanely annoy commentary rush mode game run well almost maxed completely motion blur buggy cause major stutter ti okay gb mhz ddr cannot recommend current condition til fix thing enjoy fc basically minor qol update,Not Recommended,382,105.0 hrs on record,Posted: September 29,en,0.209,0.124,0.668,0.6365,Negative
product refundedon release p controller support even though steam refund going to buy fix sure big joke,Not Recommended,128,107.4 hrs on record,Posted: September 29,en,0.356,0,0.644,0.7351,Negative
scripted game every every game obviously like player mess every pas ref always do not buy big scam exact last year another dollar price increase do not fall scam game big piece,Not Recommended,238,101.4 hrs on record,Posted: September 29,en,0.268,0.062,0.67,0.8072,Negative
game good nice,Recommended,20,17.5 hrs on record,Posted: September 29,en,0.851,0,0.149,0.6908,Positive
good play,Recommended,8,21.6 hrs on record,Posted: September 29,en,1,0,0,0.6486,Positive
amazing game new feature,Recommended,30,77.0 hrs on record,Posted: September 29,en,0.559,0,0.441,0.5859,Positive
ast fifa mainly play fifa get friend want play clubstried play season friend still b use anticipate read pass intercept ball still bounce back enemy scoresyou play safe pas back defender somehow botch first touch run past ball enemy get itits like never change anything frustrate still momentum b monkey claim does not existstill lottery player pass two teammate direction passif game want enemy score happen matter hard try play wellthis company joke still make billion dork promote themi play club least bit fun friend mode bad franchise overtake another company cannot even get launch day right cannot enough server capacity let people play game friday night launch absolute monkey deserve get kick face steel shoerant end,Not Recommended,974,153.7 hrs on record,Posted: September 29,en,0.308,0.115,0.577,0.9708,Neutral
mean fifa really expect want play fifa fine thing do not like small bug example go store restart game sometimes,Recommended,163,72.4 hrs on record,Posted: September 29,en,0.25,0.087,0.662,0.4464,Positive
career mode crash black screen stick half time stick result screen bug bug bgus feel like i am play helldivers many bugsafter hour career mode black screen,Not Recommended,174,64.5 hrs on record,Posted: September 29,en,0.16,0.088,0.752,0.296,Negative
like fc cannot change refresh rate always lock hz cannot ea solve problem,Not Recommended,94,144.2 hrs on record,Posted: September 29,en,0.291,0.097,0.612,0.4881,Negative
pretty much think would becomplete trash game encourage passing real tactic get pass defender randomly flick right stick never good pas pretty much score counter attack whatever reason game yellowcards buy online game mode big want to enjoyable time play career mode,Not Recommended,355,108.2 hrs on record,Posted: September 29,en,0.315,0.098,0.587,0.8805,Negative
first good fc,Recommended,11,46.2 hrs on record,Posted: September 29,en,0.592,0,0.408,0.4404,Positive
amazing feature,Recommended,15,49.8 hrs on record,Posted: September 29,en,0.792,0,0.208,0.5859,Positive
f gameplay experience year include several improvement lead towards good direction include enhancement gameplay tactic provide well generic facial change power artificial intelligent make appeal however without issue numerous bug early release stage bug quite disruptive gamepad error automatic player substitution are rt function gameplay,Recommended,410,43.9 hrs on record,Posted: September 29,en,0.202,0.102,0.697,0.6644,Positive
sometimes life i am competitive know good competitive field sometimes life do not need like always want show i am good i am best,Recommended,169,8.8 hrs on record,Posted: September 29,en,0.477,0.068,0.454,0.8907,Positive
game need lot work artificial intelligent sadly i have game artificial intelligent watch ball go team play like theyre graphic look good could make game flow well feel choppy would really great game,Recommended,218,66.9 hrs on record,Posted: September 29,en,0.431,0.059,0.51,0.9476,Positive
cannot even load game play begin miracle get start play club game mode match switch play ultimate team playstation controller work respond player would nothing exit game fix controller setting will not even start spend total hr try get load game still nothing please help excited play game want refund barely even play time load game will not load would count time playing ridiculousi spent game will not even work soo stupid want refund,Not Recommended,588,285.5 hrs on record,Posted: September 29,en,0.222,0.106,0.671,0.8198,Negative
different year play,Not Recommended,36,16.1 hrs on record,Posted: September 29,en,0.545,0,0.455,0.34,Neutral
love game still have not get hero pack baught game week earlier,Recommended,72,174.7 hrs on record,Posted: September 29,en,0.245,0.171,0.584,0.3129,Positive
game seem artificial intelligent much good last year major change like lot another plus cold cely,Recommended,121,31.6 hrs on record,Posted: September 29,en,0.393,0,0.607,0.8126,Positive
i am old yes remember game work cost half much release plan play kid today end spending hour get controller work could not even get one work steam pile garbage thanks ea kid today put,Not Recommended,247,0.9 hrs on record,Posted: September 29,en,0.205,0,0.795,0.7906,Negative
fc timd fix need help cannot play two day nowi tridd evrithing notihing help,Not Recommended,81,45.5 hrs on record,Posted: September 29,en,0.293,0.11,0.597,0.521,Negative
open store store open restart fifa day ea fc look like,Not Recommended,65,87.1 hrs on record,Posted: September 29,en,0.2,0,0.8,0.3612,Negative
try trial game hour decide buy ea play continue play game however continue think time trial end need purchase full game play uninstalled game believe simply matter reinstall game cannot even get steam library say license full error code ea play work perfectly every game except one,Not Recommended,375,9.8 hrs on record,Posted: September 29,en,0.259,0.047,0.694,0.8807,Negative
please fix controller issue game work fine launch controller mouse give input time,Not Recommended,115,65.8 hrs on record,Posted: September 29,en,0.272,0,0.728,0.4767,Negative
yea ea instal game guess did not even start black screen minute try click everything nothing work ea multibillionare company should not problem,Not Recommended,203,0.6 hrs on record,Posted: September 29,en,0.093,0,0.907,0.3089,Negative
money grabits copy last game new gamemode rebrand volta nothing new game full bug glitch add new tactis thats cool bunch new accessory behind pay wall still pace,Not Recommended,231,117.7 hrs on record,Posted: September 29,en,0.077,0.047,0.875,0.2263,Negative
product refundedafter year fifa fut try one ask refund game did not evolve many year toxic player pay win scripted time move ea is not ready understand player game is not anymore,Not Recommended,214,1.8 hrs on record,Posted: September 29,en,0.105,0.097,0.799,0.316,Negative
dope game i am win everytime get score ever match career,Recommended,60,12.6 hrs on record,Posted: September 29,en,0.297,0,0.703,0.5859,Positive
stupid controller support go eaand fix server wtfother pretty great game,Not Recommended,97,179.8 hrs on record,Posted: September 29,en,0.49,0.167,0.343,0.765,Negative
i have yoink brother xbox controller p controller support even game yetalso nothing change gamealso rush game mode boringi get money burn gacha game care,Not Recommended,221,23.5 hrs on record,Posted: September 29,en,0.219,0,0.781,0.7096,Negative
game horrible lose draft countless rush game thanks game crash would recommend happy need become less happy game ruin wellbeing thanks yet another fantastic game ea,Not Recommended,201,102.4 hrs on record,Posted: September 29,en,0.404,0.261,0.335,0.7823,Negative
honestly year eafc best football game upgrade version totally change positive way gameplay mechanic game optimisation match intro graphic improvement well last year cannot play use controller follow instruction ea work,Recommended,277,60.4 hrs on record,Posted: September 28,en,0.419,0.045,0.536,0.9497,Positive
ea fc steam reviewrating overview ea fc mark pivotal moment franchise transition fifa brand establish new identity installment bring wealth improvement innovation enhance gameplay experience make compelling choice longtime fan newcomersgameplayfluid mechanic introduction hypermotion v technology elevates gameplay capture realworld player movement result smooth animation realistic interaction pitch whether you are dribble past defender execute intricate play control feel responsive intuitiveshooting pass shooting refine significantly player perform variety shot type great precision include finesse driven shot precision passing feature allow accurate ball placement crucial tight match every pas count level control encourage strategic play make essential consider option carefullydefensive strategy artificial intelligent improvement mean teammate opponent exhibit smart behavior field defend require tactical thinking player must anticipate movement position effectively intercept pass add layer depth defensive gameplay reward skill foresightgraphics performancevisual quality ea fc impress stun graphic player likeness highly detailed stadium environment vibrant feature dynamic lighting weather effect enhance immersion match atmosphere elevate lively crowd animation realistic sound designuser interface user interface streamline intuitive making navigation menu game modes breeze match presentation polish engage commentary visual effect mimic real broadcast experiencegame modescareer mode career mode receive significant upgrade offer deep management option player nurture young talent revamp youth academy enjoy dynamic transfer negotiation depth choice available make satisfying longterm experienceultimate team ultimate team continue major draw feature new season objective keep gameplay fresh chemistry system refine encourage strategic teambuilding without overwhelm player card interface visually appeal userfriendlyvolta football volta mode bring unique street football experience feature new location customizable player focus small team skillbased play offer fun diversion traditional aside match make great way mix gameplayclubs mode club mode benefit improve matchmaking team management feature enhance cooperative play friend mode foster sense community teamwork keep player engagedsoundtrack audiothe soundtrack feature diverse range track complement game energy add overall experience commentary refine reduce repetition enhance immersion crowd sound stadium audio create vibrant match atmosphere draw actionperformance steamsystem requirement ea fc moderate system requirement make accessible broad audience player encourage check hardware recommended spec optimal performancesteam feature steam title support achievement cloud save potential mod support allow enhanced experience community interactionconclusionfinal thought ea fc significant step forward franchise successfully combine refine gameplay mechanic stunning visuals engage game mode minor bug balance issue present detract overall experiencefor football enthusiast gamers alike ea fc offer rich rewarding experience capture excitement sport whether you are manage club battle ultimate team enjoy thrill street football volta game musttry anyone look immerse beautiful game,Recommended,3730,22.6 hrs on record,Posted: September 28,en,0.322,0.005,0.672,0.9993,Positive
perfect good,Recommended,19,17.7 hrs on record,Posted: September 28,en,1,0,0,0.765,Positive
controller issue ridiculous buy dualsense play game buy early ultimate editionif do not dualsense budget purchase controller please reconsider buying game,Not Recommended,188,223.7 hrs on record,Posted: September 28,en,0.187,0.099,0.714,0.296,Negative
menu much good play offline career mode experience mile well especially new menu youth academy system player movement feel responsive ball goalkeeper actually job game big improvement fc still need fix certain area,Recommended,275,27.2 hrs on record,Posted: September 28,en,0.353,0.035,0.612,0.91,Positive
purchase fc fc ultimate edition do not receive fc poins give order ultimate new have not gotten itand contact ea support tell must speak support do not know new,Not Recommended,212,174.8 hrs on record,Posted: September 28,en,0.167,0,0.833,0.6597,Negative
play every fifa since fifa every yearthis without doubt bad fifa i have ever touch term passingeverything completely whether player want instruct dodefending dog every single year year absolutely exception complete artificial intelligent waste time try defendif waste credit card pack find play extremely hard fut normal playersthe gameplay sluggish feel like move slow motion almost feel like pro evolution soccer timesthe control ball feel nice honest graphic great gamplay absolute garbage,Not Recommended,545,80.1 hrs on record,Posted: September 28,en,0.331,0.103,0.566,0.9644,Negative
skip fc decide buy fc read review say gameplay slow tactic gameplay awful player like play x speed even simulation mode play online like x seem another year without fifa,Not Recommended,233,0.4 hrs on record,Posted: September 28,en,0.274,0.084,0.642,0.7003,Negative
enjoy wait ques well right great choice st day que hour billion dollar company refuse address server issue buy server instead implement forced que stop logging ongameplay jar player refuse run acre open space robot must follow set play ea artificial intelligent dosent work,Not Recommended,327,213.2 hrs on record,Posted: September 28,en,0.249,0.162,0.589,0.7351,Negative
good far,Recommended,17,26.9 hrs on record,Posted: September 28,en,0.744,0,0.256,0.4404,Positive
awesome always,Recommended,16,68.0 hrs on record,Posted: September 28,en,0.804,0,0.196,0.6249,Positive
interesting great game never get tire play game,Recommended,62,186.0 hrs on record,Posted: September 28,en,0.491,0.147,0.361,0.6969,Positive
game do not waste money,Not Recommended,27,97.9 hrs on record,Posted: September 28,en,0.368,0,0.632,0.3252,Negative
good luck play game keyboardyou cannot even play controller,Not Recommended,69,80.0 hrs on record,Posted: September 28,en,0.682,0,0.318,0.8658,Negative
first play major upgrade fc i have played pro club thats friend play first time year game play seem massive improvement bot let hope do not update game mess buy did not really choice friend like football much i am pleasently suprisedleave alone ea,Recommended,324,53.0 hrs on record,Posted: September 28,en,0.448,0.033,0.519,0.9712,Positive
much good previous entry first promo bit rocky server around good fun much add career mode make exciting enjoyable course able play group friend ut even club best ever experience yeah id recommend fc time around,Recommended,276,142.8 hrs on record,Posted: September 28,en,0.533,0,0.467,0.9812,Positive
controller remote play work go eafc solve please help omgg weel,Not Recommended,106,115.5 hrs on record,Posted: September 28,en,0.568,0,0.432,0.802,Negative
pay expensive cannot connect controllerwthimagine charge do not bother solve problem give immatura solution fix bug settle asap please anybody do not buy yet game,Not Recommended,194,253.3 hrs on record,Posted: September 28,en,0.288,0.097,0.615,0.7097,Negative
buy game high cocaine wish buy cocaine without buy trash,Not Recommended,85,59.9 hrs on record,Posted: September 28,en,0.231,0,0.769,0.4019,Negative
product refundedsame game much priceplayed minute refund good thing performance improvement pc since terrible,Not Recommended,143,6.9 hrs on record,Posted: September 28,en,0.295,0.155,0.55,0.4215,Negative
literally cannot start first launch everything smooth fine everytime launch i am stick black screen green eafc dark background i have do everything required system spec run consider friend spec run multiple hour without problem also run game perfectly first go someone help resolve problem would perfect try get refund,Not Recommended,420,135.8 hrs on record,Posted: September 28,en,0.362,0,0.638,0.9671,Negative
want to like game still did not fix stuff menu crashing freezing like last yeartrying play draft impossible last year cause game would crash every single time try pick card year actually exact freeze nothing fix yet thing patch week did not even get fix year new game still crash exact way place even new hardware triggersoh almost forget controller lmao game will not even launch ds open game did not work ps controller untill turn controller fc steam folder laughing wat joke even raise price game year maybe game good p unplayable high end pc literally,Not Recommended,668,33.0 hrs on record,Posted: September 28,en,0.193,0.074,0.733,0.9087,Negative
match intro play player career mode please eai do not know bug missing featurebut please return feature,Not Recommended,122,132.5 hrs on record,Posted: September 28,en,0.406,0,0.594,0.7838,Negative
good game sure,Recommended,17,311.0 hrs on record,Posted: September 28,en,0.839,0,0.161,0.6369,Positive
waste money time able play due controller issue please fix release update asap,Not Recommended,98,145.7 hrs on record,Posted: September 28,en,0.269,0.16,0.571,0.2263,Negative
game want lose money nothing really do not recommend gameplay suck optimization suck career pro player mode suck did not even try play competition was not goal probably good thing game graphic,Not Recommended,238,25.3 hrs on record,Posted: September 28,en,0.255,0.218,0.527,0.1537,Negative
do not buy do not think oh ill try do not buy game fc you will probably good time could buy afk simulator fun do not waste money storage junk,Not Recommended,179,0.5 hrs on record,Posted: September 28,en,0.295,0,0.705,0.8709,Negative
game feel great apart pass bipolar apart controller break yet st fut champ incoming end champ ill age year probably indent skull headbutt pc good game ea good,Recommended,213,138.1 hrs on record,Posted: September 28,en,0.394,0.068,0.538,0.9231,Positive
even iphone get big upgrade fc thing know buy game bad good control feeling like you are ski grass thousand tiny funny bug will not ruin day mostly surprisingly rush mode pretty funny many new idea manager mode disgusting simplify ui bad use opinion prematch animation backunless play ut mode do not buy game many bug wait black friday christmasyour wallet thank worth pay full price fill eas bottomless pit greed,Not Recommended,543,38.9 hrs on record,Posted: September 28,en,0.287,0.149,0.564,0.8878,Negative
crash rush game good pc happen try open store game freeze full bug point,Not Recommended,128,77.0 hrs on record,Posted: September 28,en,0.23,0.152,0.618,0.1027,Negative
crash win rush will not launch,Not Recommended,38,21.0 hrs on record,Posted: September 28,en,0.362,0.257,0.381,0.2732,Negative
good fc,Recommended,15,60.6 hrs on record,Posted: September 28,en,0.744,0,0.256,0.4404,Positive
well fifa good overall football game perfect game please keep improvingsidenote developer read thanks allow female player career modesidenote shoot goal block goal keeper ricochet teammate reff declare offside did not pass ball shoot toward goal block ricochet teammate do not think would offside judge may wrong,Recommended,402,22.3 hrs on record,Posted: September 28,en,0.241,0.209,0.55,0.2732,Positive
dear ea see review please help loyal customer wait anxiously release game pc version today play seven hour believe total crap msi rtx gb keep setting medium quality still quality gameplay felt degrade online gaming experience tragic felt like play basic version game differentiation bw shoot dribble passing rat player rat ea server already mess still gaming experience topnotch ping low time overall gaming experience regress offline experience totally different pathetic online experience ask fix server right please optimize game pc pay usd count day quit gamei state misery honestly even ea fc seem far good version novelty game jude bellingham pas intercept way pas rat midfielder request please address issue pc version game asap thanks,Not Recommended,995,241.2 hrs on record,Posted: September 28,en,0.224,0.181,0.595,0.7665,Negative
rough first two hour try get game work correctly controller issue character creation glitch start play smile realize much gameplay improve well worth waitps ea get together fullrelease please,Recommended,230,62.8 hrs on record,Posted: September 28,en,0.424,0,0.576,0.9217,Positive
last year ui menu career mode pretty great year trash full black color atmosphere does not seem real fake like senior devs get fired junior devs create trash career ui jesusgame polished trash career ui menu play damit cannot refund cause want play gain do not want make transfer prev fc want make sure change new visuals mega garbage euro full problem like see team field first sec see video team get field play controler work sometimes etc,Not Recommended,531,23.7 hrs on record,Posted: September 28,en,0.293,0.098,0.609,0.9632,Negative
good,Recommended,8,208.1 hrs on record,Posted: September 28,en,1,0,0,0.4404,Positive
good quality,Recommended,15,241.0 hrs on record,Posted: September 28,en,0.744,0,0.256,0.4404,Positive
rush fun,Recommended,9,154.6 hrs on record,Posted: September 28,en,0.767,0,0.233,0.5106,Positive
good game winter vibe,Recommended,22,8.3 hrs on record,Posted: September 28,en,0.492,0,0.508,0.4404,Positive
controller input does not work graphic complete unless nvidia make feel dyslexic play buy game,Not Recommended,119,0.7 hrs on record,Posted: September 28,en,0.146,0,0.854,0.34,Negative
run nice p controller support gross,Recommended,40,2.8 hrs on record,Posted: September 28,en,0.519,0.292,0.189,0.34,Positive
i am go honest game deserve review bug fix every i am playing manager career mode half time game go dark force quit game without save lose progress start back game great improvement movement player way fluent,Not Recommended,293,311.9 hrs on record,Posted: September 28,en,0.305,0.105,0.59,0.859,Negative
game completely break pc controller does not work constantly glitching game force exit game unbelievable game allow launch unplayable,Not Recommended,164,59.8 hrs on record,Posted: September 28,en,0.179,0,0.821,0.4019,Negative
server hour sign update surprise game devs would compensate point etc ea ea always big money hungry scumbags buy game every year alternative eafc absolute garbage gameplay would get side ultimate team building alternative hand tiedi take day play day straight find hectic work weekshame ea,Not Recommended,460,367.0 hrs on record,Posted: September 28,en,0.186,0,0.814,0.8225,Negative
best fc,Recommended,15,60.6 hrs on record,Posted: September 28,en,0.808,0,0.192,0.6369,Positive
save money game work ea care,Not Recommended,46,17.5 hrs on record,Posted: September 28,en,0.615,0,0.385,0.7506,Negative
control disaster glitchy point unplayableshocking pay clearly ready yet want money back refund request reject hour claim refund ea spend hour try get game work yo allow refund steami hope ea steam get hack see next tuesday,Not Recommended,323,27.5 hrs on record,Posted: September 28,en,0.233,0.169,0.598,0.2732,Negative
pretty much copy paste fc old ea b game work release scroll reddit endlessly try find solution make controller workpositives game game actually feel new even though look shooting dribble pass defend feel differentill update review eventually fix game right worth spent ultimate edition,Recommended,376,96.1 hrs on record,Posted: September 28,en,0.156,0,0.844,0.7506,Positive
hey guy your controller work go steam big picture mode click fc click controller icon disable steam input work i am use p controller hope help,Recommended,166,74.7 hrs on record,Posted: September 28,en,0.203,0,0.797,0.6808,Positive
ah yes nothing like preordering game month advance spend launch day star ever end connection screen really appreciate developer give you deep immersive experience server maintenance simulator i have never felt connected idea disconnection,Not Recommended,260,4.8 hrs on record,Posted: September 28,en,0.151,0.056,0.794,0.5549,Negative
lot pack zero luck i am div fut an still playersalso server,Not Recommended,83,265.1 hrs on record,Posted: September 28,en,0.231,0,0.769,0.4588,Negative
controller break video game year recommend,Not Recommended,54,88.5 hrs on record,Posted: September 28,en,0.333,0,0.667,0.3612,Negative
ea fc another year another gamethe fut mode something worth mentioning early even talk futthe new mode rush feel awful you play alone artificial intelligent positioning absolutely awful cool multi thothe new ui feel weird hard get around ea also decide add useless setting reason turn deafult input delaythe artificial intelligent improve despite ea talk intelligent artificial intelligent come year defender oppose team career mode could easily sweep ball even meter away reaction time great speed light genuinely endlag everything would not much problem artificial intelligent your team mostly stand watch opponent run towards goalthe career mode overall slightly improve last year you finally get sack without need mod gameafter horus gameplay global release day game one bad fifa game i have get play term expectation quality,Not Recommended,880,8.5 hrs on record,Posted: September 28,en,0.249,0.108,0.643,0.9676,Negative
you are read day do not bother hour launch server standard ultimate edition owner enjoy career mode enjoy money dtitle update kill crossplatform friend play xbox back screw would well place rear carriage scantly dress lady fine gentleman establishment,Not Recommended,349,35.8 hrs on record,Posted: September 28,en,0.332,0.113,0.555,0.8701,Negative
preordered queue launch day th september get constant dc well unable login usual garbage server bogus company,Not Recommended,135,188.8 hrs on record,Posted: September 28,en,0.116,0,0.884,0.2732,Negative
play offline fun performance good do not controller issue start today game officially releasedit usual game would expect already fc probably see big difference even optic green black menu,Recommended,262,58.6 hrs on record,Posted: September 28,en,0.245,0.043,0.712,0.7964,Positive
bougt ultimate addition pre order get hero pack did not get,Not Recommended,64,136.2 hrs on record,Posted: September 28,en,0.265,0,0.735,0.5574,Negative
product refundedloved fc super pumped fc fc run great machine fc garbage controller do not work crash preordered target audience take dump fanbase year get refund say fix controller issue repurchase did not fix squat think i am do year disappointing cannot even express anger break fc charge people,Not Recommended,409,2.6 hrs on record,Posted: September 28,en,0.217,0.095,0.688,0.8154,Negative
first fifafc pretty well enjoy much opinion game really improve last year work good device run game smoothly controller issue would recommend everyone want buy first fc,Recommended,221,27.8 hrs on record,Posted: September 28,en,0.479,0,0.521,0.9468,Positive
good game recomded,Recommended,20,203.8 hrs on record,Posted: September 28,en,0.592,0,0.408,0.4404,Positive
awful gameplay anti casual div get ready play sweat every single game people creative game literally see player evolution break worth half time friendly far friendly probably sweaty mode champsits addiction point game simply good waste time dumb dopamine rush honestly worth stress,Not Recommended,411,203.6 hrs on record,Posted: September 28,en,0.378,0.209,0.412,0.8591,Negative
bad version i have try ea justice fut mode play team rat less choose opponent whose team strong indicate distinction player glitch play specific team color opponent face also similar team color spoil match never let focus,Not Recommended,333,95.0 hrs on record,Posted: September 28,en,0.25,0.076,0.674,0.7906,Negative
bug like cannot complete moment objective game crash often enter store randomly need restart i am even cannot connect ea server say unavailable recommend,Not Recommended,192,42.8 hrs on record,Posted: September 28,en,0.181,0.097,0.722,0.3182,Negative
really remarkable electronic art manages make game bad every year do not request reimbursement i am go play pro club friend yet i am still consider reason game still sell surprisingly football game suck even moredont recommend do not buy waste money,Not Recommended,307,101.1 hrs on record,Posted: September 28,en,0.301,0.117,0.583,0.8452,Negative
whenever try play game will not work say load would bring back screen play button someone could help would good,Not Recommended,144,1.9 hrs on record,Posted: September 27,en,0.394,0,0.606,0.8555,Positive
whoever make game mug peacefully play game mbappe diddyed entire defence make goalkeeper look like autistic potato start crash nan go bender little tescos hour later come back teli tubby costume kick pc top bin emptyhad screaming erling halland fell stair cause indian economy collapse brain hit radiatorcheers ea,Not Recommended,381,1.4 hrs on record,Posted: September 27,en,0.189,0.139,0.672,0.25,Negative
really fun realistic,Recommended,28,29.3 hrs on record,Posted: September 27,en,0.642,0,0.358,0.5563,Positive
launch game dialog box come say window version support please upgrade minimum support version information please see quite common notice read forum regard mattertried everything could luck window date spend time nonsense fill case refund game birthday present son thing turn disappointment,Not Recommended,439,0.1 hrs on record,Posted: September 27,en,0.241,0.111,0.648,0.7184,Negative
game awesome love everything,Recommended,42,17.4 hrs on record,Posted: September 27,en,0.806,0,0.194,0.8519,Positive
bit buggy overall good upgrade last year,Recommended,44,59.1 hrs on record,Posted: September 27,en,0.326,0,0.674,0.4404,Positive
best best,Recommended,13,16.6 hrs on record,Posted: September 27,en,1,0,0,0.8555,Positive
game play great rival get unsolvable blackscreen start game fun hour cannot play anymore typical ea stuff therefore cannot recommend unless fix,Not Recommended,175,4.3 hrs on record,Posted: September 27,en,0.39,0.067,0.543,0.8776,Negative
amazing performance smooth gameplay lag stutter like last year play ultra setting everything amazing experience far play career mode also great alot new scan etc do not miss title great without doubt,Recommended,239,99.4 hrs on record,Posted: September 27,en,0.512,0.085,0.403,0.9692,Positive
fun play offline mode far,Recommended,34,3.3 hrs on record,Posted: September 27,en,0.62,0.163,0.217,0.6369,Positive
love videogame player get best card fr fr,Recommended,50,211.5 hrs on record,Posted: September 27,en,0.583,0,0.417,0.8555,Positive
ea strike againcontroller does not work billion company cannot anything rightjanky sluggish save money,Not Recommended,116,39.7 hrs on record,Posted: September 27,en,0.304,0.084,0.613,0.607,Negative
should not expensive baso game gameplay great ultimate team however does not suit ultimate team mention game already pay way ea care money,Not Recommended,177,145.7 hrs on record,Posted: September 27,en,0.254,0.049,0.697,0.7845,Negative
please go play ufl release game betterim happy report ea make game absolute garbagemany you grow good day fifa hope one year good think time stop kid come term game ever go like past deserve bettercareer modethe last time career mode change since change make ever make career mode care year less lag offline still laggy keep come back you wnating deserve betterthis year someone horrible idea force people go ultimate teamonline order unlock cosmetic offline career mode money thats answer go online maybe theyll spend moneyonlinedont get start online game nonexistent purpose play game play game every year make trash mechanic reward player play like npc well thats little mean npc actually try change thing every people still park bus let npc work difference reduce speed across board make necessary meta player turn make ea money people try buy pack player option position play mean make park bus even part advertisement lolthere still two game mode game do not even want start say good ea should not make year come new game modethey add rush mode probably fun thing game make wonder long go last people get,Not Recommended,1534,128.2 hrs on record,Posted: September 27,en,0.21,0.051,0.739,0.9877,Negative
would recomend game great game sure give many hour joybut negative side special streameri neverever play game set crashand crashing happen game play crashing actual happend reward gift earn check object completeand crash happen actual play game click itquite annoy special know need restart game pick reward else game fantastic bit diepointed ea fix issue special soem you week trial release game,Recommended,555,215.7 hrs on record,Posted: September 27,en,0.387,0.101,0.511,0.9758,Positive
menu crash every minsactual game crash sometimeswhen pause game sometimes game continue backgroundthat say actually lot good fc term gameplay does not ing workupdate menu seem fix crash past week presume teethe problem rush probably fun game mode since indoor side fifa ignore whiny kid credit card fc ut player great game,Recommended,386,168.7 hrs on record,Posted: September 27,en,0.186,0.192,0.621,0.1531,Positive
game super buggy get stick load screen lot cannot anything stuck loading screen except altf start get stick loading screen,Not Recommended,164,148.7 hrs on record,Posted: September 27,en,0.239,0,0.761,0.6848,Negative
cool soccer game,Recommended,14,339.1 hrs on record,Posted: September 27,en,0.535,0,0.465,0.3182,Positive
worth eafc,Not Recommended,28,70.8 hrs on record,Posted: September 27,en,0.655,0,0.345,0.2263,Positive
rush good,Recommended,10,199.8 hrs on record,Posted: September 27,en,0.744,0,0.256,0.4404,Positive
game quite similar fc good improvement especially club mode new rush mode also lot fun game feel bit slow controller bug solution simple,Recommended,178,16.4 hrs on record,Posted: September 27,en,0.382,0,0.618,0.8948,Positive
good last year pass little,Recommended,38,134.6 hrs on record,Posted: September 27,en,0.42,0,0.58,0.4404,Positive
add sponsored ad career mode social medium feedthey wait launch would not impact reviewsim let ea know kind advertising unacceptablestop make game worse milk revenue scummy company,Not Recommended,214,238.0 hrs on record,Posted: September 27,en,0.108,0.098,0.794,0.0772,Negative
switch ea fc decade pe efootball absolute blastthe gameplay feel incredibly smooth level realism nextlevelthe graphic stun capture every detail player stadium even subtle movement make match feel alivethe dynamic tactic customization option breath fresh air make every game feel unique strategicim genuinely thrill fc redefine football gaming,Recommended,432,229.6 hrs on record,Posted: September 27,en,0.141,0,0.859,0.7506,Positive
heck game year year make game well horrible pas horrible game feel like kick baloon rather football ball please fix thiswhat love game tactical side others horriblefor do not recommend anyone buy game please do not buy game worth,Not Recommended,309,2.8 hrs on record,Posted: September 27,en,0.247,0.199,0.554,0.3867,Negative
bru literally cannot play fix controller please,Not Recommended,38,1.9 hrs on record,Posted: September 27,en,0.246,0.218,0.536,0.068,Negative
good controller sensitivity must fix,Recommended,45,67.4 hrs on record,Posted: September 27,en,0.42,0,0.58,0.4404,Positive
ea do really career mode gameplay gameplay player cannot dribble life player slow cannot tackle whatsoever pass ball go opposite team even slider fix would recommend go back eafc,Not Recommended,262,180.3 hrs on record,Posted: September 27,en,0.082,0,0.918,0.3612,Negative
good like would love go back old new one go good,Recommended,75,87.6 hrs on record,Posted: September 27,en,0.641,0,0.359,0.91,Positive
jesus christ game garbo doo doo laughing think efootball trash straight aas,Not Recommended,86,2.4 hrs on record,Posted: September 27,en,0.489,0,0.511,0.8225,Negative
game make want to multiple different thing would get put behind bar multiple year save money,Not Recommended,97,168.5 hrs on record,Posted: September 27,en,0.243,0,0.757,0.5423,Negative
guy you gotta check like eafc good,Recommended,44,99.2 hrs on record,Posted: September 27,en,0.519,0,0.481,0.6597,Positive
cannot open game anymore try contact ea help course nothing happend tell fix problem whats funny problem go game since fifa,Not Recommended,166,467.4 hrs on record,Posted: September 27,en,0.2,0.193,0.607,0.0516,Negative
first game franchise say theyve actually make quality life improvementsyouth academy overhaul new focus player role tactic course graphical updatesthere bug mainly youth academy really low stats weird facesmodels hopefully issue get patch overall love game,Recommended,307,15.8 hrs on record,Posted: September 27,en,0.16,0.101,0.74,0.5489,Positive
nice game thank,Recommended,16,182.0 hrs on record,Posted: September 27,en,0.841,0,0.159,0.6486,Positive
do not buy trash do not buy garbage script game people spend hundred dollar buy pack enjoy paytowin trash game do not listen inner voicedont buy do not buy do not buyill play game friend,Not Recommended,255,156.9 hrs on record,Posted: September 27,en,0.158,0.05,0.791,0.6558,Negative
play rush mode offline online slider adjustment still prevalent make game basically unplayable game fun enough offline worth money,Recommended,159,48.4 hrs on record,Posted: September 27,en,0.309,0.122,0.569,0.6808,Positive
feel like i am run team watchingnow sometimes game feel really good sometimes player feel really bad do not think eafc bad last one think need work fix lot issue good thing ea really work problem future game might really good,Not Recommended,291,202.6 hrs on record,Posted: September 27,en,0.217,0.19,0.593,0.1317,Negative
great game,Recommended,9,147.8 hrs on record,Posted: September 27,en,0.804,0,0.196,0.6249,Positive
recommend new rush mode ea nail perfect mode,Recommended,56,9.8 hrs on record,Posted: September 27,en,0.508,0,0.492,0.7351,Positive
poorly optimise pc literally unplayable never see anything like buy pc,Not Recommended,88,80.4 hrs on record,Posted: September 27,en,0.207,0.151,0.642,0.1999,Negative
enjoy do not like get cuz dribble actually try normally play pass game say let use diddys baby oil make ball untouchable pas team diddy party like waste money recomend,Not Recommended,251,8.2 hrs on record,Posted: September 27,en,0.211,0.179,0.61,0.3138,Positive
nice game,Recommended,12,153.6 hrs on record,Posted: September 27,en,0.737,0,0.263,0.4215,Positive
game pc performance way well mei play offline fun,Recommended,73,31.9 hrs on record,Posted: September 26,en,0.545,0.105,0.35,0.743,Positive
game actually good previous version finally get lot customisation even player do not real face generic face much closer real face still need lot improvement generic face little realism career mode would say step right direction still need go really far,Recommended,304,26.5 hrs on record,Posted: September 27,en,0.131,0,0.869,0.7096,Positive
to be honest fun small issue love football play game,Recommended,52,54.7 hrs on record,Posted: September 26,en,0.688,0,0.312,0.9217,Positive
great game sweat as div reward best get okay totw,Recommended,68,133.9 hrs on record,Posted: September 26,en,0.698,0,0.302,0.9313,Positive
good game gameplay best trust best,Recommended,102,191.8 hrs on record,Posted: September 26,en,0.88,0,0.12,0.9393,Positive
please fix controller issue d asap,Not Recommended,31,207.3 hrs on record,Posted: September 26,en,0.365,0,0.635,0.3182,Negative
trash do not waste your money,Not Recommended,31,107.0 hrs on record,Posted: September 26,en,0.318,0,0.682,0.3252,Negative
game actually look decent ut playable look like pace does not matter much yearalso new custom tactic system really good improvement is not meta formation,Recommended,183,156.5 hrs on record,Posted: September 26,en,0.289,0.035,0.676,0.8359,Positive
really good graffics pack animation,Recommended,35,110.9 hrs on record,Posted: September 26,en,0.444,0,0.556,0.4927,Positive
great product new player first fifa lot fun obviously lot bug ex controller mapping mess etc get work i have great timeedit game get much well definitely suggest,Recommended,203,208.1 hrs on record,Posted: September 26,en,0.41,0.063,0.528,0.93,Positive
best gamee,Recommended,15,6.8 hrs on record,Posted: September 26,en,0.808,0,0.192,0.6369,Positive
best fifa since fifa honestly think worth,Recommended,49,470.8 hrs on record,Posted: September 26,en,0.695,0,0.305,0.8442,Positive
whoever think ea hq rival win upgraded reward would good ideahopefully pillow warm side,Not Recommended,111,87.4 hrs on record,Posted: September 26,en,0.552,0,0.448,0.9062,Positive
game look pretty similar fc like new feature graphic tackle system physic do not break thing overall like game lot last year game would give,Recommended,188,490.2 hrs on record,Posted: September 26,en,0.272,0,0.728,0.802,Positive
like game ea fix server,Recommended,30,154.2 hrs on record,Posted: September 26,en,0.385,0,0.615,0.3612,Positive
scripted b every year game decide whether win lose make bad pas rtard defend oh load bug controller setting keep reset matter many time save sincerely f ea scum,Not Recommended,203,36.0 hrs on record,Posted: September 26,en,0.292,0.161,0.547,0.6124,Negative
fc much good tho,Recommended,28,184.0 hrs on record,Posted: September 25,en,0.492,0,0.508,0.4404,Positive
good improvement last year still expect much upcoming future,Recommended,67,204.0 hrs on record,Posted: September 25,en,0.457,0,0.543,0.7096,Positive
game borderline unplayablethe good new game mode ut rush actually quite fun however often people play make game pointless gameplay probably slightly good last year career mode finally see change well still nowhere near use bethe bad server atrocious get boot frequently sure whether player count issue online experience i have awful huge ping spike every second internet issue avg mbps ping m game freeze incredibly often i have instance game crash restarting crash within second ea ea vast majority earnable reward ut untradeable want make money pack pay themall shock state game release recommend spend money hey least controller work pc second releasewould recommend game nowill play suffer yes,Not Recommended,905,23.6 hrs on record,Posted: September 25,en,0.248,0.138,0.613,0.908,Negative
love game till end time,Recommended,29,199.4 hrs on record,Posted: September 25,en,0.512,0,0.488,0.6369,Positive
come ea sport fc is not much see otherwise pretty solid football game fantastic presentation look almost like real thing,Recommended,143,21.4 hrs on record,Posted: September 25,en,0.399,0,0.601,0.8627,Positive
good enough update still fun always,Recommended,42,34.6 hrs on record,Posted: September 25,en,0.608,0,0.392,0.7351,Positive
ea sport fc review step forward sidestepea sport fc late installment longrunning football simulation series meet anticipation skepticism successor fifa series carry weight predecessor legacy attempt carve identity heres comprehensive review break key aspect game rating scale gameplay mechanic core gameplay ea sport fc remain largely familiar strength weakness tactical layer introduce edition add depth onpitch action allow strategic approach match improved hypermotion technology enhance realism player movement interaction provide authentic representation sportgraphically ea sport fc offer incremental improvement predecessor player model stadium detailed vibrant groundbreaking enhancements weather effect wind rain add nice touch realism match although present online mode due balance reasonscareer mode receive welcome refresh customization option board expectation train plan match tactic allow player great control team development strategy addition weather effect offline mode also contribute immersive experiencerush mode standout feature ea sport fc v mode offer highenergy fastpaced alternative traditional v gameplay fun engage mode last minute per match make excellent choice quick gaming session unified progression design season pas add rewarding element modewhile ea sport fc introduce new feature overall sense game rely refinement rather revolutionary change series annual release cycle may contribute feeling familiarity limited time development team implement significant overhaulsea sport fc competent football simulation game satisfy fan series make positive stride gameplay mode variety fall short transformative entry franchise game enjoyable appreciate nuance football strategy do not mind lack major innovationsin conclusion ea sport fc solid spectacular addition football gaming landscape polish formula rather reinvent may find approach lack others enjoy familiar gameplay enough tweak keep thing interest whether step forward merely sidestep ea sport fc sure provide countless hour entertainment football enthusiast around globe,Recommended,2515,89.8 hrs on record,Posted: September 25,en,0.263,0.025,0.712,0.9969,Positive
play ea sport fc feel great back year hiatus,Recommended,64,23.3 hrs on record,Posted: September 25,en,0.481,0,0.519,0.7579,Positive
funny,Recommended,12,44.6 hrs on record,Posted: September 25,en,1,0,0,0.4404,Positive
overprice yearly subscription football video gamegoing freeplay certainly good option clearly are not capable produce quality pay aa game pity,Not Recommended,173,9.6 hrs on record,Posted: September 25,en,0.288,0.208,0.504,0.4966,Negative
enjoy game rush fun wish reward people online sweat sure,Recommended,86,57.4 hrs on record,Posted: September 25,en,0.752,0,0.248,0.9349,Positive
favourite game much fun ultimate team,Recommended,35,13.9 hrs on record,Posted: September 25,en,0.398,0,0.602,0.5106,Positive
thnaks ea hear fc player love game keep,Recommended,51,86.7 hrs on record,Posted: September 25,en,0.375,0,0.625,0.6369,Positive
get cat friends passing touch click like pet award good luck take point infinite pet l x,Recommended,183,281.2 hrs on record,Posted: September 25,en,0.6,0,0.4,0.9325,Positive
bit well performance,Recommended,29,215.4 hrs on record,Posted: September 25,en,0.512,0,0.488,0.2732,Positive
do not worry fix next year,Not Recommended,30,63.0 hrs on record,Posted: September 25,en,0.325,0,0.675,0.3412,Neutral
controller work properly unplayableupdate hmmsameif play pc do not botheri pay quid get one week launch till play hourstry rome worthy gameto navigate menu need keyboardtheres way controller work actually annoy combination keybord controllerwhen manage get gameis like iss felt ssame game play square action fluiditydont know bad fc amaze compare,Not Recommended,496,24.7 hrs on record,Posted: September 25,en,0.264,0.097,0.638,0.84,Negative
come back fifa let face always fifa year gameplay feel ok lot good year ago ok main issue game hour try play game two evening work id say i have probably restart time game crash switch menu screen claim objective reward go store retrieve pack annoy,Not Recommended,399,258.2 hrs on record,Posted: September 25,en,0.235,0.098,0.667,0.7783,Negative
nah ui is not serious fam take load line text image everything slow clunky every menu need button simple navigationthe gameplay literally copy previous gamepredatory business practiceshigh latency general play every move super delayed,Not Recommended,274,22.0 hrs on record,Posted: September 25,en,0.189,0.083,0.728,0.6395,Negative
last year lick new paint rush kid say look add stuff game fix game theres bug game around year honestly play efootball better every aspect except career mode play fifa career mode play football manager ea,Not Recommended,279,324.3 hrs on record,Posted: September 25,en,0.297,0,0.703,0.9022,Negative
great,Not Recommended,16,125.4 hrs on record,Posted: September 24,en,1,0,0,0.6249,Positive
ea good one thing dissapointing usstill buying game every year thoughedit i am josef stalin pro club,Not Recommended,107,34.1 hrs on record,Posted: September 24,en,0.162,0,0.838,0.4404,Negative
abysmalgot early access version game simply did not start good hardware every game steam steam run great installed fc did not start want refund steam nope click redeem early access item thing right next play button launch game silly expect aa titel start upso early access pay access full day google manage get start help ea steam whatsoever ingame menu randomly crash dosnt matter menu everything frezzes you kill restart game great test complete joke ea steam money grab,Not Recommended,602,56.9 hrs on record,Posted: September 24,en,0.182,0.128,0.69,0.6454,Negative
best game,Recommended,11,416.4 hrs on record,Posted: September 24,en,0.808,0,0.192,0.6369,Positive
love restart game every club game,Not Recommended,43,39.4 hrs on record,Posted: September 24,en,0.457,0,0.543,0.6369,Positive
fine game please ea give kylian mbapp,Recommended,42,142.4 hrs on record,Posted: September 24,en,0.451,0,0.549,0.4767,Positive
great game,Recommended,10,96.5 hrs on record,Posted: September 24,en,0.804,0,0.196,0.6249,Positive
game still look somehow felt different goalkeeper op last year fc iq team management good still could good think limitation want player behave attack defend scenario,Recommended,231,142.0 hrs on record,Posted: September 24,en,0.213,0.159,0.629,0.2023,Positive
come fifa huge improvement performance fine adjust setting graphic little detail big step never play i do not know big improvement worth far yayy,Recommended,198,24.4 hrs on record,Posted: September 24,en,0.387,0.066,0.548,0.8387,Positive
cool,Recommended,9,324.0 hrs on record,Posted: September 24,en,1,0,0,0.3182,Positive
pro club real best game mode sport game right feel like play pro rec center okay year ago,Recommended,105,52.7 hrs on record,Posted: September 24,en,0.44,0,0.56,0.875,Positive
fair feel like fc huge improvement last year gameplay feel nice fluid bit nervous get title pc i have always previous title console far good downside i have come across slight flcker display i am sure iron future update hope anyway,Recommended,284,118.2 hrs on record,Posted: September 24,en,0.395,0.077,0.527,0.9423,Positive
best,Recommended,7,223.3 hrs on record,Posted: September 24,en,1,0,0,0.6369,Positive
stuff different year however rush good game mode also add change career mode well add advanced sculpting feature new feature actually make one worth buy previous year,Recommended,197,70.5 hrs on record,Posted: September 24,en,0.279,0,0.721,0.7845,Positive
great step forward game run pretty smooth compare predecessor see make quite tweak many front bring many big new feature good choice pretty interested continue work year titlefor look pretty promising lot potentialalso rush great new game mode,Recommended,297,22.1 hrs on record,Posted: September 24,en,0.465,0,0.535,0.9779,Positive
ok,Recommended,5,87.3 hrs on record,Posted: September 24,en,1,0,0,0.296,Positive
want buy fc point will not load client overlay kind disappoint game feel like feel little slow time still alright,Recommended,136,145.8 hrs on record,Posted: September 24,en,0.342,0.1,0.558,0.6705,Positive
course massively different fc noticeable changesadditionstweaksi really like new pro club layoutredesign like gameplay feel love career mode menu redesign,Recommended,184,114.5 hrs on record,Posted: September 24,en,0.365,0,0.635,0.8685,Positive
please give hero preorder pack fifa point,Recommended,42,23.0 hrs on record,Posted: September 23,en,0.541,0,0.459,0.7096,Positive
obvious improvement last year addition youth tournament career mode great idea presentation always great press conference continue feel bore like something miss find arcadestyle gameplay bad compare pes shame is not well alternative decent football game still,Recommended,327,34.7 hrs on record,Posted: September 23,en,0.255,0.224,0.521,0.5699,Positive
improvement fc iq player act like st time play game football open space constantly team use instead player bunch goal mid field defender consistently watch ball actually intercept even playstyle complete watch ball defender does not really seem change formation tactic help fact would say make bad gamemode say fun play rush since career mode player manager exact new hud layout nothing really new sure youth playing player cool thats strongly suggest do not game future fc rework whole entire gameplay mode want buy try buy sale,Not Recommended,694,16.0 hrs on record,Posted: September 23,en,0.253,0.054,0.693,0.9426,Positive
honestly pretty good ea tho,Recommended,27,54.5 hrs on record,Posted: September 23,en,0.82,0,0.18,0.8442,Positive
ea fc good fc realistic gameplay new animation new feature improve game,Recommended,97,141.2 hrs on record,Posted: September 23,en,0.367,0,0.633,0.7003,Positive
term mechanic eafc good get new feature tactic system create different gameplay feel slow right maybe patch soon usualfor rush mode reward take minute game earn coin rush point new great experience ultimate team playersim have not play career mode hear new youth system fun recruit youth player country fun feature weve look,Recommended,427,212.1 hrs on record,Posted: September 23,en,0.288,0.03,0.682,0.9543,Positive
female barclays wsl rest female roster sell pretty cheap day think ea need real good look price againhas ui bug think i am team management i am actually i am home screen save reload game work normally againplayers sit invincible seatsonce sub player go end match camera zoom crowd instead player talk aboutso many bug,Recommended,373,225.1 hrs on record,Posted: September 23,en,0.207,0,0.793,0.91,Positive
one good recent fifa gamesbut ea bar ground rnanything would good garbage put last year fc,Recommended,123,68.9 hrs on record,Posted: September 23,en,0.293,0,0.707,0.7003,Positive
ea surprise one,Recommended,30,97.0 hrs on record,Posted: September 23,en,0.512,0,0.488,0.2732,Positive
intention get game fc bad gameplay career mode experience i have fifa game get progressively worst year keep mind saw video addition setting make curious try trial career mode heavily well new setting tactic overall flowout box gameplay absolutely horrific default simulation slider presets artificial intelligent behavior awful awful awfulbuti spend whole trial kickoff learn slider actually artificial intelligent behavior great thing ever add fifa actually get fun competitive realistic gameplay english league still test check slider tweak make ownwe want best gameplay make career mode well ea still fall short theyve give great platform year new slider career mode artificial intelligent,Recommended,822,158.6 hrs on record,Posted: September 23,en,0.251,0.134,0.615,0.9171,Positive
kick ball goal celebrate,Recommended,26,25.5 hrs on record,Posted: September 23,en,0.552,0,0.448,0.5719,Positive
really fun especially club rush fun play rush club player,Recommended,75,47.0 hrs on record,Posted: September 23,en,0.578,0,0.422,0.862,Positive
love game play year youth rush event career mode fun take time learn tactic set team simulation mode really make game feel like true football go day win professional setting struggle even connect pass one step world class new simulation mode really cut gap make game feel real,Recommended,342,19.8 hrs on record,Posted: September 23,en,0.298,0.074,0.628,0.9361,Positive
actual lovely game play especially love play football,Recommended,63,77.3 hrs on record,Posted: September 22,en,0.766,0,0.234,0.92,Positive
game good please fix volume mixer though commentator volume rush still hear theyre annoy,Recommended,123,13.3 hrs on record,Posted: September 22,en,0.272,0.152,0.576,0.3182,Positive
great game,Recommended,9,120.3 hrs on record,Posted: September 22,en,0.804,0,0.196,0.6249,Positive
improvement last couple year much clearthe added youth tournament really good idea career mode always presentation really well donepress conference still feel quite flat find arcade style gameplay really lack compare pesits shame is not real alternative decent football game thoughcant comment ultimate team i am career mode player,Recommended,379,7.3 hrs on record,Posted: September 22,en,0.15,0.099,0.751,0.4391,Positive
fun far lot bug,Recommended,21,109.8 hrs on record,Posted: September 22,en,0.524,0,0.476,0.5106,Positive
want preface say i have play fifa since fifa clear improvement fifa fc right stick switch feel smooth new visual tacticsroles much neat intuitive traditional tacticsinstructions mention new rush mode singlehandedly one best featuresgamemodes theyve release fc probably since champ gameplay right stick dribble feel smooth get past horrible delay highping matcheswith say game far perfect lot pc optimization could still make lot crash occursshould iron major bug continue release fun promos make game even freetoplayfriendly genuinely chance bring one best fifafc game come many yearsthe base game ea do not screw,Recommended,762,67.3 hrs on record,Posted: September 22,en,0.305,0.071,0.624,0.9781,Positive
actually improve lot last fc still worth,Recommended,58,9.4 hrs on record,Posted: September 22,en,0.49,0,0.51,0.5859,Positive
less glitch last year runs well overall way well optimize last year,Recommended,71,40.0 hrs on record,Posted: September 22,en,0.451,0,0.549,0.7506,Positive
pro club playerspro club feel lot well last year responsive dribbling well around upgrade have not problem invite people issue controller turn overlay ea launcher recommend someone another review would not say worth money early access friend buy great time club still fifa guy know expect,Recommended,366,74.9 hrs on record,Posted: September 22,en,0.319,0.053,0.629,0.9398,Positive
hello big problem p console work fine offline meny try play rival otehr online thing player console dotn work like go keybord even unplugged online stuff oltehrwise perfect,Recommended,242,319.0 hrs on record,Posted: September 22,en,0.292,0.118,0.59,0.7351,Positive
get fc point ultimate version anyone help,Recommended,57,17.0 hrs on record,Posted: September 22,en,0.31,0,0.69,0.4019,Positive
hi ea sport buy ultimate version did not get fc point help get please,Recommended,83,117.7 hrs on record,Posted: September 22,en,0.294,0,0.706,0.6124,Positive
actually good fifa edit nevermind good content,Not Recommended,62,146.0 hrs on record,Posted: September 22,en,0.537,0,0.463,0.7003,Positive
good fc every way good optimization able achieve decent performance boost compare fc ultra setting guy pre order fifa err mean fc every year think theyve do decent job year like one brainer,Recommended,230,8.8 hrs on record,Posted: September 22,en,0.327,0,0.673,0.9118,Positive
game fun controller support program correctly randomly crash overall game fun refreshing have not play since fifa look forward patch game make playable,Recommended,188,152.7 hrs on record,Posted: September 22,en,0.29,0.148,0.562,0.6771,Positive
rush really fun gamemode,Recommended,24,126.6 hrs on record,Posted: September 22,en,0.545,0,0.455,0.5563,Positive
really good game like wow,Recommended,24,144.6 hrs on record,Posted: September 22,en,0.83,0,0.17,0.8676,Positive
good fc bug hopefully fix within next patchseems good far though,Recommended,92,280.6 hrs on record,Posted: September 22,en,0.515,0,0.485,0.8176,Positive
big change compare fifas fcs also bug get fix much faster,Recommended,71,25.7 hrs on record,Posted: September 22,en,0,0,1,0,Positive
like picasso,Recommended,17,199.1 hrs on record,Posted: September 22,en,0.714,0,0.286,0.3612,Positive
first time get good start fut,Recommended,28,78.2 hrs on record,Posted: September 22,en,0.367,0,0.633,0.4404,Positive
quite like far feels much good eafc,Recommended,42,48.4 hrs on record,Posted: September 22,en,0.532,0,0.468,0.6901,Positive
good,Recommended,9,417.0 hrs on record,Posted: September 21,en,1,0,0,0.4404,Positive
great game mbappe score piss missle gavew grandpa heart attack pet rat yank weiner great geme,Recommended,100,25.9 hrs on record,Posted: September 21,en,0.315,0.223,0.462,0.5267,Positive
do not believe ea sell decent game perfect way well good last year lot thing improve game need animation gameplay well menu carrer coplicated do not like diferent year still do not send good game understand youth academy see name pool last year row country name offerthis year ea fc complete maybe year see ea fc feel ea fc do not get year decent something special see lot thing like last year ok bad overall need lot improvments,Recommended,661,58.3 hrs on record,Posted: September 21,en,0.223,0.08,0.696,0.9149,Positive
gameplay good good nothing special okay badgraphics masterpiece beautiful good bad awful bug none moderate lot em unplayableaudio amazing good good decent bad badaudience kid teens adult everyonestory lovely good average great nonedifficult press bunch button easy significant brain usage easy learn hard master easy difficult dark soulsgrind nothing care leaderboardsranks is not necessary progress bit grindy sometimes average grind level much grind insanitygame time short average long depend endlessprice buy worth price wait sale maybe spare money leave recommendedthe career mode change good gameplay definitely feels different lot customization ea obviously could do add new feature bugfix actually launch game every newly release game bug is not big problem overall much well game fc fix could become great game still recommend buy sale nowhere near worth dollarsi do not really care fut good shift focus away,Recommended,1116,268.8 hrs on record,Posted: September 21,en,0.355,0.133,0.511,0.9924,Positive
please buy game take minute get controller work record gameplay scroll song setting minute find gamebreaking bug close game entire thing ea fc copy favor get fc discounted price free ea play,Not Recommended,266,1.7 hrs on record,Posted: September 21,en,0.306,0,0.694,0.872,Positive
good player,Not Recommended,23,303.0 hrs on record,Posted: September 21,en,0.744,0,0.256,0.4404,Positive
controller do not work storepack page does not load properly leave option alt f spend minute load upclosing get controller work you are lucky againuntil fix update push would not recommend buying even try play yet ea joke company point,Not Recommended,275,175.9 hrs on record,Posted: September 21,en,0.191,0.047,0.761,0.6639,Negative
finally couple year good fifa game last fifa really good upgrade new game,Recommended,80,100.8 hrs on record,Posted: September 21,en,0.345,0,0.655,0.7003,Positive
unbelievable billiondollar company favorite cash cow last year prerelease could not even start game year however actually launch without issue problem controller does not work hey least start itdefinitely big improvement last release really cannot believe major company make football game theyd need get license relatively bugfree make billion football enthusiast wait leave garbage behind already,Not Recommended,488,64.1 hrs on record,Posted: September 21,en,0.197,0.019,0.784,0.8849,Negative
improvement last year mean perfect anything great enjoy,Recommended,81,145.5 hrs on record,Posted: September 21,en,0.778,0,0.222,0.9325,Positive
game magnificent despite day every detail incredible every single player masterpiece overall game people want challenge competition want put masterclass,Recommended,192,36.7 hrs on record,Posted: September 21,en,0.442,0,0.558,0.872,Positive
jokenouna thing someone say cause amusement laughter especially story funny punchlinethis game fcking joke,Not Recommended,116,64.9 hrs on record,Posted: September 21,en,0.526,0,0.474,0.8773,Negative
turkish language support,Not Recommended,33,59.2 hrs on record,Posted: September 21,en,0.574,0,0.426,0.4019,Positive
love,Recommended,9,78.5 hrs on record,Posted: September 21,en,1,0,0,0.6369,Positive
game absolutely atrocious blow mind billiondollar company cannot even bother hire single tester ensure game functional unleash hundred thousand user fact controller do not work football game beyond infuriate i have scour internet every possible solution i am game menu sure press l friend menu pops upgreat i am actually game like controller vanish thin air unacceptable get together fix mess,Not Recommended,485,345.3 hrs on record,Posted: September 21,en,0.208,0.121,0.67,0.6412,Negative
lovely game clear fc country mile,Recommended,37,179.0 hrs on record,Posted: September 21,en,0.615,0,0.385,0.7506,Positive
incredible game history ruin first impression menu work laggy glitchy discourage play whole interface look like season pas previous year version buy preorder version go back play much relief,Not Recommended,249,40.6 hrs on record,Posted: September 21,en,0.301,0.161,0.538,0.5719,Negative
fking game for freaks sake ultimate team freeze like crazyfix game ea,Not Recommended,65,56.1 hrs on record,Posted: September 21,en,0.262,0.099,0.638,0.3182,Negative
cannot even play game pc controller does not work block virtual controller like d window cannot even play game pay,Not Recommended,128,193.8 hrs on record,Posted: September 21,en,0.201,0.224,0.574,0.1114,Negative
move good fc even fps pro club change nice,Recommended,73,165.1 hrs on record,Posted: September 21,en,0.449,0,0.551,0.6908,Positive
product refundedrefunded trialling bitbasic error game clear did not even trythe walkout scene literally copy paste go regular scene play go kickoff screen second go walkout scene literally plaster patheticplay touch touch pas pas kick kick almost unchanged aud even update gameplay except added smoothnessrefereeing artificial intelligent blatantly awful give red reckless sometimes even careless foul still var important part modern game nowhere find year developmentbut hey least shirt move,Not Recommended,603,55.8 hrs on record,Posted: September 21,en,0.162,0.129,0.709,0.2081,Negative
game play need quick fix new custom tactic put ball without ball tactic allow edit one separately winger never defend even rb lb opponent go forward wing never return even midfielders never defend player never exchange position,Not Recommended,291,76.9 hrs on record,Posted: September 21,en,0.061,0.043,0.896,0.1862,Negative
good fc look promise still let see first patch,Recommended,60,254.9 hrs on record,Posted: September 21,en,0.426,0,0.574,0.6369,Positive
another year another cash grab launch ready care ea make quick buck,Not Recommended,75,74.5 hrs on record,Posted: September 21,en,0.363,0,0.637,0.6908,Negative
hero packk,Recommended,23,74.0 hrs on record,Posted: September 21,en,0.783,0,0.217,0.5574,Positive
game play well though need alt f game does not load menu cosmetic evos though think free still wait founder evos well rush quite fun squad battle revamp gameplay wise do not score goal instead instead make sense wish would introduce off to work add low rat player first gold cosmetic evo does not fully load annoy otherwise quite fun social point,Recommended,423,214.4 hrs on record,Posted: September 21,en,0.317,0.062,0.621,0.9614,Positive
do not know people gang game know get apart addition exist mode do not know p controller fiasco xbox controller layout seem fine rush fun honest pretty decent game,Recommended,218,96.6 hrs on record,Posted: September 21,en,0.383,0,0.617,0.9232,Positive
ball good last time,Recommended,25,83.0 hrs on record,Posted: September 21,en,0.492,0,0.508,0.4404,Positive
mouse cursor get stick screen interfere controllerrepeating gpu memory crash despite late nvidia driver rtx numerous ui bug example sometimes contract negotiation manager career simply word display dialogue option bemain menu freeze sometimesotherwise gameplay graphic music great,Not Recommended,332,37.1 hrs on record,Posted: September 21,en,0.126,0.064,0.81,0.3818,Negative
horrible game purchaseupdate never support company game game joke amount input issue laughable also clearly incomplete simply play career mode hour experience plethora bug,Not Recommended,232,57.0 hrs on record,Posted: September 21,en,0.264,0.178,0.558,0.1882,Negative
game clearly show improvement last year especially term performance color movement seem fluid finishing become easy rush mode surprisingly fun especially play friendshowever game still buy plan play ultimate team do not,Recommended,283,36.4 hrs on record,Posted: September 21,en,0.438,0,0.562,0.9551,Positive
alright start game visually copy paste fc little change practically impossible tell difference game menu is not really problem think expect ea cannot really speak game play much impossible play game place computer use switch pro controller like feel controller do not judge much i have never problem setup work pretty much every game however reason game seem unable register controller input example button controller function b b dpad screen shot screen shot crash game dpad nothing furthermore right dpad x dpad leave dpad start key bind problem make game literally impossible play use controller spend hour try troubleshoot everything would fix something wrong controller hasnt work respectfully please fix game stuff borderline simple fixtldr do not buy game,Not Recommended,1049,57.7 hrs on record,Posted: September 21,en,0.183,0.082,0.735,0.9135,Negative
boot game whenever get lot rush point unholy game lord mercy soul people behind crooked tactic employ game word yet many please spare,Not Recommended,191,9.5 hrs on record,Posted: September 21,en,0.186,0,0.814,0.5859,Negative
good ea fc rush massive with,Recommended,35,123.5 hrs on record,Posted: September 21,en,0.367,0,0.633,0.4404,Positive
celebration work example cole palmer celebrate work club work career mode others anyone know fix issue lemme know,Not Recommended,147,161.0 hrs on record,Posted: September 21,en,0.179,0,0.821,0.5719,Negative
yearly release really update hell even theyre pay update would not come across offensive buyer hard justify price game yearly guilty pleasure purchase thats excusethe game feel lot fluid polish fc fifa new tactic system take get use bad thing stretch slight graphical performance improvement tooits fun keep mind multiplayer script ie ea dictate whether artificial intelligent rng team want shaft fly middle matchother theres much else say fifa game alternative pe recommend ignore egregious priceedit literally second post softlocked game go open pack lmaoedit top review game literally copypasted line mine thats funny man,Recommended,835,108.4 hrs on record,Posted: September 21,en,0.199,0.137,0.664,0.7581,Positive
want say do not waste money game unplayable stutter like crazy p controller difficulty etc waisted around hour try fix messlast time buy fifa game get except mess fc game spec run fineif could give wouldi game steam never struggle bad cannot even get refundlost customer evernorefund,Not Recommended,355,6.0 hrs on record,Posted: September 21,en,0.191,0.162,0.646,0.164,Negative
thank god did not pay thing even graphic well still even use controller,Not Recommended,127,1.2 hrs on record,Posted: September 21,en,0.47,0,0.53,0.7181,Negative
game will not launchi tire method uninstall ea anticheatturn secure boot still stick logo fc force close,Not Recommended,113,166.0 hrs on record,Posted: September 21,en,0.13,0,0.87,0.34,Negative
ea post resolve controller issue fix enable playstation controller game wo support steam settingsthe game definitely feel smooth fc minimal change outside core game do not think worth full price feel like update fc,Recommended,288,58.2 hrs on record,Posted: September 21,en,0.255,0.04,0.704,0.8331,Positive
expect love wide screen,Recommended,33,11.0 hrs on record,Posted: September 21,en,0.583,0,0.417,0.6369,Positive
controller support advertise non existanton top game exact replica previous iteration even commentry exact copy come beforeif eafc already eafc minus new kit,Not Recommended,207,12.7 hrs on record,Posted: September 21,en,0.176,0,0.824,0.5423,Negative
preordered ultimate edition did not get guaranteed hero pack dear ea please never bring garbage like id rather stomp wall toothpick toenail play game keep buying game every year untill deathbed,Recommended,240,425.8 hrs on record,Posted: September 21,en,0.19,0.131,0.678,0.3107,Positive
ill short usually garbage game feel like i am play beta gamelots bug like every year price get high high price problem perfect game expensive price game bad game get definitely last game buy ea,Not Recommended,269,74.0 hrs on record,Posted: September 21,en,0.283,0.184,0.533,0.5859,Negative
anyone wondering early access worth read horror menu ut switch store transfer market however greet big grey square instantly f game way deal windows key close game play match far still spend time reload game actually play way,Not Recommended,346,53.0 hrs on record,Posted: September 21,en,0.227,0.082,0.69,0.5423,Negative
i have purchase ultimate edition play game early yet nintendo switch controller does not work therefore cannot play game controller is not configurated properly game riddle bug last year play game steam controller problem year different please do not buy game situation use nintendo switch controller steam,Not Recommended,365,93.0 hrs on record,Posted: September 21,en,0.179,0.051,0.771,0.7003,Negative
game onoff moment part wellrounded bearable new year series itselfthe issue face random disconnection online server claim objective pack sbc reward store page completely bug make restart gameother sit back relax yet another year tryhards div rival champ,Recommended,345,47.2 hrs on record,Posted: September 21,en,0.217,0,0.783,0.8658,Positive
buy plan play club cannot play single game match will not find freezeslags crash ea never allow early release incomplete insane get response ea also impossible customer service almost nonexistent cannot wait okay fifa come stressful cannot play single game friend spent damn near find single match,Not Recommended,362,215.9 hrs on record,Posted: September 21,en,0.205,0.195,0.6,0.1596,Negative
first day alredy want kms,Recommended,23,9.7 hrs on record,Posted: September 21,en,0.245,0,0.755,0.0772,Positive
oh god will not believe boring always long time,Not Recommended,74,4.6 hrs on record,Posted: September 21,en,0.367,0,0.633,0.47,Negative
receive hero pack fc point pre order fc ultimate edition th august still receive item,Recommended,104,185.6 hrs on record,Posted: September 21,en,0.205,0,0.795,0.5574,Positive
best,Recommended,7,69.3 hrs on record,Posted: September 21,en,1,0,0,0.6369,Positive
bad fifa year grey pitch try play match line glitchy background card team selection id request refund allow cannot ea make you redeem ultimate prize go steam refund policy unfinished game,Not Recommended,232,118.0 hrs on record,Posted: September 21,en,0.23,0.091,0.679,0.5106,Negative
gtx okay gb ram mi game lagin,Not Recommended,49,23.9 hrs on record,Posted: September 21,en,0.241,0,0.759,0.2263,Negative
good gameplay thumb ea release first patch destroy beautiful gameplay always do one good thing current gameplay p controller support finally everything smooth glitch,Not Recommended,236,86.9 hrs on record,Posted: September 21,en,0.366,0.103,0.531,0.836,Positive
brfore startsall leaks pw method apply game please stay away,Not Recommended,86,49.6 hrs on record,Posted: September 21,en,0.204,0,0.796,0.3182,Negative
bug currently pc expect ea play game full release like fc like say goodbye dollarr,Recommended,133,174.5 hrs on record,Posted: September 21,en,0.381,0,0.619,0.7506,Positive
complete cash grab still i am change review positive one good luck pack ea god,Recommended,87,75.6 hrs on record,Posted: September 21,en,0.537,0,0.463,0.891,Positive
people issue playstation controller work make sure game close open ea app open menu top left setting switch application tab scroll disable ea overlayrestart game controller work work,Recommended,232,173.4 hrs on record,Posted: September 21,en,0.136,0,0.864,0.4767,Positive
issue launch day game run well gameplay generally really good,Recommended,78,109.3 hrs on record,Posted: September 21,en,0.398,0,0.602,0.6478,Positive
i do not know whats new honestly except menu do not really like complicate unnecessary shi,Not Recommended,85,10.3 hrs on record,Posted: September 21,en,0.164,0.127,0.709,0.1712,Negative
ultimate coin reward horrible launch,Not Recommended,75,131.9 hrs on record,Posted: September 21,en,0.363,0.343,0.294,0.0516,Negative
another day ea ea thingsterrible controller support glitch half time take minute load second half career mode screen glitch save go back againso many bug fix charge dollar buy game you are go charge much least finish game release,Not Recommended,300,22.1 hrs on record,Posted: September 21,en,0.138,0,0.862,0.7096,Negative
excite playopen game play ultimate teamno ut coin hero packonly purchasable currencyi see enough point deduction everton,Not Recommended,149,14.0 hrs on record,Posted: September 21,en,0.394,0,0.606,0.8442,Negative
game is not finish different screen overlap unable get objective menu game freeze claim reward objective black screen play moment chip shot i have restart game time already play hoursonly save way claim reward web app instal fc enhancer chrome extension exit game first i am shake head hard,Not Recommended,390,385.0 hrs on record,Posted: September 21,en,0.283,0.053,0.664,0.926,Negative
untested break release like every year imagine profit margin whilst incompetent must like win lottery shamble like input lag scripting cash grab game,Not Recommended,196,1.5 hrs on record,Posted: September 21,en,0.398,0.154,0.448,0.8271,Negative
game get much well last updates think much well old fc,Recommended,87,282.5 hrs on record,Posted: September 21,en,0.318,0,0.682,0.4939,Positive
imagine would beta controller support pc football game eventually release game support xbox controller day age stupid indie game capable support controllerthen you will post announcement state you are aware issue go silent follow hoursthis billion dollar company shame,Not Recommended,341,177.5 hrs on record,Posted: September 21,en,0.213,0.129,0.657,0.4939,Negative
cool,Recommended,4,107.2 hrs on record,Posted: September 20,en,1,0,0,0.3182,Positive
way mutch lag play rival game online fcyou get delay playinglagand game do feel good compare others fifa game fc game,Not Recommended,149,127.8 hrs on record,Posted: September 20,en,0.196,0.174,0.63,0.1531,Negative
good buyy,Recommended,14,70.7 hrs on record,Posted: September 20,en,0.744,0,0.256,0.4404,Positive
need psychological help instead buy fifa every year,Recommended,50,15.3 hrs on record,Posted: September 20,en,0.278,0,0.722,0.4019,Positive
game identical do not buy do not understand people stupid make game every year still sad funny thing people still give money first game rival play guy rating team please refund game go play fc worth exploit,Not Recommended,295,0.3 hrs on record,Posted: September 20,en,0.305,0.093,0.602,0.8472,Negative
know exactly you are get buy new fc fifa game game work well football love football love play simple eye worth,Recommended,140,93.6 hrs on record,Posted: September 20,en,0.481,0,0.519,0.93,Positive
simply enough word describe delight masterpieceanother version amazing football simulator genius game development electronic art always care gamers quality product never cease amaze year year innovation stun graphic incredible animation football atmosphere spirit competition football simulator feel like sasha gray coach goalkeeper referee street professional football player even fan front tv catch another disconnect controlleradvantages script handicap excellent connection amaze optimization performance excellent physic excellent work artificial intelligent online mode singleplayer mode let get bore absence friend internet incredibly interesting game plot touch story main character even improved defense system game become difficult master require lot concentration thinking understand principle operation realize wellthoughtout easy manage become especially predict action opponent stun graphic draw every blade grass lawn football uniforms face player seem real want get autograph game incredibly develop strategic thinking intelligence general every hour spend fc increasingly feel incredible tone every convolution brain like chess much cooler interesting modern fun bug lag freezes crash never see ping high ms huge number multicolored goal net presence pink marking football field exclusive opportunity mow van dijk tackle control strong independent woman cm tall even break legdisadvantagesunfortunately find game launch without dance tambourine download launch flew ut everyone feed lazyi definitely recommend masterpiece everyone ordinary person football fan suit child old people girl woman feebleminded disabledfc incredible experience impression emotion atmosphere look forward buy fc already start save money preorder,Not Recommended,2147,213.4 hrs on record,Posted: September 20,en,0.309,0.055,0.635,0.9969,Positive
great game,Recommended,9,98.3 hrs on record,Posted: September 20,en,0.804,0,0.196,0.6249,Positive
love work perfect xbox controller good optimisation,Recommended,54,23.5 hrs on record,Posted: September 20,en,0.817,0,0.183,0.9246,Positive
actually consider ok game menu fine gameplay expect career mode optimize lot quite nice ultimate team already destroy sell okay okay pack release shop,Recommended,224,99.9 hrs on record,Posted: September 20,en,0.407,0.101,0.491,0.8221,Positive
always crash could play single game game crash every work fine will not crash controller bug would press button would something else great job ea great game refund buy save time money,Not Recommended,209,0.6 hrs on record,Posted: September 20,en,0.327,0.17,0.503,0.8176,Negative
rush awesome,Recommended,21,52.6 hrs on record,Posted: September 20,en,0.804,0,0.196,0.6249,Positive
really buggy ofcourse need improvement need change spl kit aswell scoreboard sometimes i am playing theres huge white light screen sometimes launch game completely black screen simply do not like new highlight replay do not get wrong cool feature miss rewind instant replay one menu want replay goal use rewind shortcut bring instant replay start live point is not even feature think,Not Recommended,465,95.9 hrs on record,Posted: September 20,en,0.155,0.109,0.736,0.5017,Negative
take one year release game zero time spend quality test controller dose work ea even play game,Not Recommended,114,52.8 hrs on record,Posted: September 20,en,0.13,0,0.87,0.34,Negative
ea sport fc mark new chapter football gaming ea sport rebranding fifa series game feature smooth gameplay improved player movement ball physic tactical depth key mode like ultimate team career mode pro club revamp new feature offer flexibility immersion visually game boast nextgen graphic enhance stadium realistic player model official license global league new partnership ea sport fc delivers exciting fresh football experience fan,Recommended,493,295.6 hrs on record,Posted: September 20,en,0.214,0,0.786,0.93,Positive
worth make question life choice dribble like toddler roller skate,Not Recommended,87,469.0 hrs on record,Posted: September 20,en,0.355,0,0.645,0.5267,Negative
trouble get preorder content point appear use link confused nothing tell redeem themwhoever issue miss reward ultimate edition buy steam please go link able claim reward,Recommended,305,65.3 hrs on record,Posted: September 20,en,0.267,0.182,0.551,0.6249,Positive
goodd even get point hero pack hahaha eafc,Not Recommended,57,188.3 hrs on record,Posted: September 20,en,0.545,0,0.455,0.802,Positive
despite controller issue early access ea innovate improve game lot yearthe rush mode replace volta fun playinmatches tactical design much varied beforehighlighter unnecessarily overcomplicatedbest year since fifa,Recommended,246,51.6 hrs on record,Posted: September 20,en,0.281,0,0.719,0.8555,Positive
fix controller input steam press game fc right side see controller icon press window pop top window need disable input get fixed,Recommended,184,30.7 hrs on record,Posted: September 20,en,0.079,0,0.921,0.2023,Positive
i am backjust think cool ea pr man provide ya slav boy review copy ea sport fc tenk i am back grind smexy card sbcs funfor review ill talk change cuz thats mode main like every year good bad far really like gameplay feel despite tiny bit clunkyim love year brainless pressure leave gap defense use midfielder rely artificial intelligent defender rest defend take actual skill learn play heck stop get fill kink also commit intentional foul drag ground use wisely zap momentum opponent attackbut know attack sexy new additionswe get did not play previous game new super skillreliant gameplay mechanic spend time learn use may end rip defense open like indian food theres also somewhere manual assist allow control place ballsbut deliver precise pas space remove cobweb goal corner are not gameplay change staple year remove last year instead get far i am love affect gameplay meaningful way trait two level base gold make difference master header apprentice easily noticeable playstyles give player personality strength stand least mehowever big improvement year may say iq potato play game year year vodka make potato real loser anyway fc iq fancy term role player perform pitch well well depend familiarity player assigned role either none master worldclassthe concept indeed amazing execution bit lacking depth least still love tho role pro con affect player act pitch hope ea expand system add option player use make team tacticsdo note fix possibility player play positionrole without issue love i am tire see outofposition player perform good someone dedicate whole career one spot lb experience playing cb play excellent thereim currently rock sexy yugoslavia team sturdy attheback fullback push whenever team go attack mode provide great support wingsbut gotta talk short system yet another thing introduce previous entry get play god people do not want meta crap dream yugoslavia elite dream possible evos release year offer way improve nonmeta player maybe find hidden gemsive heard compare last year evo improve specifically restriction requirement bit relaxed thats nice i have already boost four different poor player good card free one evo require coin expect future also give moro dude insane stat boost role far i am bricked anytime see new evo hope let you use evo change pick ea make fun pleasebut grindsquad battle game half last minute use reward well like change ut champ see many do not qualify game punish less skilled player in my opinion keep game go weekend league qualification game like division rival also get newold change earn point reward level reward level reward win best reward division offer much good consider div onward rank week get totw playerso overall like grind overhaul does not feel overwhelming anymore effort go unrewarded since untradeable reward ea finally give you way store untradeable duplicate say hello convenient way store use dupe sbcs instead pointlessly discard themthe new mode jam tho basically volta v game mode defense suggestion people do not seem know allow pass ball others suggest play friend randos probably enjoyable mode lack reward incentive want play yeah objective eh really worth grind in my opinion maybe evo two shall seenow bit complainingthe menu ui heck feel weird control hope see improvement next game listtype menu does not work least much waste action unintuitive simple clear easy understand menu guess minimalism take toll bad ui ux designthere also weird menu bug often get lock anything game froze restart quite bit controller issue see guide still present since day kinda give many people sour taste especially buy game early accesso yeah thats say love game people know know favorite game time i am super football nerd either like sbc stuff play unique cardsteams grindgameplay loop fun dunno like play ball guesswith say i am going to head nowmy yugoslavia brother call reach division oh forget mention i am creamingsee ya football cowboystitle update fix controller issue still issue check guide fix hope help,Recommended,5463,346.2 hrs on record,Posted: September 20,en,0.314,0.068,0.619,0.9996,Positive
game crash min without error messageps controller work lucky enoughthanks release nothing ea,Not Recommended,110,144.2 hrs on record,Posted: September 20,en,0.285,0.152,0.563,0.3309,Negative
please help controller does not work,Not Recommended,30,16.1 hrs on record,Posted: September 20,en,0.556,0,0.444,0.6124,Negative
company play p controller x button start button button share button buy ultimate edition nothing play game,Not Recommended,189,211.1 hrs on record,Posted: September 20,en,0.368,0,0.632,0.7184,Negative
hey ea please play year long franchise controller without wait update month thanks,Not Recommended,108,30.9 hrs on record,Posted: September 20,en,0.432,0,0.568,0.765,Negative
know contact company email i have try play binding controller mess start button x button x button joystick anyone help problem cause think app please update asap cause function buy ultimate edition cannot play early,Not Recommended,297,178.8 hrs on record,Posted: September 20,en,0.276,0.125,0.6,0.6486,Negative
launch game could not even press press start button controller continue abxy control map dpad button trigger map abxy button right trigger pass left trigger cross ea ultimate edition treat player like awful start already,Not Recommended,289,194.0 hrs on record,Posted: September 20,en,0.129,0.075,0.796,0.296,Negative
game cool not going to lie girlfriend leave play game long recommend play you female,Recommended,105,8.2 hrs on record,Posted: September 20,en,0.462,0.058,0.481,0.8126,Positive
initial thought gotta say movement much fluid responsive worth price hell like good update previous fc,Recommended,126,270.7 hrs on record,Posted: September 20,en,0.386,0.181,0.433,0.4939,Positive